assertion_id,pathway_id,node_ref,element_type,element_name,slot,mods,mode,flags,assertion_class,schedule_bearing,library_value
tchp:n0:agents,tchp,n0,phase,Docetaxel + carboplatin + trastuzumab + pertuzumab (TCHP),Phase 1 (Chemotherapy; Targeted therapy; cycles),Chemotherapy; Targeted therapy,cycles,,agents,Y,Docetaxel + carboplatin + trastuzumab + pertuzumab (TCHP) [Docetaxel + carbo + HER2 antibodies] {Chemotherapy; Targeted therapy}
tchp:n0:cycle_length,tchp,n0,phase,Docetaxel + carboplatin + trastuzumab + pertuzumab (TCHP),Phase 1 (Chemotherapy; Targeted therapy; cycles),Chemotherapy; Targeted therapy,cycles,,cycle_length,Y,21 days
tchp:n0:n_cycles,tchp,n0,phase,Docetaxel + carboplatin + trastuzumab + pertuzumab (TCHP),Phase 1 (Chemotherapy; Targeted therapy; cycles),Chemotherapy; Targeted therapy,cycles,,n_cycles,Y,6
tchp:n1:interval_duration,tchp,n1,interval,Recovery before surgery,Interval: Recovery before surgery,,,,interval_duration,Y,4 weeks (Recovery before surgery)
tchp:n2:procedure_identity,tchp,n2,procedure,Surgery,Procedure (Surgery),Surgery,,,procedure_identity,N,Surgery {Surgery}
tchp:n3:interval_duration,tchp,n3,interval,Healing after surgery,Interval: Healing after surgery,,,,interval_duration,Y,4 weeks (Healing after surgery)
tchp:n4:decision_condition,tchp,n4,decision,Pathology results,Decision 1,,,,decision_condition,N,What did the pathology report show?
tchp:n4:branch_set,tchp,n4,decision,Pathology results,Decision 1,,,,branch_set,N,No remaining cancer (complete response) | Some cancer remained
tchp:n4.b0.n0:agents,tchp,n4.b0.n0,phase,Trastuzumab + pertuzumab,Phase 2 (Targeted therapy; cycles) [branch: No remaining cancer (complete response)],Targeted therapy,cycles,,agents,Y,Trastuzumab + pertuzumab [HER2 antibodies (HP)] {Targeted therapy} [branch: No remaining cancer (complete response)]
tchp:n4.b0.n0:cycle_length,tchp,n4.b0.n0,phase,Trastuzumab + pertuzumab,Phase 2 (Targeted therapy; cycles) [branch: No remaining cancer (complete response)],Targeted therapy,cycles,,cycle_length,Y,21 days
tchp:n4.b0.n0:n_cycles,tchp,n4.b0.n0,phase,Trastuzumab + pertuzumab,Phase 2 (Targeted therapy; cycles) [branch: No remaining cancer (complete response)],Targeted therapy,cycles,,n_cycles,Y,11
tchp:n4.b0.n1:agents,tchp,n4.b0.n1,phase,Radiation (if recommended),Phase 3 (Radiation; weekdays) [branch: No remaining cancer (complete response)],Radiation,weekdays,optional; concurrent,agents,Y,Radiation (if recommended) [Radiation] {Radiation} [branch: No remaining cancer (complete response)]
tchp:n4.b0.n2:agents,tchp,n4.b0.n2,phase,"Hormone (endocrine) therapy, if hormone-receptor positive",Phase 4 (Hormone (endocrine) therapy; daily) [branch: No remaining cancer (complete response)],Hormone (endocrine) therapy,daily,optional; off by default; concurrent,agents,Y,"Hormone (endocrine) therapy, if hormone-receptor positive [Hormone tablet] {Hormone (endocrine) therapy} [branch: No remaining cancer (complete response)]"
tchp:n4.b0.n2:duration,tchp,n4.b0.n2,phase,"Hormone (endocrine) therapy, if hormone-receptor positive",Phase 4 (Hormone (endocrine) therapy; daily) [branch: No remaining cancer (complete response)],Hormone (endocrine) therapy,daily,optional; off by default; concurrent,duration,Y,260 weeks (daily)
tchp:n4.b1.n0:agents,tchp,n4.b1.n0,phase,Trastuzumab deruxtecan (Enhertu) or trastuzumab emtansine (Kadcyla),Phase 5 (Targeted therapy; cycles) [branch: Some cancer remained],Targeted therapy,cycles,,agents,Y,Trastuzumab deruxtecan (Enhertu) or trastuzumab emtansine (Kadcyla) [Enhertu or Kadcyla] {Targeted therapy} [branch: Some cancer remained]
tchp:n4.b1.n0:cycle_length,tchp,n4.b1.n0,phase,Trastuzumab deruxtecan (Enhertu) or trastuzumab emtansine (Kadcyla),Phase 5 (Targeted therapy; cycles) [branch: Some cancer remained],Targeted therapy,cycles,,cycle_length,Y,21 days
tchp:n4.b1.n0:n_cycles,tchp,n4.b1.n0,phase,Trastuzumab deruxtecan (Enhertu) or trastuzumab emtansine (Kadcyla),Phase 5 (Targeted therapy; cycles) [branch: Some cancer remained],Targeted therapy,cycles,,n_cycles,Y,14
tchp:n4.b1.n1:agents,tchp,n4.b1.n1,phase,Radiation (if recommended),Phase 6 (Radiation; weekdays) [branch: Some cancer remained],Radiation,weekdays,optional; concurrent,agents,Y,Radiation (if recommended) [Radiation] {Radiation} [branch: Some cancer remained]
tchp:n4.b1.n2:agents,tchp,n4.b1.n2,phase,"Hormone (endocrine) therapy, if hormone-receptor positive",Phase 7 (Hormone (endocrine) therapy; daily) [branch: Some cancer remained],Hormone (endocrine) therapy,daily,optional; off by default; concurrent,agents,Y,"Hormone (endocrine) therapy, if hormone-receptor positive [Hormone tablet] {Hormone (endocrine) therapy} [branch: Some cancer remained]"
tchp:n4.b1.n2:duration,tchp,n4.b1.n2,phase,"Hormone (endocrine) therapy, if hormone-receptor positive",Phase 7 (Hormone (endocrine) therapy; daily) [branch: Some cancer remained],Hormone (endocrine) therapy,daily,optional; off by default; concurrent,duration,Y,260 weeks (daily)
tchp:pathway:sequence,tchp,pathway,pathway,"TCHP, surgery, trastuzumab + pertuzumab",Sequence of steps,,,,sequence,N,"Docetaxel + carboplatin + trastuzumab + pertuzumab (TCHP) -> Recovery before surgery -> Surgery -> Healing after surgery -> Decision(Pathology results){No remaining cancer (complete response): [Trastuzumab + pertuzumab -> Radiation (if recommended) -> Hormone (endocrine) therapy, if hormone-receptor positive]; Some cancer remained: [Trastuzumab deruxtecan (Enhertu) or trastuzumab emtansine (Kadcyla) -> Radiation (if recommended) -> Hormone (endocrine) therapy, if hormone-receptor positive]}"
genomic:n0:procedure_identity,genomic,n0,procedure,Surgery,Procedure (Surgery),Surgery,,,procedure_identity,N,Surgery {Surgery}
genomic:n1:interval_duration,genomic,n1,interval,Healing and test results,Interval: Healing and test results,,,,interval_duration,Y,4 weeks (Healing and test results)
genomic:n2:decision_condition,genomic,n2,decision,Genomic test result,Decision 1,,,,decision_condition,N,What did the gene-expression test show?
genomic:n2:branch_set,genomic,n2,decision,Genomic test result,Decision 1,,,,branch_set,N,Chemotherapy would be beneficial | Chemotherapy would not add benefit
genomic:n2.b0.n0:agents,genomic,n2.b0.n0,phase,Chemotherapy (docetaxel + cyclophosphamide),Phase 1 (Chemotherapy; cycles) [branch: Chemotherapy would be beneficial],Chemotherapy,cycles,optional,agents,Y,Chemotherapy (docetaxel + cyclophosphamide) [Docetaxel + cyclophosphamide] {Chemotherapy} [branch: Chemotherapy would be beneficial]
genomic:n2.b0.n0:cycle_length,genomic,n2.b0.n0,phase,Chemotherapy (docetaxel + cyclophosphamide),Phase 1 (Chemotherapy; cycles) [branch: Chemotherapy would be beneficial],Chemotherapy,cycles,optional,cycle_length,Y,21 days
genomic:n2.b0.n0:n_cycles,genomic,n2.b0.n0,phase,Chemotherapy (docetaxel + cyclophosphamide),Phase 1 (Chemotherapy; cycles) [branch: Chemotherapy would be beneficial],Chemotherapy,cycles,optional,n_cycles,Y,4
genomic:n2.b0.n1:agents,genomic,n2.b0.n1,phase,Chemotherapy (dose-dense AC then paclitaxel),Phase 2 (Chemotherapy; cycles) [branch: Chemotherapy would be beneficial],Chemotherapy,cycles,optional; off by default,agents,Y,Chemotherapy (dose-dense AC then paclitaxel) [ddAC then paclitaxel] {Chemotherapy} [branch: Chemotherapy would be beneficial]
genomic:n2.b0.n1:cycle_length,genomic,n2.b0.n1,phase,Chemotherapy (dose-dense AC then paclitaxel),Phase 2 (Chemotherapy; cycles) [branch: Chemotherapy would be beneficial],Chemotherapy,cycles,optional; off by default,cycle_length,Y,14 days
genomic:n2.b0.n1:n_cycles,genomic,n2.b0.n1,phase,Chemotherapy (dose-dense AC then paclitaxel),Phase 2 (Chemotherapy; cycles) [branch: Chemotherapy would be beneficial],Chemotherapy,cycles,optional; off by default,n_cycles,Y,8
genomic:n2.b0.n2:agents,genomic,n2.b0.n2,phase,Radiation (if recommended),Phase 3 (Radiation; weekdays) [branch: Chemotherapy would be beneficial],Radiation,weekdays,optional,agents,Y,Radiation (if recommended) [Radiation] {Radiation} [branch: Chemotherapy would be beneficial]
genomic:n2.b0.n3:agents,genomic,n2.b0.n3,phase,Hormone (endocrine) therapy,Phase 4 (Hormone (endocrine) therapy; daily) [branch: Chemotherapy would be beneficial],Hormone (endocrine) therapy,daily,,agents,Y,Hormone (endocrine) therapy [Hormone tablet] {Hormone (endocrine) therapy} [branch: Chemotherapy would be beneficial]
genomic:n2.b0.n3:duration,genomic,n2.b0.n3,phase,Hormone (endocrine) therapy,Phase 4 (Hormone (endocrine) therapy; daily) [branch: Chemotherapy would be beneficial],Hormone (endocrine) therapy,daily,,duration,Y,260 weeks (daily)
genomic:n2.b0.n4:agents,genomic,n2.b0.n4,phase,"Abemaciclib (Verzenio), if higher-risk",Phase 5 (Targeted therapy; daily) [branch: Chemotherapy would be beneficial],Targeted therapy,daily,optional; off by default; concurrent,agents,Y,"Abemaciclib (Verzenio), if higher-risk [Abemaciclib] {Targeted therapy} [branch: Chemotherapy would be beneficial]"
genomic:n2.b0.n4:duration,genomic,n2.b0.n4,phase,"Abemaciclib (Verzenio), if higher-risk",Phase 5 (Targeted therapy; daily) [branch: Chemotherapy would be beneficial],Targeted therapy,daily,optional; off by default; concurrent,duration,Y,104 weeks (daily)
genomic:n2.b0.n5:agents,genomic,n2.b0.n5,phase,"Ribociclib (Kisqali), if higher-risk",Phase 6 (Targeted therapy; daily) [branch: Chemotherapy would be beneficial],Targeted therapy,daily,optional; off by default; concurrent,agents,Y,"Ribociclib (Kisqali), if higher-risk [Ribociclib] {Targeted therapy} [branch: Chemotherapy would be beneficial]"
genomic:n2.b0.n5:duration,genomic,n2.b0.n5,phase,"Ribociclib (Kisqali), if higher-risk",Phase 6 (Targeted therapy; daily) [branch: Chemotherapy would be beneficial],Targeted therapy,daily,optional; off by default; concurrent,duration,Y,156 weeks (daily)
genomic:n2.b1.n0:agents,genomic,n2.b1.n0,phase,Radiation (if recommended),Phase 7 (Radiation; weekdays) [branch: Chemotherapy would not add benefit],Radiation,weekdays,optional,agents,Y,Radiation (if recommended) [Radiation] {Radiation} [branch: Chemotherapy would not add benefit]
genomic:n2.b1.n1:agents,genomic,n2.b1.n1,phase,Hormone (endocrine) therapy,Phase 8 (Hormone (endocrine) therapy; daily) [branch: Chemotherapy would not add benefit],Hormone (endocrine) therapy,daily,,agents,Y,Hormone (endocrine) therapy [Hormone tablet] {Hormone (endocrine) therapy} [branch: Chemotherapy would not add benefit]
genomic:n2.b1.n1:duration,genomic,n2.b1.n1,phase,Hormone (endocrine) therapy,Phase 8 (Hormone (endocrine) therapy; daily) [branch: Chemotherapy would not add benefit],Hormone (endocrine) therapy,daily,,duration,Y,260 weeks (daily)
genomic:n2.b1.n2:agents,genomic,n2.b1.n2,phase,"Abemaciclib (Verzenio), if higher-risk",Phase 9 (Targeted therapy; daily) [branch: Chemotherapy would not add benefit],Targeted therapy,daily,optional; off by default; concurrent,agents,Y,"Abemaciclib (Verzenio), if higher-risk [Abemaciclib] {Targeted therapy} [branch: Chemotherapy would not add benefit]"
genomic:n2.b1.n2:duration,genomic,n2.b1.n2,phase,"Abemaciclib (Verzenio), if higher-risk",Phase 9 (Targeted therapy; daily) [branch: Chemotherapy would not add benefit],Targeted therapy,daily,optional; off by default; concurrent,duration,Y,104 weeks (daily)
genomic:n2.b1.n3:agents,genomic,n2.b1.n3,phase,"Ribociclib (Kisqali), if higher-risk",Phase 10 (Targeted therapy; daily) [branch: Chemotherapy would not add benefit],Targeted therapy,daily,optional; off by default; concurrent,agents,Y,"Ribociclib (Kisqali), if higher-risk [Ribociclib] {Targeted therapy} [branch: Chemotherapy would not add benefit]"
genomic:n2.b1.n3:duration,genomic,n2.b1.n3,phase,"Ribociclib (Kisqali), if higher-risk",Phase 10 (Targeted therapy; daily) [branch: Chemotherapy would not add benefit],Targeted therapy,daily,optional; off by default; concurrent,duration,Y,156 weeks (daily)
genomic:pathway:sequence,genomic,pathway,pathway,"Surgery, genomic test (Oncotype DX / MammaPrint), then chemotherapy only if the test shows benefit (choose TC or dose-dense AC-T)",Sequence of steps,,,,sequence,N,"Surgery -> Healing and test results -> Decision(Genomic test result){Chemotherapy would be beneficial: [Chemotherapy (docetaxel + cyclophosphamide) -> Chemotherapy (dose-dense AC then paclitaxel) -> Radiation (if recommended) -> Hormone (endocrine) therapy -> Abemaciclib (Verzenio), if higher-risk -> Ribociclib (Kisqali), if higher-risk]; Chemotherapy would not add benefit: [Radiation (if recommended) -> Hormone (endocrine) therapy -> Abemaciclib (Verzenio), if higher-risk -> Ribociclib (Kisqali), if higher-risk]}"
db11:n0:agents,db11,n0,phase,Trastuzumab deruxtecan (Enhertu),Phase 1 (Targeted therapy; cycles),Targeted therapy,cycles,,agents,Y,Trastuzumab deruxtecan (Enhertu) [Enhertu (T-DXd)] {Targeted therapy}
db11:n0:cycle_length,db11,n0,phase,Trastuzumab deruxtecan (Enhertu),Phase 1 (Targeted therapy; cycles),Targeted therapy,cycles,,cycle_length,Y,21 days
db11:n0:n_cycles,db11,n0,phase,Trastuzumab deruxtecan (Enhertu),Phase 1 (Targeted therapy; cycles),Targeted therapy,cycles,,n_cycles,Y,4
db11:n1:agents,db11,n1,phase,Paclitaxel + trastuzumab + pertuzumab (THP),Phase 2 (Chemotherapy; Targeted therapy; cycles),Chemotherapy; Targeted therapy,cycles,,agents,Y,Paclitaxel + trastuzumab + pertuzumab (THP) [Paclitaxel + HER2 antibodies] {Chemotherapy; Targeted therapy}
db11:n1:cycle_length,db11,n1,phase,Paclitaxel + trastuzumab + pertuzumab (THP),Phase 2 (Chemotherapy; Targeted therapy; cycles),Chemotherapy; Targeted therapy,cycles,,cycle_length,Y,21 days
db11:n1:n_cycles,db11,n1,phase,Paclitaxel + trastuzumab + pertuzumab (THP),Phase 2 (Chemotherapy; Targeted therapy; cycles),Chemotherapy; Targeted therapy,cycles,,n_cycles,Y,4
db11:n1:visit_days,db11,n1,phase,Paclitaxel + trastuzumab + pertuzumab (THP),Phase 2 (Chemotherapy; Targeted therapy; cycles),Chemotherapy; Targeted therapy,cycles,,visit_days,Y,"day 1: Paclitaxel, trastuzumab, and pertuzumab | day 8: Paclitaxel | day 15: Paclitaxel"
db11:n2:interval_duration,db11,n2,interval,Recovery before surgery,Interval: Recovery before surgery,,,,interval_duration,Y,4 weeks (Recovery before surgery)
db11:n3:procedure_identity,db11,n3,procedure,Surgery,Procedure (Surgery),Surgery,,,procedure_identity,N,Surgery {Surgery}
db11:n4:interval_duration,db11,n4,interval,Healing after surgery,Interval: Healing after surgery,,,,interval_duration,Y,4 weeks (Healing after surgery)
db11:n5:decision_condition,db11,n5,decision,Pathology results,Decision 1,,,,decision_condition,N,What did the pathology report show?
db11:n5:branch_set,db11,n5,decision,Pathology results,Decision 1,,,,branch_set,N,No remaining cancer (complete response) | Some cancer remained
db11:n5.b0.n0:agents,db11,n5.b0.n0,phase,Trastuzumab + pertuzumab,Phase 3 (Targeted therapy; cycles) [branch: No remaining cancer (complete response)],Targeted therapy,cycles,,agents,Y,Trastuzumab + pertuzumab [HER2 antibodies (HP)] {Targeted therapy} [branch: No remaining cancer (complete response)]
db11:n5.b0.n0:cycle_length,db11,n5.b0.n0,phase,Trastuzumab + pertuzumab,Phase 3 (Targeted therapy; cycles) [branch: No remaining cancer (complete response)],Targeted therapy,cycles,,cycle_length,Y,21 days
db11:n5.b0.n0:n_cycles,db11,n5.b0.n0,phase,Trastuzumab + pertuzumab,Phase 3 (Targeted therapy; cycles) [branch: No remaining cancer (complete response)],Targeted therapy,cycles,,n_cycles,Y,9
db11:n5.b0.n1:agents,db11,n5.b0.n1,phase,Radiation (if recommended),Phase 4 (Radiation; weekdays) [branch: No remaining cancer (complete response)],Radiation,weekdays,optional; concurrent,agents,Y,Radiation (if recommended) [Radiation] {Radiation} [branch: No remaining cancer (complete response)]
db11:n5.b0.n2:agents,db11,n5.b0.n2,phase,"Hormone (endocrine) therapy, if hormone-receptor positive",Phase 5 (Hormone (endocrine) therapy; daily) [branch: No remaining cancer (complete response)],Hormone (endocrine) therapy,daily,optional; off by default; concurrent,agents,Y,"Hormone (endocrine) therapy, if hormone-receptor positive [Hormone tablet] {Hormone (endocrine) therapy} [branch: No remaining cancer (complete response)]"
db11:n5.b0.n2:duration,db11,n5.b0.n2,phase,"Hormone (endocrine) therapy, if hormone-receptor positive",Phase 5 (Hormone (endocrine) therapy; daily) [branch: No remaining cancer (complete response)],Hormone (endocrine) therapy,daily,optional; off by default; concurrent,duration,Y,260 weeks (daily)
db11:n5.b1.n0:agents,db11,n5.b1.n0,phase,Trastuzumab deruxtecan (Enhertu),Phase 6 (Targeted therapy; cycles) [branch: Some cancer remained],Targeted therapy,cycles,,agents,Y,Trastuzumab deruxtecan (Enhertu) [Enhertu (T-DXd)] {Targeted therapy} [branch: Some cancer remained]
db11:n5.b1.n0:cycle_length,db11,n5.b1.n0,phase,Trastuzumab deruxtecan (Enhertu),Phase 6 (Targeted therapy; cycles) [branch: Some cancer remained],Targeted therapy,cycles,,cycle_length,Y,21 days
db11:n5.b1.n0:n_cycles,db11,n5.b1.n0,phase,Trastuzumab deruxtecan (Enhertu),Phase 6 (Targeted therapy; cycles) [branch: Some cancer remained],Targeted therapy,cycles,,n_cycles,Y,14
db11:n5.b1.n1:agents,db11,n5.b1.n1,phase,Radiation (if recommended),Phase 7 (Radiation; weekdays) [branch: Some cancer remained],Radiation,weekdays,optional; concurrent,agents,Y,Radiation (if recommended) [Radiation] {Radiation} [branch: Some cancer remained]
db11:n5.b1.n2:agents,db11,n5.b1.n2,phase,"Hormone (endocrine) therapy, if hormone-receptor positive",Phase 8 (Hormone (endocrine) therapy; daily) [branch: Some cancer remained],Hormone (endocrine) therapy,daily,optional; off by default; concurrent,agents,Y,"Hormone (endocrine) therapy, if hormone-receptor positive [Hormone tablet] {Hormone (endocrine) therapy} [branch: Some cancer remained]"
db11:n5.b1.n2:duration,db11,n5.b1.n2,phase,"Hormone (endocrine) therapy, if hormone-receptor positive",Phase 8 (Hormone (endocrine) therapy; daily) [branch: Some cancer remained],Hormone (endocrine) therapy,daily,optional; off by default; concurrent,duration,Y,260 weeks (daily)
db11:pathway:sequence,db11,pathway,pathway,"DESTINY-Breast11: T-DXd then THP, surgery, HER2 therapy",Sequence of steps,,,,sequence,N,"Trastuzumab deruxtecan (Enhertu) -> Paclitaxel + trastuzumab + pertuzumab (THP) -> Recovery before surgery -> Surgery -> Healing after surgery -> Decision(Pathology results){No remaining cancer (complete response): [Trastuzumab + pertuzumab -> Radiation (if recommended) -> Hormone (endocrine) therapy, if hormone-receptor positive]; Some cancer remained: [Trastuzumab deruxtecan (Enhertu) -> Radiation (if recommended) -> Hormone (endocrine) therapy, if hormone-receptor positive]}"
natalee:n0:procedure_identity,natalee,n0,procedure,Surgery,Procedure (Surgery),Surgery,,,procedure_identity,N,Surgery {Surgery}
natalee:n1:interval_duration,natalee,n1,interval,Healing after surgery,Interval: Healing after surgery,,,,interval_duration,Y,4 weeks (Healing after surgery)
natalee:n2:agents,natalee,n2,phase,"Chemotherapy (docetaxel + cyclophosphamide), if beneficial",Phase 1 (Chemotherapy; cycles),Chemotherapy,cycles,optional; off by default,agents,Y,"Chemotherapy (docetaxel + cyclophosphamide), if beneficial [Docetaxel + cyclophosphamide] {Chemotherapy}"
natalee:n2:cycle_length,natalee,n2,phase,"Chemotherapy (docetaxel + cyclophosphamide), if beneficial",Phase 1 (Chemotherapy; cycles),Chemotherapy,cycles,optional; off by default,cycle_length,Y,21 days
natalee:n2:n_cycles,natalee,n2,phase,"Chemotherapy (docetaxel + cyclophosphamide), if beneficial",Phase 1 (Chemotherapy; cycles),Chemotherapy,cycles,optional; off by default,n_cycles,Y,4
natalee:n3:agents,natalee,n3,phase,"Chemotherapy (dose-dense AC then paclitaxel), if beneficial",Phase 2 (Chemotherapy; cycles),Chemotherapy,cycles,optional; off by default,agents,Y,"Chemotherapy (dose-dense AC then paclitaxel), if beneficial [ddAC then paclitaxel] {Chemotherapy}"
natalee:n3:cycle_length,natalee,n3,phase,"Chemotherapy (dose-dense AC then paclitaxel), if beneficial",Phase 2 (Chemotherapy; cycles),Chemotherapy,cycles,optional; off by default,cycle_length,Y,14 days
natalee:n3:n_cycles,natalee,n3,phase,"Chemotherapy (dose-dense AC then paclitaxel), if beneficial",Phase 2 (Chemotherapy; cycles),Chemotherapy,cycles,optional; off by default,n_cycles,Y,8
natalee:n4:agents,natalee,n4,phase,Radiation (if recommended),Phase 3 (Radiation; weekdays),Radiation,weekdays,optional,agents,Y,Radiation (if recommended) [Radiation] {Radiation}
natalee:n5:agents,natalee,n5,phase,Aromatase inhibitor + ribociclib (Kisqali),Phase 4 (Hormone (endocrine) therapy; Targeted therapy; daily),Hormone (endocrine) therapy; Targeted therapy,daily,,agents,Y,Aromatase inhibitor + ribociclib (Kisqali) [Hormone + ribociclib] {Hormone (endocrine) therapy; Targeted therapy}
natalee:n5:duration,natalee,n5,phase,Aromatase inhibitor + ribociclib (Kisqali),Phase 4 (Hormone (endocrine) therapy; Targeted therapy; daily),Hormone (endocrine) therapy; Targeted therapy,daily,,duration,Y,156 weeks (daily)
natalee:n6:agents,natalee,n6,phase,Hormone (endocrine) therapy continues,Phase 5 (Hormone (endocrine) therapy; daily),Hormone (endocrine) therapy,daily,,agents,Y,Hormone (endocrine) therapy continues [Hormone tablet] {Hormone (endocrine) therapy}
natalee:n6:duration,natalee,n6,phase,Hormone (endocrine) therapy continues,Phase 5 (Hormone (endocrine) therapy; daily),Hormone (endocrine) therapy,daily,,duration,Y,104 weeks (daily)
natalee:pathway:sequence,natalee,pathway,pathway,"NATALEE: surgery, optional chemo (TC or dose-dense AC-T), then an aromatase inhibitor with ribociclib for 3 years",Sequence of steps,,,,sequence,N,"Surgery -> Healing after surgery -> Chemotherapy (docetaxel + cyclophosphamide), if beneficial -> Chemotherapy (dose-dense AC then paclitaxel), if beneficial -> Radiation (if recommended) -> Aromatase inhibitor + ribociclib (Kisqali) -> Hormone (endocrine) therapy continues"
hrplus:n0:procedure_identity,hrplus,n0,procedure,Surgery,Procedure (Surgery),Surgery,,,procedure_identity,N,Surgery {Surgery}
hrplus:n1:interval_duration,hrplus,n1,interval,Healing after surgery,Interval: Healing after surgery,,,,interval_duration,Y,4 weeks (Healing after surgery)
hrplus:n2:agents,hrplus,n2,phase,"Chemotherapy (docetaxel + cyclophosphamide), if recommended",Phase 1 (Chemotherapy; cycles),Chemotherapy,cycles,optional; off by default,agents,Y,"Chemotherapy (docetaxel + cyclophosphamide), if recommended [Docetaxel + cyclophosphamide] {Chemotherapy}"
hrplus:n2:cycle_length,hrplus,n2,phase,"Chemotherapy (docetaxel + cyclophosphamide), if recommended",Phase 1 (Chemotherapy; cycles),Chemotherapy,cycles,optional; off by default,cycle_length,Y,21 days
hrplus:n2:n_cycles,hrplus,n2,phase,"Chemotherapy (docetaxel + cyclophosphamide), if recommended",Phase 1 (Chemotherapy; cycles),Chemotherapy,cycles,optional; off by default,n_cycles,Y,4
hrplus:n3:agents,hrplus,n3,phase,"Chemotherapy (dose-dense AC then paclitaxel), if recommended",Phase 2 (Chemotherapy; cycles),Chemotherapy,cycles,optional; off by default,agents,Y,"Chemotherapy (dose-dense AC then paclitaxel), if recommended [ddAC then paclitaxel] {Chemotherapy}"
hrplus:n3:cycle_length,hrplus,n3,phase,"Chemotherapy (dose-dense AC then paclitaxel), if recommended",Phase 2 (Chemotherapy; cycles),Chemotherapy,cycles,optional; off by default,cycle_length,Y,14 days
hrplus:n3:n_cycles,hrplus,n3,phase,"Chemotherapy (dose-dense AC then paclitaxel), if recommended",Phase 2 (Chemotherapy; cycles),Chemotherapy,cycles,optional; off by default,n_cycles,Y,8
hrplus:n4:agents,hrplus,n4,phase,Radiation (if recommended),Phase 3 (Radiation; weekdays),Radiation,weekdays,optional,agents,Y,Radiation (if recommended) [Radiation] {Radiation}
hrplus:n5:agents,hrplus,n5,phase,Hormone therapy + abemaciclib (Verzenio),Phase 4 (Hormone (endocrine) therapy; Targeted therapy; daily),Hormone (endocrine) therapy; Targeted therapy,daily,,agents,Y,Hormone therapy + abemaciclib (Verzenio) [Hormone + abemaciclib] {Hormone (endocrine) therapy; Targeted therapy}
hrplus:n5:duration,hrplus,n5,phase,Hormone therapy + abemaciclib (Verzenio),Phase 4 (Hormone (endocrine) therapy; Targeted therapy; daily),Hormone (endocrine) therapy; Targeted therapy,daily,,duration,Y,104 weeks (daily)
hrplus:n6:agents,hrplus,n6,phase,Hormone therapy continues,Phase 5 (Hormone (endocrine) therapy; daily),Hormone (endocrine) therapy,daily,,agents,Y,Hormone therapy continues [Hormone tablet] {Hormone (endocrine) therapy}
hrplus:n6:duration,hrplus,n6,phase,Hormone therapy continues,Phase 5 (Hormone (endocrine) therapy; daily),Hormone (endocrine) therapy,daily,,duration,Y,156 weeks (daily)
hrplus:pathway:sequence,hrplus,pathway,pathway,"HR-positive high risk: surgery, optional chemo (TC or dose-dense AC-T), endocrine therapy + abemaciclib",Sequence of steps,,,,sequence,N,"Surgery -> Healing after surgery -> Chemotherapy (docetaxel + cyclophosphamide), if recommended -> Chemotherapy (dose-dense AC then paclitaxel), if recommended -> Radiation (if recommended) -> Hormone therapy + abemaciclib (Verzenio) -> Hormone therapy continues"
ddac-t:n0:procedure_identity,ddac-t,n0,procedure,Surgery,Procedure (Surgery),Surgery,,,procedure_identity,N,Surgery {Surgery}
ddac-t:n1:interval_duration,ddac-t,n1,interval,Healing after surgery,Interval: Healing after surgery,,,,interval_duration,Y,4 weeks (Healing after surgery)
ddac-t:n2:agents,ddac-t,n2,phase,Doxorubicin + cyclophosphamide (dose-dense AC),Phase 1 (Chemotherapy; cycles),Chemotherapy,cycles,,agents,Y,Doxorubicin + cyclophosphamide (dose-dense AC) [Doxorubicin + cyclophosphamide] {Chemotherapy}
ddac-t:n2:cycle_length,ddac-t,n2,phase,Doxorubicin + cyclophosphamide (dose-dense AC),Phase 1 (Chemotherapy; cycles),Chemotherapy,cycles,,cycle_length,Y,14 days
ddac-t:n2:n_cycles,ddac-t,n2,phase,Doxorubicin + cyclophosphamide (dose-dense AC),Phase 1 (Chemotherapy; cycles),Chemotherapy,cycles,,n_cycles,Y,4
ddac-t:n3:agents,ddac-t,n3,phase,Paclitaxel,Phase 2 (Chemotherapy; cycles),Chemotherapy,cycles,,agents,Y,Paclitaxel [Paclitaxel] {Chemotherapy}
ddac-t:n3:cycle_length,ddac-t,n3,phase,Paclitaxel,Phase 2 (Chemotherapy; cycles),Chemotherapy,cycles,,cycle_length,Y,7 days
ddac-t:n3:n_cycles,ddac-t,n3,phase,Paclitaxel,Phase 2 (Chemotherapy; cycles),Chemotherapy,cycles,,n_cycles,Y,12
ddac-t:n4:agents,ddac-t,n4,phase,Radiation (if recommended),Phase 3 (Radiation; weekdays),Radiation,weekdays,optional,agents,Y,Radiation (if recommended) [Radiation] {Radiation}
ddac-t:n5:agents,ddac-t,n5,phase,"Hormone (endocrine) therapy, if hormone-receptor positive",Phase 4 (Hormone (endocrine) therapy; daily),Hormone (endocrine) therapy,daily,optional; off by default,agents,Y,"Hormone (endocrine) therapy, if hormone-receptor positive [Hormone tablet] {Hormone (endocrine) therapy}"
ddac-t:n5:duration,ddac-t,n5,phase,"Hormone (endocrine) therapy, if hormone-receptor positive",Phase 4 (Hormone (endocrine) therapy; daily),Hormone (endocrine) therapy,daily,optional; off by default,duration,Y,260 weeks (daily)
ddac-t:pathway:sequence,ddac-t,pathway,pathway,"Surgery, dose-dense AC then weekly paclitaxel",Sequence of steps,,,,sequence,N,"Surgery -> Healing after surgery -> Doxorubicin + cyclophosphamide (dose-dense AC) -> Paclitaxel -> Radiation (if recommended) -> Hormone (endocrine) therapy, if hormone-receptor positive"
ddac-t-hr:n0:procedure_identity,ddac-t-hr,n0,procedure,Surgery,Procedure (Surgery),Surgery,,,procedure_identity,N,Surgery {Surgery}
ddac-t-hr:n1:interval_duration,ddac-t-hr,n1,interval,Healing after surgery,Interval: Healing after surgery,,,,interval_duration,Y,4 weeks (Healing after surgery)
ddac-t-hr:n2:agents,ddac-t-hr,n2,phase,Doxorubicin + cyclophosphamide (dose-dense AC),Phase 1 (Chemotherapy; cycles),Chemotherapy,cycles,,agents,Y,Doxorubicin + cyclophosphamide (dose-dense AC) [Doxorubicin + cyclophosphamide] {Chemotherapy}
ddac-t-hr:n2:cycle_length,ddac-t-hr,n2,phase,Doxorubicin + cyclophosphamide (dose-dense AC),Phase 1 (Chemotherapy; cycles),Chemotherapy,cycles,,cycle_length,Y,14 days
ddac-t-hr:n2:n_cycles,ddac-t-hr,n2,phase,Doxorubicin + cyclophosphamide (dose-dense AC),Phase 1 (Chemotherapy; cycles),Chemotherapy,cycles,,n_cycles,Y,4
ddac-t-hr:n3:agents,ddac-t-hr,n3,phase,Paclitaxel,Phase 2 (Chemotherapy; cycles),Chemotherapy,cycles,,agents,Y,Paclitaxel [Paclitaxel] {Chemotherapy}
ddac-t-hr:n3:cycle_length,ddac-t-hr,n3,phase,Paclitaxel,Phase 2 (Chemotherapy; cycles),Chemotherapy,cycles,,cycle_length,Y,7 days
ddac-t-hr:n3:n_cycles,ddac-t-hr,n3,phase,Paclitaxel,Phase 2 (Chemotherapy; cycles),Chemotherapy,cycles,,n_cycles,Y,12
ddac-t-hr:n4:agents,ddac-t-hr,n4,phase,Radiation (if recommended),Phase 3 (Radiation; weekdays),Radiation,weekdays,optional,agents,Y,Radiation (if recommended) [Radiation] {Radiation}
ddac-t-hr:n5:agents,ddac-t-hr,n5,phase,Hormone (endocrine) therapy,Phase 4 (Hormone (endocrine) therapy; daily),Hormone (endocrine) therapy,daily,,agents,Y,Hormone (endocrine) therapy [Hormone tablet] {Hormone (endocrine) therapy}
ddac-t-hr:n5:duration,ddac-t-hr,n5,phase,Hormone (endocrine) therapy,Phase 4 (Hormone (endocrine) therapy; daily),Hormone (endocrine) therapy,daily,,duration,Y,260 weeks (daily)
ddac-t-hr:pathway:sequence,ddac-t-hr,pathway,pathway,"Surgery, dose-dense AC then weekly paclitaxel, then endocrine therapy",Sequence of steps,,,,sequence,N,Surgery -> Healing after surgery -> Doxorubicin + cyclophosphamide (dose-dense AC) -> Paclitaxel -> Radiation (if recommended) -> Hormone (endocrine) therapy
tc4:n0:procedure_identity,tc4,n0,procedure,Surgery,Procedure (Surgery),Surgery,,,procedure_identity,N,Surgery {Surgery}
tc4:n1:interval_duration,tc4,n1,interval,Healing after surgery,Interval: Healing after surgery,,,,interval_duration,Y,4 weeks (Healing after surgery)
tc4:n2:agents,tc4,n2,phase,Docetaxel + cyclophosphamide (TC),Phase 1 (Chemotherapy; cycles),Chemotherapy,cycles,,agents,Y,Docetaxel + cyclophosphamide (TC) [Docetaxel + cyclophosphamide] {Chemotherapy}
tc4:n2:cycle_length,tc4,n2,phase,Docetaxel + cyclophosphamide (TC),Phase 1 (Chemotherapy; cycles),Chemotherapy,cycles,,cycle_length,Y,21 days
tc4:n2:n_cycles,tc4,n2,phase,Docetaxel + cyclophosphamide (TC),Phase 1 (Chemotherapy; cycles),Chemotherapy,cycles,,n_cycles,Y,4
tc4:n3:agents,tc4,n3,phase,Radiation (if recommended),Phase 2 (Radiation; weekdays),Radiation,weekdays,optional,agents,Y,Radiation (if recommended) [Radiation] {Radiation}
tc4:n4:agents,tc4,n4,phase,"Hormone (endocrine) therapy, if hormone-receptor positive",Phase 3 (Hormone (endocrine) therapy; daily),Hormone (endocrine) therapy,daily,optional; off by default,agents,Y,"Hormone (endocrine) therapy, if hormone-receptor positive [Hormone tablet] {Hormone (endocrine) therapy}"
tc4:n4:duration,tc4,n4,phase,"Hormone (endocrine) therapy, if hormone-receptor positive",Phase 3 (Hormone (endocrine) therapy; daily),Hormone (endocrine) therapy,daily,optional; off by default,duration,Y,260 weeks (daily)
tc4:pathway:sequence,tc4,pathway,pathway,"Surgery, then docetaxel + cyclophosphamide ×4 (TC)",Sequence of steps,,,,sequence,N,"Surgery -> Healing after surgery -> Docetaxel + cyclophosphamide (TC) -> Radiation (if recommended) -> Hormone (endocrine) therapy, if hormone-receptor positive"
kn522:n0:agents,kn522,n0,phase,Paclitaxel + carboplatin + pembrolizumab (Keytruda),Phase 1 (Chemotherapy; Immunotherapy; cycles),Chemotherapy; Immunotherapy,cycles,,agents,Y,Paclitaxel + carboplatin + pembrolizumab (Keytruda) [Carbo + paclitaxel + immunotherapy] {Chemotherapy; Immunotherapy}
kn522:n0:cycle_length,kn522,n0,phase,Paclitaxel + carboplatin + pembrolizumab (Keytruda),Phase 1 (Chemotherapy; Immunotherapy; cycles),Chemotherapy; Immunotherapy,cycles,,cycle_length,Y,21 days
kn522:n0:n_cycles,kn522,n0,phase,Paclitaxel + carboplatin + pembrolizumab (Keytruda),Phase 1 (Chemotherapy; Immunotherapy; cycles),Chemotherapy; Immunotherapy,cycles,,n_cycles,Y,4
kn522:n0:visit_days,kn522,n0,phase,Paclitaxel + carboplatin + pembrolizumab (Keytruda),Phase 1 (Chemotherapy; Immunotherapy; cycles),Chemotherapy; Immunotherapy,cycles,,visit_days,Y,"day 1: Paclitaxel, carboplatin, and pembrolizumab | day 8: Paclitaxel and carboplatin | day 15: Paclitaxel and carboplatin"
kn522:n1:agents,kn522,n1,phase,Doxorubicin (or epirubicin) + cyclophosphamide + pembrolizumab,Phase 2 (Chemotherapy; Immunotherapy; cycles),Chemotherapy; Immunotherapy,cycles,,agents,Y,Doxorubicin (or epirubicin) + cyclophosphamide + pembrolizumab [AC + immunotherapy] {Chemotherapy; Immunotherapy}
kn522:n1:cycle_length,kn522,n1,phase,Doxorubicin (or epirubicin) + cyclophosphamide + pembrolizumab,Phase 2 (Chemotherapy; Immunotherapy; cycles),Chemotherapy; Immunotherapy,cycles,,cycle_length,Y,21 days
kn522:n1:n_cycles,kn522,n1,phase,Doxorubicin (or epirubicin) + cyclophosphamide + pembrolizumab,Phase 2 (Chemotherapy; Immunotherapy; cycles),Chemotherapy; Immunotherapy,cycles,,n_cycles,Y,4
kn522:n1:visit_days,kn522,n1,phase,Doxorubicin (or epirubicin) + cyclophosphamide + pembrolizumab,Phase 2 (Chemotherapy; Immunotherapy; cycles),Chemotherapy; Immunotherapy,cycles,,visit_days,Y,"day 1: Doxorubicin, cyclophosphamide, and pembrolizumab"
kn522:n2:interval_duration,kn522,n2,interval,Recovery before surgery,Interval: Recovery before surgery,,,,interval_duration,Y,4 weeks (Recovery before surgery)
kn522:n3:procedure_identity,kn522,n3,procedure,Surgery,Procedure (Surgery),Surgery,,,procedure_identity,N,Surgery {Surgery}
kn522:n4:interval_duration,kn522,n4,interval,Healing after surgery,Interval: Healing after surgery,,,,interval_duration,Y,5 weeks (Healing after surgery)
kn522:n5:decision_condition,kn522,n5,decision,Pathology results,Decision 1,,,,decision_condition,N,What did the pathology report show?
kn522:n5:branch_set,kn522,n5,decision,Pathology results,Decision 1,,,,branch_set,N,No remaining cancer (complete response) | Some cancer remained
kn522:n5.b0.n0:agents,kn522,n5.b0.n0,phase,Pembrolizumab (Keytruda),Phase 3 (Immunotherapy; cycles) [branch: No remaining cancer (complete response)],Immunotherapy,cycles,,agents,Y,Pembrolizumab (Keytruda) [Pembrolizumab] {Immunotherapy} [branch: No remaining cancer (complete response)]
kn522:n5.b0.n0:cycle_length,kn522,n5.b0.n0,phase,Pembrolizumab (Keytruda),Phase 3 (Immunotherapy; cycles) [branch: No remaining cancer (complete response)],Immunotherapy,cycles,,cycle_length,Y,21 days
kn522:n5.b0.n0:n_cycles,kn522,n5.b0.n0,phase,Pembrolizumab (Keytruda),Phase 3 (Immunotherapy; cycles) [branch: No remaining cancer (complete response)],Immunotherapy,cycles,,n_cycles,Y,9
kn522:n5.b0.n1:agents,kn522,n5.b0.n1,phase,Radiation (if recommended),Phase 4 (Radiation; weekdays) [branch: No remaining cancer (complete response)],Radiation,weekdays,optional; concurrent,agents,Y,Radiation (if recommended) [Radiation] {Radiation} [branch: No remaining cancer (complete response)]
kn522:n5.b1.n0:agents,kn522,n5.b1.n0,phase,Pembrolizumab (Keytruda),Phase 5 (Immunotherapy; cycles) [branch: Some cancer remained],Immunotherapy,cycles,,agents,Y,Pembrolizumab (Keytruda) [Pembrolizumab] {Immunotherapy} [branch: Some cancer remained]
kn522:n5.b1.n0:cycle_length,kn522,n5.b1.n0,phase,Pembrolizumab (Keytruda),Phase 5 (Immunotherapy; cycles) [branch: Some cancer remained],Immunotherapy,cycles,,cycle_length,Y,21 days
kn522:n5.b1.n0:n_cycles,kn522,n5.b1.n0,phase,Pembrolizumab (Keytruda),Phase 5 (Immunotherapy; cycles) [branch: Some cancer remained],Immunotherapy,cycles,,n_cycles,Y,9
kn522:n5.b1.n1:agents,kn522,n5.b1.n1,phase,Radiation (if recommended),Phase 6 (Radiation; weekdays) [branch: Some cancer remained],Radiation,weekdays,optional; concurrent,agents,Y,Radiation (if recommended) [Radiation] {Radiation} [branch: Some cancer remained]
kn522:n5.b1.n2:agents,kn522,n5.b1.n2,phase,Capecitabine (oral chemotherapy),Phase 7 (Chemotherapy; cycles) [branch: Some cancer remained],Chemotherapy,cycles,optional; concurrent,agents,Y,Capecitabine (oral chemotherapy) [Capecitabine tablets] {Chemotherapy} [branch: Some cancer remained]
kn522:n5.b1.n2:cycle_length,kn522,n5.b1.n2,phase,Capecitabine (oral chemotherapy),Phase 7 (Chemotherapy; cycles) [branch: Some cancer remained],Chemotherapy,cycles,optional; concurrent,cycle_length,Y,21 days
kn522:n5.b1.n2:n_cycles,kn522,n5.b1.n2,phase,Capecitabine (oral chemotherapy),Phase 7 (Chemotherapy; cycles) [branch: Some cancer remained],Chemotherapy,cycles,optional; concurrent,n_cycles,Y,8
kn522:n5.b1.n2:visit_days,kn522,n5.b1.n2,phase,Capecitabine (oral chemotherapy),Phase 7 (Chemotherapy; cycles) [branch: Some cancer remained],Chemotherapy,cycles,optional; concurrent,visit_days,Y,"day 1: Start 14 days of capecitabine tablets, then 7 days off"
kn522:pathway:sequence,kn522,pathway,pathway,"KEYNOTE-522: chemo + pembrolizumab, surgery, pembrolizumab (+ capecitabine per CREATE-X if cancer remains)",Sequence of steps,,,,sequence,N,Paclitaxel + carboplatin + pembrolizumab (Keytruda) -> Doxorubicin (or epirubicin) + cyclophosphamide + pembrolizumab -> Recovery before surgery -> Surgery -> Healing after surgery -> Decision(Pathology results){No remaining cancer (complete response): [Pembrolizumab (Keytruda) -> Radiation (if recommended)]; Some cancer remained: [Pembrolizumab (Keytruda) -> Radiation (if recommended) -> Capecitabine (oral chemotherapy)]}
apt:n0:procedure_identity,apt,n0,procedure,Surgery,Procedure (Surgery),Surgery,,,procedure_identity,N,Surgery {Surgery}
apt:n1:interval_duration,apt,n1,interval,Healing after surgery,Interval: Healing after surgery,,,,interval_duration,Y,4 weeks (Healing after surgery)
apt:n2:agents,apt,n2,phase,Paclitaxel + trastuzumab,Phase 1 (Chemotherapy; Targeted therapy; cycles),Chemotherapy; Targeted therapy,cycles,,agents,Y,Paclitaxel + trastuzumab [Paclitaxel + trastuzumab] {Chemotherapy; Targeted therapy}
apt:n2:cycle_length,apt,n2,phase,Paclitaxel + trastuzumab,Phase 1 (Chemotherapy; Targeted therapy; cycles),Chemotherapy; Targeted therapy,cycles,,cycle_length,Y,7 days
apt:n2:n_cycles,apt,n2,phase,Paclitaxel + trastuzumab,Phase 1 (Chemotherapy; Targeted therapy; cycles),Chemotherapy; Targeted therapy,cycles,,n_cycles,Y,12
apt:n2:visit_days,apt,n2,phase,Paclitaxel + trastuzumab,Phase 1 (Chemotherapy; Targeted therapy; cycles),Chemotherapy; Targeted therapy,cycles,,visit_days,Y,day 1: Paclitaxel and trastuzumab
apt:n3:agents,apt,n3,phase,Trastuzumab,Phase 2 (Targeted therapy; cycles),Targeted therapy,cycles,,agents,Y,Trastuzumab [Trastuzumab] {Targeted therapy}
apt:n3:cycle_length,apt,n3,phase,Trastuzumab,Phase 2 (Targeted therapy; cycles),Targeted therapy,cycles,,cycle_length,Y,21 days
apt:n3:n_cycles,apt,n3,phase,Trastuzumab,Phase 2 (Targeted therapy; cycles),Targeted therapy,cycles,,n_cycles,Y,13
apt:n4:agents,apt,n4,phase,Radiation (if recommended),Phase 3 (Radiation; weekdays),Radiation,weekdays,optional; concurrent,agents,Y,Radiation (if recommended) [Radiation] {Radiation}
apt:n5:agents,apt,n5,phase,"Hormone (endocrine) therapy, if hormone-receptor positive",Phase 4 (Hormone (endocrine) therapy; daily),Hormone (endocrine) therapy,daily,optional; off by default; concurrent,agents,Y,"Hormone (endocrine) therapy, if hormone-receptor positive [Hormone tablet] {Hormone (endocrine) therapy}"
apt:n5:duration,apt,n5,phase,"Hormone (endocrine) therapy, if hormone-receptor positive",Phase 4 (Hormone (endocrine) therapy; daily),Hormone (endocrine) therapy,daily,optional; off by default; concurrent,duration,Y,260 weeks (daily)
apt:pathway:sequence,apt,pathway,pathway,"APT: surgery, weekly paclitaxel + trastuzumab, then trastuzumab",Sequence of steps,,,,sequence,N,"Surgery -> Healing after surgery -> Paclitaxel + trastuzumab -> Trastuzumab -> Radiation (if recommended) -> Hormone (endocrine) therapy, if hormone-receptor positive"
endo:n0:procedure_identity,endo,n0,procedure,Surgery,Procedure (Surgery),Surgery,,,procedure_identity,N,Surgery {Surgery}
endo:n1:interval_duration,endo,n1,interval,Healing after surgery,Interval: Healing after surgery,,,,interval_duration,Y,4 weeks (Healing after surgery)
endo:n2:agents,endo,n2,phase,Radiation (if recommended),Phase 1 (Radiation; weekdays),Radiation,weekdays,optional,agents,Y,Radiation (if recommended) [Radiation] {Radiation}
endo:n3:agents,endo,n3,phase,Hormone (endocrine) therapy,Phase 2 (Hormone (endocrine) therapy; daily),Hormone (endocrine) therapy,daily,,agents,Y,Hormone (endocrine) therapy [Hormone tablet] {Hormone (endocrine) therapy}
endo:n3:duration,endo,n3,phase,Hormone (endocrine) therapy,Phase 2 (Hormone (endocrine) therapy; daily),Hormone (endocrine) therapy,daily,,duration,Y,260 weeks (daily)
endo:pathway:sequence,endo,pathway,pathway,"Surgery, radiation, endocrine therapy only",Sequence of steps,,,,sequence,N,Surgery -> Healing after surgery -> Radiation (if recommended) -> Hormone (endocrine) therapy
tc4-hr:n0:procedure_identity,tc4-hr,n0,procedure,Surgery,Procedure (Surgery),Surgery,,,procedure_identity,N,Surgery {Surgery}
tc4-hr:n1:interval_duration,tc4-hr,n1,interval,Healing after surgery,Interval: Healing after surgery,,,,interval_duration,Y,4 weeks (Healing after surgery)
tc4-hr:n2:agents,tc4-hr,n2,phase,Docetaxel + cyclophosphamide (TC),Phase 1 (Chemotherapy; cycles),Chemotherapy,cycles,,agents,Y,Docetaxel + cyclophosphamide (TC) [Docetaxel + cyclophosphamide] {Chemotherapy}
tc4-hr:n2:cycle_length,tc4-hr,n2,phase,Docetaxel + cyclophosphamide (TC),Phase 1 (Chemotherapy; cycles),Chemotherapy,cycles,,cycle_length,Y,21 days
tc4-hr:n2:n_cycles,tc4-hr,n2,phase,Docetaxel + cyclophosphamide (TC),Phase 1 (Chemotherapy; cycles),Chemotherapy,cycles,,n_cycles,Y,4
tc4-hr:n3:agents,tc4-hr,n3,phase,Radiation (if recommended),Phase 2 (Radiation; weekdays),Radiation,weekdays,optional,agents,Y,Radiation (if recommended) [Radiation] {Radiation}
tc4-hr:n4:agents,tc4-hr,n4,phase,Hormone (endocrine) therapy,Phase 3 (Hormone (endocrine) therapy; daily),Hormone (endocrine) therapy,daily,,agents,Y,Hormone (endocrine) therapy [Hormone tablet] {Hormone (endocrine) therapy}
tc4-hr:n4:duration,tc4-hr,n4,phase,Hormone (endocrine) therapy,Phase 3 (Hormone (endocrine) therapy; daily),Hormone (endocrine) therapy,daily,,duration,Y,260 weeks (daily)
tc4-hr:pathway:sequence,tc4-hr,pathway,pathway,"Surgery, then docetaxel + cyclophosphamide ×4 (TC), then endocrine therapy",Sequence of steps,,,,sequence,N,Surgery -> Healing after surgery -> Docetaxel + cyclophosphamide (TC) -> Radiation (if recommended) -> Hormone (endocrine) therapy
anal:n0:agents,anal,n0,phase,Chemoradiation (mitomycin + 5-FU or capecitabine),Phase 1 (Radiation; Chemotherapy; weekdays),Radiation; Chemotherapy,weekdays,,agents,Y,Chemoradiation (mitomycin + 5-FU or capecitabine) [Radiation + mitomycin/5-FU] {Radiation; Chemotherapy}
anal:n0:duration,anal,n0,phase,Chemoradiation (mitomycin + 5-FU or capecitabine),Phase 1 (Radiation; Chemotherapy; weekdays),Radiation; Chemotherapy,weekdays,,duration,Y,6 weeks (weekdays)
anal:n1:interval_duration,anal,n1,interval,Healing and response checks,Interval: Healing and response checks,,,,interval_duration,Y,20 weeks (Healing and response checks)
anal:n2:decision_condition,anal,n2,decision,Response at 26 weeks,Decision 1,,,,decision_condition,N,Has the cancer completely disappeared?
anal:n2:branch_set,anal,n2,decision,Response at 26 weeks,Decision 1,,,,branch_set,N,Complete response | Cancer remains
anal:n2.b0.n0:agents,anal,n2.b0.n0,phase,Surveillance,Phase 2 (Surveillance; ongoing) [branch: Complete response],Surveillance,ongoing,open-ended,agents,Y,Surveillance [Surveillance] {Surveillance} [branch: Complete response]
anal:n2.b0.n0:frequency_text,anal,n2.b0.n0,phase,Surveillance,Phase 2 (Surveillance; ongoing) [branch: Complete response],Surveillance,ongoing,open-ended,frequency_text,N,Exam every 3 to 6 months for 5 years
anal:n2.b1.n0:procedure_identity,anal,n2.b1.n0,procedure,Surgery (abdominoperineal resection),Procedure (Surgery) [branch: Cancer remains],Surgery,,,procedure_identity,N,Surgery (abdominoperineal resection) {Surgery} [branch: Cancer remains]
anal:n2.b1.n1:interval_duration,anal,n2.b1.n1,interval,Healing after surgery,Interval: Healing after surgery [branch: Cancer remains],,,,interval_duration,Y,8 weeks (Healing after surgery) [branch: Cancer remains]
anal:pathway:sequence,anal,pathway,pathway,"Anal canal: chemoradiation, response assessment, salvage surgery only if needed",Sequence of steps,,,,sequence,N,Chemoradiation (mitomycin + 5-FU or capecitabine) -> Healing and response checks -> Decision(Response at 26 weeks){Complete response: [Surveillance]; Cancer remains: [Surgery (abdominoperineal resection) -> Healing after surgery]}
tnt-lcrt:n0:agents,tnt-lcrt,n0,phase,Chemoradiation (long course),Phase 1 (Radiation; Chemotherapy; weekdays),Radiation; Chemotherapy,weekdays,,agents,Y,Chemoradiation (long course) [Chemoradiation] {Radiation; Chemotherapy}
tnt-lcrt:n0:duration,tnt-lcrt,n0,phase,Chemoradiation (long course),Phase 1 (Radiation; Chemotherapy; weekdays),Radiation; Chemotherapy,weekdays,,duration,Y,6 weeks (weekdays)
tnt-lcrt:n1:interval_duration,tnt-lcrt,n1,interval,Recovery,Interval: Recovery,,,,interval_duration,Y,2 weeks (Recovery)
tnt-lcrt:n2:agents,tnt-lcrt,n2,phase,FOLFOX chemotherapy,Phase 2 (Chemotherapy; cycles),Chemotherapy,cycles,,agents,Y,FOLFOX chemotherapy [FOLFOX] {Chemotherapy}
tnt-lcrt:n2:cycle_length,tnt-lcrt,n2,phase,FOLFOX chemotherapy,Phase 2 (Chemotherapy; cycles),Chemotherapy,cycles,,cycle_length,Y,14 days
tnt-lcrt:n2:n_cycles,tnt-lcrt,n2,phase,FOLFOX chemotherapy,Phase 2 (Chemotherapy; cycles),Chemotherapy,cycles,,n_cycles,Y,3
tnt-lcrt:n3:interval_duration,tnt-lcrt,n3,interval,Recovery before surgery,Interval: Recovery before surgery,,,,interval_duration,Y,4 weeks (Recovery before surgery)
tnt-lcrt:n4:procedure_identity,tnt-lcrt,n4,procedure,Surgery (total mesorectal excision),Procedure (Surgery),Surgery,,,procedure_identity,N,Surgery (total mesorectal excision) {Surgery}
tnt-lcrt:n5:interval_duration,tnt-lcrt,n5,interval,Healing after surgery,Interval: Healing after surgery,,,,interval_duration,Y,6 weeks (Healing after surgery)
tnt-lcrt:n6:agents,tnt-lcrt,n6,phase,Surveillance,Phase 3 (Surveillance; ongoing),Surveillance,ongoing,open-ended,agents,Y,Surveillance [Surveillance] {Surveillance}
tnt-lcrt:n6:frequency_text,tnt-lcrt,n6,phase,Surveillance,Phase 3 (Surveillance; ongoing),Surveillance,ongoing,open-ended,frequency_text,N,"Visits, blood tests, and scans every 3 to 6 months"
tnt-lcrt:pathway:sequence,tnt-lcrt,pathway,pathway,"Long-course chemoradiation and chemotherapy before surgery, then rectal resection",Sequence of steps,,,,sequence,N,Chemoradiation (long course) -> Recovery -> FOLFOX chemotherapy -> Recovery before surgery -> Surgery (total mesorectal excision) -> Healing after surgery -> Surveillance
flot:n0:agents,flot,n0,phase,FLOT chemotherapy,Phase 1 (Chemotherapy; cycles),Chemotherapy,cycles,,agents,Y,FLOT chemotherapy [FLOT] {Chemotherapy}
flot:n0:cycle_length,flot,n0,phase,FLOT chemotherapy,Phase 1 (Chemotherapy; cycles),Chemotherapy,cycles,,cycle_length,Y,14 days
flot:n0:n_cycles,flot,n0,phase,FLOT chemotherapy,Phase 1 (Chemotherapy; cycles),Chemotherapy,cycles,,n_cycles,Y,4
flot:n0:visit_days,flot,n0,phase,FLOT chemotherapy,Phase 1 (Chemotherapy; cycles),Chemotherapy,cycles,,visit_days,Y,"day 1: Docetaxel, oxaliplatin, leucovorin, then a 5-FU pump worn home for 24 hours"
flot:n1:agents,flot,n1,phase,Durvalumab (Imfinzi),Phase 2 (Immunotherapy; cycles),Immunotherapy,cycles,optional; concurrent,agents,Y,Durvalumab (Imfinzi) [Durvalumab] {Immunotherapy}
flot:n1:cycle_length,flot,n1,phase,Durvalumab (Imfinzi),Phase 2 (Immunotherapy; cycles),Immunotherapy,cycles,optional; concurrent,cycle_length,Y,28 days
flot:n1:n_cycles,flot,n1,phase,Durvalumab (Imfinzi),Phase 2 (Immunotherapy; cycles),Immunotherapy,cycles,optional; concurrent,n_cycles,Y,2
flot:n2:interval_duration,flot,n2,interval,Recovery before surgery,Interval: Recovery before surgery,,,,interval_duration,Y,5 weeks (Recovery before surgery)
flot:n3:procedure_identity,flot,n3,procedure,Surgery (gastrectomy),Procedure (Surgery),Surgery,,,procedure_identity,N,Surgery (gastrectomy) {Surgery}
flot:n4:interval_duration,flot,n4,interval,Healing after surgery,Interval: Healing after surgery,,,,interval_duration,Y,7 weeks (Healing after surgery)
flot:n5:agents,flot,n5,phase,FLOT chemotherapy,Phase 3 (Chemotherapy; cycles),Chemotherapy,cycles,,agents,Y,FLOT chemotherapy [FLOT] {Chemotherapy}
flot:n5:cycle_length,flot,n5,phase,FLOT chemotherapy,Phase 3 (Chemotherapy; cycles),Chemotherapy,cycles,,cycle_length,Y,14 days
flot:n5:n_cycles,flot,n5,phase,FLOT chemotherapy,Phase 3 (Chemotherapy; cycles),Chemotherapy,cycles,,n_cycles,Y,4
flot:n5:visit_days,flot,n5,phase,FLOT chemotherapy,Phase 3 (Chemotherapy; cycles),Chemotherapy,cycles,,visit_days,Y,"day 1: Docetaxel, oxaliplatin, leucovorin, then a 5-FU pump worn home for 24 hours"
flot:n6:agents,flot,n6,phase,Durvalumab (Imfinzi),Phase 4 (Immunotherapy; cycles),Immunotherapy,cycles,optional; concurrent,agents,Y,Durvalumab (Imfinzi) [Durvalumab] {Immunotherapy}
flot:n6:cycle_length,flot,n6,phase,Durvalumab (Imfinzi),Phase 4 (Immunotherapy; cycles),Immunotherapy,cycles,optional; concurrent,cycle_length,Y,28 days
flot:n6:n_cycles,flot,n6,phase,Durvalumab (Imfinzi),Phase 4 (Immunotherapy; cycles),Immunotherapy,cycles,optional; concurrent,n_cycles,Y,2
flot:n7:agents,flot,n7,phase,Durvalumab (Imfinzi) alone,Phase 5 (Immunotherapy; cycles),Immunotherapy,cycles,optional,agents,Y,Durvalumab (Imfinzi) alone [Durvalumab alone] {Immunotherapy}
flot:n7:cycle_length,flot,n7,phase,Durvalumab (Imfinzi) alone,Phase 5 (Immunotherapy; cycles),Immunotherapy,cycles,optional,cycle_length,Y,28 days
flot:n7:n_cycles,flot,n7,phase,Durvalumab (Imfinzi) alone,Phase 5 (Immunotherapy; cycles),Immunotherapy,cycles,optional,n_cycles,Y,10
flot:pathway:sequence,flot,pathway,pathway,"Gastric/GEJ: FLOT + durvalumab, surgery, FLOT + durvalumab",Sequence of steps,,,,sequence,N,FLOT chemotherapy -> Durvalumab (Imfinzi) -> Recovery before surgery -> Surgery (gastrectomy) -> Healing after surgery -> FLOT chemotherapy -> Durvalumab (Imfinzi) -> Durvalumab (Imfinzi) alone
rapido:n0:agents,rapido,n0,phase,Short-course radiation,Phase 1 (Radiation; weekdays),Radiation,weekdays,,agents,Y,Short-course radiation [Radiation (5 days)] {Radiation}
rapido:n0:duration,rapido,n0,phase,Short-course radiation,Phase 1 (Radiation; weekdays),Radiation,weekdays,,duration,Y,1 weeks (weekdays)
rapido:n1:interval_duration,rapido,n1,interval,Short break,Interval: Short break,,,,interval_duration,Y,2 weeks (Short break)
rapido:n2:agents,rapido,n2,phase,CAPOX,Phase 2 (Chemotherapy; cycles),Chemotherapy,cycles,,agents,Y,CAPOX [CAPOX] {Chemotherapy}
rapido:n2:cycle_length,rapido,n2,phase,CAPOX,Phase 2 (Chemotherapy; cycles),Chemotherapy,cycles,,cycle_length,Y,21 days
rapido:n2:n_cycles,rapido,n2,phase,CAPOX,Phase 2 (Chemotherapy; cycles),Chemotherapy,cycles,,n_cycles,Y,6
rapido:n2:visit_days,rapido,n2,phase,CAPOX,Phase 2 (Chemotherapy; cycles),Chemotherapy,cycles,,visit_days,Y,"day 1: Oxaliplatin by IV, then capecitabine tablets twice a day for 14 days"
rapido:n3:interval_duration,rapido,n3,interval,Recovery before surgery,Interval: Recovery before surgery,,,,interval_duration,Y,3 weeks (Recovery before surgery)
rapido:n4:procedure_identity,rapido,n4,procedure,Surgery (rectal resection),Procedure (Surgery),Surgery,,,procedure_identity,N,Surgery (rectal resection) {Surgery}
rapido:n5:interval_duration,rapido,n5,interval,Healing after surgery,Interval: Healing after surgery,,,,interval_duration,Y,6 weeks (Healing after surgery)
rapido:pathway:sequence,rapido,pathway,pathway,"Rectal TNT: short-course radiation, CAPOX, surgery",Sequence of steps,,,,sequence,N,Short-course radiation -> Short break -> CAPOX -> Recovery before surgery -> Surgery (rectal resection) -> Healing after surgery
atomic:n0:procedure_identity,atomic,n0,procedure,Surgery (colectomy),Procedure (Surgery),Surgery,,,procedure_identity,N,Surgery (colectomy) {Surgery}
atomic:n1:interval_duration,atomic,n1,interval,Healing after surgery,Interval: Healing after surgery,,,,interval_duration,Y,5 weeks (Healing after surgery)
atomic:n2:agents,atomic,n2,phase,mFOLFOX6 chemotherapy,Phase 1 (Chemotherapy; cycles),Chemotherapy,cycles,,agents,Y,mFOLFOX6 chemotherapy [FOLFOX] {Chemotherapy}
atomic:n2:cycle_length,atomic,n2,phase,mFOLFOX6 chemotherapy,Phase 1 (Chemotherapy; cycles),Chemotherapy,cycles,,cycle_length,Y,14 days
atomic:n2:n_cycles,atomic,n2,phase,mFOLFOX6 chemotherapy,Phase 1 (Chemotherapy; cycles),Chemotherapy,cycles,,n_cycles,Y,12
atomic:n2:visit_days,atomic,n2,phase,mFOLFOX6 chemotherapy,Phase 1 (Chemotherapy; cycles),Chemotherapy,cycles,,visit_days,Y,"day 1: Oxaliplatin and leucovorin, then a 5-FU pump for about 46 hours"
atomic:n3:agents,atomic,n3,phase,Atezolizumab (Tecentriq),Phase 2 (Immunotherapy; cycles),Immunotherapy,cycles,concurrent,agents,Y,Atezolizumab (Tecentriq) [Atezolizumab] {Immunotherapy}
atomic:n3:cycle_length,atomic,n3,phase,Atezolizumab (Tecentriq),Phase 2 (Immunotherapy; cycles),Immunotherapy,cycles,concurrent,cycle_length,Y,14 days
atomic:n3:n_cycles,atomic,n3,phase,Atezolizumab (Tecentriq),Phase 2 (Immunotherapy; cycles),Immunotherapy,cycles,concurrent,n_cycles,Y,12
atomic:n4:agents,atomic,n4,phase,Atezolizumab (Tecentriq) alone,Phase 3 (Immunotherapy; cycles),Immunotherapy,cycles,,agents,Y,Atezolizumab (Tecentriq) alone [Atezolizumab alone] {Immunotherapy}
atomic:n4:cycle_length,atomic,n4,phase,Atezolizumab (Tecentriq) alone,Phase 3 (Immunotherapy; cycles),Immunotherapy,cycles,,cycle_length,Y,14 days
atomic:n4:n_cycles,atomic,n4,phase,Atezolizumab (Tecentriq) alone,Phase 3 (Immunotherapy; cycles),Immunotherapy,cycles,,n_cycles,Y,13
atomic:n5:agents,atomic,n5,phase,Monitoring (surveillance),Phase 4 (Surveillance; ongoing),Surveillance,ongoing,open-ended,agents,Y,Monitoring (surveillance) [Surveillance] {Surveillance}
atomic:n5:frequency_text,atomic,n5,phase,Monitoring (surveillance),Phase 4 (Surveillance; ongoing),Surveillance,ongoing,open-ended,frequency_text,N,"Blood test every 3 to 6 months, scan every 6 to 12 months"
atomic:pathway:sequence,atomic,pathway,pathway,"ATOMIC: surgery, FOLFOX + atezolizumab, then atezolizumab (dMMR / MSI-high, stage III)",Sequence of steps,,,,sequence,N,Surgery (colectomy) -> Healing after surgery -> mFOLFOX6 chemotherapy -> Atezolizumab (Tecentriq) -> Atezolizumab (Tecentriq) alone -> Monitoring (surveillance)
prodige23:n0:agents,prodige23,n0,phase,mFOLFIRINOX,Phase 1 (Chemotherapy; cycles),Chemotherapy,cycles,,agents,Y,mFOLFIRINOX [FOLFIRINOX] {Chemotherapy}
prodige23:n0:cycle_length,prodige23,n0,phase,mFOLFIRINOX,Phase 1 (Chemotherapy; cycles),Chemotherapy,cycles,,cycle_length,Y,14 days
prodige23:n0:n_cycles,prodige23,n0,phase,mFOLFIRINOX,Phase 1 (Chemotherapy; cycles),Chemotherapy,cycles,,n_cycles,Y,6
prodige23:n0:visit_days,prodige23,n0,phase,mFOLFIRINOX,Phase 1 (Chemotherapy; cycles),Chemotherapy,cycles,,visit_days,Y,"day 1: Oxaliplatin, irinotecan, leucovorin, then a 5-FU pump worn home for about 46 hours"
prodige23:n1:agents,prodige23,n1,phase,Chemoradiation,Phase 2 (Radiation; Chemotherapy; weekdays),Radiation; Chemotherapy,weekdays,,agents,Y,Chemoradiation [Radiation + capecitabine] {Radiation; Chemotherapy}
prodige23:n1:duration,prodige23,n1,phase,Chemoradiation,Phase 2 (Radiation; Chemotherapy; weekdays),Radiation; Chemotherapy,weekdays,,duration,Y,5 weeks (weekdays)
prodige23:n2:interval_duration,prodige23,n2,interval,Recovery before surgery,Interval: Recovery before surgery,,,,interval_duration,Y,7 weeks (Recovery before surgery)
prodige23:n3:procedure_identity,prodige23,n3,procedure,Surgery (rectal resection),Procedure (Surgery),Surgery,,,procedure_identity,N,Surgery (rectal resection) {Surgery}
prodige23:n4:interval_duration,prodige23,n4,interval,Healing after surgery,Interval: Healing after surgery,,,,interval_duration,Y,6 weeks (Healing after surgery)
prodige23:n5:agents,prodige23,n5,phase,mFOLFOX6,Phase 3 (Chemotherapy; cycles),Chemotherapy,cycles,,agents,Y,mFOLFOX6 [FOLFOX] {Chemotherapy}
prodige23:n5:cycle_length,prodige23,n5,phase,mFOLFOX6,Phase 3 (Chemotherapy; cycles),Chemotherapy,cycles,,cycle_length,Y,14 days
prodige23:n5:n_cycles,prodige23,n5,phase,mFOLFOX6,Phase 3 (Chemotherapy; cycles),Chemotherapy,cycles,,n_cycles,Y,6
prodige23:n5:visit_days,prodige23,n5,phase,mFOLFOX6,Phase 3 (Chemotherapy; cycles),Chemotherapy,cycles,,visit_days,Y,"day 1: Oxaliplatin and leucovorin, then a 5-FU pump for about 46 hours"
prodige23:pathway:sequence,prodige23,pathway,pathway,"Rectal TNT: FOLFIRINOX, chemoradiation, surgery, FOLFOX",Sequence of steps,,,,sequence,N,mFOLFIRINOX -> Chemoradiation -> Recovery before surgery -> Surgery (rectal resection) -> Healing after surgery -> mFOLFOX6
prodige24:n0:procedure_identity,prodige24,n0,procedure,Surgery (Whipple or distal pancreatectomy),Procedure (Surgery),Surgery,,,procedure_identity,N,Surgery (Whipple or distal pancreatectomy) {Surgery}
prodige24:n1:interval_duration,prodige24,n1,interval,Healing after surgery,Interval: Healing after surgery,,,,interval_duration,Y,8 weeks (Healing after surgery)
prodige24:n2:agents,prodige24,n2,phase,mFOLFIRINOX,Phase 1 (Chemotherapy; cycles),Chemotherapy,cycles,,agents,Y,mFOLFIRINOX [FOLFIRINOX] {Chemotherapy}
prodige24:n2:cycle_length,prodige24,n2,phase,mFOLFIRINOX,Phase 1 (Chemotherapy; cycles),Chemotherapy,cycles,,cycle_length,Y,14 days
prodige24:n2:n_cycles,prodige24,n2,phase,mFOLFIRINOX,Phase 1 (Chemotherapy; cycles),Chemotherapy,cycles,,n_cycles,Y,12
prodige24:n2:visit_days,prodige24,n2,phase,mFOLFIRINOX,Phase 1 (Chemotherapy; cycles),Chemotherapy,cycles,,visit_days,Y,"day 1: Oxaliplatin, irinotecan, leucovorin, then a 5-FU pump worn home for about 46 hours"
prodige24:n3:agents,prodige24,n3,phase,Monitoring (surveillance),Phase 2 (Surveillance; ongoing),Surveillance,ongoing,open-ended,agents,Y,Monitoring (surveillance) [Surveillance] {Surveillance}
prodige24:n3:frequency_text,prodige24,n3,phase,Monitoring (surveillance),Phase 2 (Surveillance; ongoing),Surveillance,ongoing,open-ended,frequency_text,N,"Visits, blood tests, and scans every 3 to 6 months"
prodige24:pathway:sequence,prodige24,pathway,pathway,"Pancreatic: surgery, adjuvant mFOLFIRINOX",Sequence of steps,,,,sequence,N,Surgery (Whipple or distal pancreatectomy) -> Healing after surgery -> mFOLFIRINOX -> Monitoring (surveillance)
opra:n0:agents,opra,n0,phase,Chemoradiation,Phase 1 (Radiation; Chemotherapy; weekdays),Radiation; Chemotherapy,weekdays,,agents,Y,Chemoradiation [Radiation + capecitabine] {Radiation; Chemotherapy}
opra:n0:duration,opra,n0,phase,Chemoradiation,Phase 1 (Radiation; Chemotherapy; weekdays),Radiation; Chemotherapy,weekdays,,duration,Y,6 weeks (weekdays)
opra:n1:agents,opra,n1,phase,Consolidation chemotherapy (FOLFOX),Phase 2 (Chemotherapy; cycles),Chemotherapy,cycles,,agents,Y,Consolidation chemotherapy (FOLFOX) [FOLFOX] {Chemotherapy}
opra:n1:cycle_length,opra,n1,phase,Consolidation chemotherapy (FOLFOX),Phase 2 (Chemotherapy; cycles),Chemotherapy,cycles,,cycle_length,Y,14 days
opra:n1:n_cycles,opra,n1,phase,Consolidation chemotherapy (FOLFOX),Phase 2 (Chemotherapy; cycles),Chemotherapy,cycles,,n_cycles,Y,8
opra:n1:visit_days,opra,n1,phase,Consolidation chemotherapy (FOLFOX),Phase 2 (Chemotherapy; cycles),Chemotherapy,cycles,,visit_days,Y,"day 1: Oxaliplatin and leucovorin, then a 5-FU pump for about 46 hours"
opra:n2:interval_duration,opra,n2,interval,Recovery and restaging,Interval: Recovery and restaging,,,,interval_duration,Y,8 weeks (Recovery and restaging)
opra:n3:decision_condition,opra,n3,decision,Restaging results,Decision 1,,,,decision_condition,N,Is there any tumor left?
opra:n3:branch_set,opra,n3,decision,Restaging results,Decision 1,,,,branch_set,N,No tumor found (complete response) | Tumor still present
opra:n3.b0.n0:agents,opra,n3.b0.n0,phase,Watch and wait (close monitoring),Phase 3 (Surveillance; ongoing) [branch: No tumor found (complete response)],Surveillance,ongoing,open-ended,agents,Y,Watch and wait (close monitoring) [Watch and wait] {Surveillance} [branch: No tumor found (complete response)]
opra:n3.b0.n0:frequency_text,opra,n3.b0.n0,phase,Watch and wait (close monitoring),Phase 3 (Surveillance; ongoing) [branch: No tumor found (complete response)],Surveillance,ongoing,open-ended,frequency_text,N,"Exam, scope, and MRI every 3 to 4 months"
opra:n3.b1.n0:procedure_identity,opra,n3.b1.n0,procedure,Surgery (rectal resection),Procedure (Surgery) [branch: Tumor still present],Surgery,,,procedure_identity,N,Surgery (rectal resection) {Surgery} [branch: Tumor still present]
opra:n3.b1.n1:interval_duration,opra,n3.b1.n1,interval,Healing after surgery,Interval: Healing after surgery [branch: Tumor still present],,,,interval_duration,Y,6 weeks (Healing after surgery) [branch: Tumor still present]
opra:pathway:sequence,opra,pathway,pathway,"Rectal organ preservation: chemoradiation, FOLFOX, then watch-and-wait or surgery",Sequence of steps,,,,sequence,N,Chemoradiation -> Consolidation chemotherapy (FOLFOX) -> Recovery and restaging -> Decision(Restaging results){No tumor found (complete response): [Watch and wait (close monitoring)]; Tumor still present: [Surgery (rectal resection) -> Healing after surgery]}
capox:n0:procedure_identity,capox,n0,procedure,Surgery (colectomy),Procedure (Surgery),Surgery,,,procedure_identity,N,Surgery (colectomy) {Surgery}
capox:n1:interval_duration,capox,n1,interval,Healing after surgery,Interval: Healing after surgery,,,,interval_duration,Y,5 weeks (Healing after surgery)
capox:n2:agents,capox,n2,phase,CAPOX,Phase 1 (Chemotherapy; cycles),Chemotherapy,cycles,,agents,Y,CAPOX [CAPOX] {Chemotherapy}
capox:n2:cycle_length,capox,n2,phase,CAPOX,Phase 1 (Chemotherapy; cycles),Chemotherapy,cycles,,cycle_length,Y,21 days
capox:n2:n_cycles,capox,n2,phase,CAPOX,Phase 1 (Chemotherapy; cycles),Chemotherapy,cycles,,n_cycles,Y,4
capox:n2:visit_days,capox,n2,phase,CAPOX,Phase 1 (Chemotherapy; cycles),Chemotherapy,cycles,,visit_days,Y,"day 1: Oxaliplatin by IV, then capecitabine tablets twice a day for 14 days"
capox:n3:agents,capox,n3,phase,Monitoring (surveillance),Phase 2 (Surveillance; ongoing),Surveillance,ongoing,open-ended,agents,Y,Monitoring (surveillance) [Surveillance] {Surveillance}
capox:n3:frequency_text,capox,n3,phase,Monitoring (surveillance),Phase 2 (Surveillance; ongoing),Surveillance,ongoing,open-ended,frequency_text,N,"Blood test every 3 to 6 months, scan yearly"
capox:pathway:sequence,capox,pathway,pathway,"Colon stage III: surgery, CAPOX (3 or 6 months)",Sequence of steps,,,,sequence,N,Surgery (colectomy) -> Healing after surgery -> CAPOX -> Monitoring (surveillance)
cross:n0:agents,cross,n0,phase,Chemoradiation (CROSS),Phase 1 (Radiation; Chemotherapy; weekdays),Radiation; Chemotherapy,weekdays,,agents,Y,Chemoradiation (CROSS) [Radiation + carbo/paclitaxel] {Radiation; Chemotherapy}
cross:n0:duration,cross,n0,phase,Chemoradiation (CROSS),Phase 1 (Radiation; Chemotherapy; weekdays),Radiation; Chemotherapy,weekdays,,duration,Y,5 weeks (weekdays)
cross:n1:interval_duration,cross,n1,interval,Recovery before surgery,Interval: Recovery before surgery,,,,interval_duration,Y,7 weeks (Recovery before surgery)
cross:n2:procedure_identity,cross,n2,procedure,Surgery (esophagectomy),Procedure (Surgery),Surgery,,,procedure_identity,N,Surgery (esophagectomy) {Surgery}
cross:n3:interval_duration,cross,n3,interval,Healing after surgery,Interval: Healing after surgery,,,,interval_duration,Y,8 weeks (Healing after surgery)
cross:n4:decision_condition,cross,n4,decision,Pathology results,Decision 1,,,,decision_condition,N,What did the pathology report show?
cross:n4:branch_set,cross,n4,decision,Pathology results,Decision 1,,,,branch_set,N,No remaining cancer (complete response) | Some cancer remained
cross:n4.b0.n0:agents,cross,n4.b0.n0,phase,Monitoring,Phase 2 (Surveillance; ongoing) [branch: No remaining cancer (complete response)],Surveillance,ongoing,open-ended,agents,Y,Monitoring [Surveillance] {Surveillance} [branch: No remaining cancer (complete response)]
cross:n4.b0.n0:frequency_text,cross,n4.b0.n0,phase,Monitoring,Phase 2 (Surveillance; ongoing) [branch: No remaining cancer (complete response)],Surveillance,ongoing,open-ended,frequency_text,N,Visits and scans every 3 to 6 months
cross:n4.b1.n0:agents,cross,n4.b1.n0,phase,Nivolumab (Opdivo),Phase 3 (Immunotherapy; cycles) [branch: Some cancer remained],Immunotherapy,cycles,,agents,Y,Nivolumab (Opdivo) [Nivolumab] {Immunotherapy} [branch: Some cancer remained]
cross:n4.b1.n0:cycle_length,cross,n4.b1.n0,phase,Nivolumab (Opdivo),Phase 3 (Immunotherapy; cycles) [branch: Some cancer remained],Immunotherapy,cycles,,cycle_length,Y,14 days
cross:n4.b1.n0:n_cycles,cross,n4.b1.n0,phase,Nivolumab (Opdivo),Phase 3 (Immunotherapy; cycles) [branch: Some cancer remained],Immunotherapy,cycles,,n_cycles,Y,8
cross:n4.b1.n1:agents,cross,n4.b1.n1,phase,Nivolumab (Opdivo),Phase 4 (Immunotherapy; cycles) [branch: Some cancer remained],Immunotherapy,cycles,,agents,Y,Nivolumab (Opdivo) [Nivolumab] {Immunotherapy} [branch: Some cancer remained]
cross:n4.b1.n1:cycle_length,cross,n4.b1.n1,phase,Nivolumab (Opdivo),Phase 4 (Immunotherapy; cycles) [branch: Some cancer remained],Immunotherapy,cycles,,cycle_length,Y,28 days
cross:n4.b1.n1:n_cycles,cross,n4.b1.n1,phase,Nivolumab (Opdivo),Phase 4 (Immunotherapy; cycles) [branch: Some cancer remained],Immunotherapy,cycles,,n_cycles,Y,9
cross:pathway:sequence,cross,pathway,pathway,"Esophageal: CROSS chemoradiation, surgery, nivolumab if needed",Sequence of steps,,,,sequence,N,Chemoradiation (CROSS) -> Recovery before surgery -> Surgery (esophagectomy) -> Healing after surgery -> Decision(Pathology results){No remaining cancer (complete response): [Monitoring]; Some cancer remained: [Nivolumab (Opdivo) -> Nivolumab (Opdivo)]}
alina:n0:procedure_identity,alina,n0,procedure,Surgery (lung resection),Procedure (Surgery),Surgery,,,procedure_identity,N,Surgery (lung resection) {Surgery}
alina:n1:interval_duration,alina,n1,interval,Healing after surgery,Interval: Healing after surgery,,,,interval_duration,Y,6 weeks (Healing after surgery)
alina:n2:agents,alina,n2,phase,Alectinib (Alecensa),Phase 1 (Targeted therapy; daily),Targeted therapy,daily,,agents,Y,Alectinib (Alecensa) [Alectinib] {Targeted therapy}
alina:n2:duration,alina,n2,phase,Alectinib (Alecensa),Phase 1 (Targeted therapy; daily),Targeted therapy,daily,,duration,Y,104 weeks (daily)
alina:n2:frequency_text,alina,n2,phase,Alectinib (Alecensa),Phase 1 (Targeted therapy; daily),Targeted therapy,daily,,frequency_text,N,Tablets twice daily; clinic visits every 2 to 3 months
alina:n3:agents,alina,n3,phase,Monitoring (surveillance),Phase 2 (Surveillance; ongoing),Surveillance,ongoing,open-ended,agents,Y,Monitoring (surveillance) [Surveillance] {Surveillance}
alina:n3:frequency_text,alina,n3,phase,Monitoring (surveillance),Phase 2 (Surveillance; ongoing),Surveillance,ongoing,open-ended,frequency_text,N,Visits and scans every 6 months
alina:pathway:sequence,alina,pathway,pathway,"ALINA: surgery, alectinib for 2 years",Sequence of steps,,,,sequence,N,Surgery (lung resection) -> Healing after surgery -> Alectinib (Alecensa) -> Monitoring (surveillance)
pacific:n0:agents,pacific,n0,phase,Chemoradiation,Phase 1 (Radiation; Chemotherapy; weekdays),Radiation; Chemotherapy,weekdays,,agents,Y,Chemoradiation [Chemoradiation] {Radiation; Chemotherapy}
pacific:n0:duration,pacific,n0,phase,Chemoradiation,Phase 1 (Radiation; Chemotherapy; weekdays),Radiation; Chemotherapy,weekdays,,duration,Y,6 weeks (weekdays)
pacific:n1:interval_duration,pacific,n1,interval,Recovery,Interval: Recovery,,,,interval_duration,Y,3 weeks (Recovery)
pacific:n2:agents,pacific,n2,phase,Durvalumab (Imfinzi),Phase 2 (Immunotherapy; cycles),Immunotherapy,cycles,,agents,Y,Durvalumab (Imfinzi) [Durvalumab] {Immunotherapy}
pacific:n2:cycle_length,pacific,n2,phase,Durvalumab (Imfinzi),Phase 2 (Immunotherapy; cycles),Immunotherapy,cycles,,cycle_length,Y,14 days
pacific:n2:n_cycles,pacific,n2,phase,Durvalumab (Imfinzi),Phase 2 (Immunotherapy; cycles),Immunotherapy,cycles,,n_cycles,Y,26
pacific:pathway:sequence,pacific,pathway,pathway,"PACIFIC: chemoradiation, then durvalumab",Sequence of steps,,,,sequence,N,Chemoradiation -> Recovery -> Durvalumab (Imfinzi)
adaura:n0:procedure_identity,adaura,n0,procedure,Surgery (lung resection),Procedure (Surgery),Surgery,,,procedure_identity,N,Surgery (lung resection) {Surgery}
adaura:n1:interval_duration,adaura,n1,interval,Healing after surgery,Interval: Healing after surgery,,,,interval_duration,Y,6 weeks (Healing after surgery)
adaura:n2:agents,adaura,n2,phase,Chemotherapy (if recommended),Phase 1 (Chemotherapy; cycles),Chemotherapy,cycles,optional,agents,Y,Chemotherapy (if recommended) [Cisplatin chemo] {Chemotherapy}
adaura:n2:cycle_length,adaura,n2,phase,Chemotherapy (if recommended),Phase 1 (Chemotherapy; cycles),Chemotherapy,cycles,optional,cycle_length,Y,21 days
adaura:n2:n_cycles,adaura,n2,phase,Chemotherapy (if recommended),Phase 1 (Chemotherapy; cycles),Chemotherapy,cycles,optional,n_cycles,Y,4
adaura:n3:agents,adaura,n3,phase,Osimertinib (Tagrisso),Phase 2 (Targeted therapy; daily),Targeted therapy,daily,,agents,Y,Osimertinib (Tagrisso) [Osimertinib] {Targeted therapy}
adaura:n3:duration,adaura,n3,phase,Osimertinib (Tagrisso),Phase 2 (Targeted therapy; daily),Targeted therapy,daily,,duration,Y,156 weeks (daily)
adaura:n3:frequency_text,adaura,n3,phase,Osimertinib (Tagrisso),Phase 2 (Targeted therapy; daily),Targeted therapy,daily,,frequency_text,N,One tablet daily; clinic visits every 2 to 3 months
adaura:n4:agents,adaura,n4,phase,Monitoring (surveillance),Phase 3 (Surveillance; ongoing),Surveillance,ongoing,open-ended,agents,Y,Monitoring (surveillance) [Surveillance] {Surveillance}
adaura:n4:frequency_text,adaura,n4,phase,Monitoring (surveillance),Phase 3 (Surveillance; ongoing),Surveillance,ongoing,open-ended,frequency_text,N,Visits and scans every 6 months
adaura:pathway:sequence,adaura,pathway,pathway,"ADAURA: surgery, chemo, osimertinib for 3 years",Sequence of steps,,,,sequence,N,Surgery (lung resection) -> Healing after surgery -> Chemotherapy (if recommended) -> Osimertinib (Tagrisso) -> Monitoring (surveillance)
laura:n0:agents,laura,n0,phase,Chemoradiation,Phase 1 (Radiation; Chemotherapy; weekdays),Radiation; Chemotherapy,weekdays,,agents,Y,Chemoradiation [Chemoradiation] {Radiation; Chemotherapy}
laura:n0:duration,laura,n0,phase,Chemoradiation,Phase 1 (Radiation; Chemotherapy; weekdays),Radiation; Chemotherapy,weekdays,,duration,Y,6 weeks (weekdays)
laura:n1:interval_duration,laura,n1,interval,Recovery,Interval: Recovery,,,,interval_duration,Y,3 weeks (Recovery)
laura:n2:agents,laura,n2,phase,Osimertinib (Tagrisso),Phase 2 (Targeted therapy; daily),Targeted therapy,daily,open-ended,agents,Y,Osimertinib (Tagrisso) [Osimertinib] {Targeted therapy}
laura:n2:duration,laura,n2,phase,Osimertinib (Tagrisso),Phase 2 (Targeted therapy; daily),Targeted therapy,daily,open-ended,duration,Y,156 weeks (daily)
laura:n2:frequency_text,laura,n2,phase,Osimertinib (Tagrisso),Phase 2 (Targeted therapy; daily),Targeted therapy,daily,open-ended,frequency_text,N,One tablet daily; clinic visits every 2 to 3 months
laura:pathway:sequence,laura,pathway,pathway,"LAURA: chemoradiation, then osimertinib",Sequence of steps,,,,sequence,N,Chemoradiation -> Recovery -> Osimertinib (Tagrisso)
cm816:n0:agents,cm816,n0,phase,Platinum-based chemotherapy + nivolumab (Opdivo),Phase 1 (Chemotherapy; Immunotherapy; cycles),Chemotherapy; Immunotherapy,cycles,,agents,Y,Platinum-based chemotherapy + nivolumab (Opdivo) [Platinum chemo + nivolumab] {Chemotherapy; Immunotherapy}
cm816:n0:cycle_length,cm816,n0,phase,Platinum-based chemotherapy + nivolumab (Opdivo),Phase 1 (Chemotherapy; Immunotherapy; cycles),Chemotherapy; Immunotherapy,cycles,,cycle_length,Y,21 days
cm816:n0:n_cycles,cm816,n0,phase,Platinum-based chemotherapy + nivolumab (Opdivo),Phase 1 (Chemotherapy; Immunotherapy; cycles),Chemotherapy; Immunotherapy,cycles,,n_cycles,Y,3
cm816:n1:interval_duration,cm816,n1,interval,Recovery before surgery,Interval: Recovery before surgery,,,,interval_duration,Y,4 weeks (Recovery before surgery)
cm816:n2:procedure_identity,cm816,n2,procedure,Surgery (lung resection),Procedure (Surgery),Surgery,,,procedure_identity,N,Surgery (lung resection) {Surgery}
cm816:n3:interval_duration,cm816,n3,interval,Healing after surgery,Interval: Healing after surgery,,,,interval_duration,Y,6 weeks (Healing after surgery)
cm816:n4:decision_condition,cm816,n4,decision,Pathology results,Decision 1,,,,decision_condition,N,What did the pathology report show?
cm816:n4:branch_set,cm816,n4,decision,Pathology results,Decision 1,,,,branch_set,N,No remaining cancer (complete response) | Some cancer remained
cm816:n4.b0.n0:agents,cm816,n4.b0.n0,phase,Monitoring,Phase 2 (Surveillance; ongoing) [branch: No remaining cancer (complete response)],Surveillance,ongoing,open-ended,agents,Y,Monitoring [Surveillance] {Surveillance} [branch: No remaining cancer (complete response)]
cm816:n4.b0.n0:frequency_text,cm816,n4.b0.n0,phase,Monitoring,Phase 2 (Surveillance; ongoing) [branch: No remaining cancer (complete response)],Surveillance,ongoing,open-ended,frequency_text,N,Visits and scans every 3 to 6 months
cm816:n4.b1.n0:agents,cm816,n4.b1.n0,phase,Further treatment (to be discussed),Phase 3 (Immunotherapy; cycles) [branch: Some cancer remained],Immunotherapy,cycles,optional,agents,Y,Further treatment (to be discussed) [Further treatment] {Immunotherapy} [branch: Some cancer remained]
cm816:n4.b1.n0:cycle_length,cm816,n4.b1.n0,phase,Further treatment (to be discussed),Phase 3 (Immunotherapy; cycles) [branch: Some cancer remained],Immunotherapy,cycles,optional,cycle_length,Y,28 days
cm816:n4.b1.n0:n_cycles,cm816,n4.b1.n0,phase,Further treatment (to be discussed),Phase 3 (Immunotherapy; cycles) [branch: Some cancer remained],Immunotherapy,cycles,optional,n_cycles,Y,13
cm816:pathway:sequence,cm816,pathway,pathway,"CheckMate 816: chemo + nivolumab, then surgery",Sequence of steps,,,,sequence,N,Platinum-based chemotherapy + nivolumab (Opdivo) -> Recovery before surgery -> Surgery (lung resection) -> Healing after surgery -> Decision(Pathology results){No remaining cancer (complete response): [Monitoring]; Some cancer remained: [Further treatment (to be discussed)]}
kn671:n0:agents,kn671,n0,phase,Cisplatin-based chemotherapy + pembrolizumab (Keytruda),Phase 1 (Chemotherapy; Immunotherapy; cycles),Chemotherapy; Immunotherapy,cycles,,agents,Y,Cisplatin-based chemotherapy + pembrolizumab (Keytruda) [Cisplatin chemo + pembrolizumab] {Chemotherapy; Immunotherapy}
kn671:n0:cycle_length,kn671,n0,phase,Cisplatin-based chemotherapy + pembrolizumab (Keytruda),Phase 1 (Chemotherapy; Immunotherapy; cycles),Chemotherapy; Immunotherapy,cycles,,cycle_length,Y,21 days
kn671:n0:n_cycles,kn671,n0,phase,Cisplatin-based chemotherapy + pembrolizumab (Keytruda),Phase 1 (Chemotherapy; Immunotherapy; cycles),Chemotherapy; Immunotherapy,cycles,,n_cycles,Y,4
kn671:n0:visit_days,kn671,n0,phase,Cisplatin-based chemotherapy + pembrolizumab (Keytruda),Phase 1 (Chemotherapy; Immunotherapy; cycles),Chemotherapy; Immunotherapy,cycles,,visit_days,Y,"day 1: Cisplatin, pemetrexed (or gemcitabine), and pembrolizumab"
kn671:n1:interval_duration,kn671,n1,interval,Recovery before surgery,Interval: Recovery before surgery,,,,interval_duration,Y,4 weeks (Recovery before surgery)
kn671:n2:procedure_identity,kn671,n2,procedure,Surgery (lung resection),Procedure (Surgery),Surgery,,,procedure_identity,N,Surgery (lung resection) {Surgery}
kn671:n3:interval_duration,kn671,n3,interval,Healing after surgery,Interval: Healing after surgery,,,,interval_duration,Y,6 weeks (Healing after surgery)
kn671:n4:agents,kn671,n4,phase,Radiation (if recommended),Phase 2 (Radiation; weekdays),Radiation,weekdays,optional; off by default,agents,Y,Radiation (if recommended) [Radiation] {Radiation}
kn671:n5:agents,kn671,n5,phase,Pembrolizumab (Keytruda),Phase 3 (Immunotherapy; cycles),Immunotherapy,cycles,,agents,Y,Pembrolizumab (Keytruda) [Pembrolizumab] {Immunotherapy}
kn671:n5:cycle_length,kn671,n5,phase,Pembrolizumab (Keytruda),Phase 3 (Immunotherapy; cycles),Immunotherapy,cycles,,cycle_length,Y,21 days
kn671:n5:n_cycles,kn671,n5,phase,Pembrolizumab (Keytruda),Phase 3 (Immunotherapy; cycles),Immunotherapy,cycles,,n_cycles,Y,13
kn671:pathway:sequence,kn671,pathway,pathway,"KEYNOTE-671: chemo + pembrolizumab, surgery, pembrolizumab",Sequence of steps,,,,sequence,N,Cisplatin-based chemotherapy + pembrolizumab (Keytruda) -> Recovery before surgery -> Surgery (lung resection) -> Healing after surgery -> Radiation (if recommended) -> Pembrolizumab (Keytruda)
cm77t:n0:agents,cm77t,n0,phase,Platinum-based chemotherapy + nivolumab (Opdivo),Phase 1 (Chemotherapy; Immunotherapy; cycles),Chemotherapy; Immunotherapy,cycles,,agents,Y,Platinum-based chemotherapy + nivolumab (Opdivo) [Platinum chemo + nivolumab] {Chemotherapy; Immunotherapy}
cm77t:n0:cycle_length,cm77t,n0,phase,Platinum-based chemotherapy + nivolumab (Opdivo),Phase 1 (Chemotherapy; Immunotherapy; cycles),Chemotherapy; Immunotherapy,cycles,,cycle_length,Y,21 days
cm77t:n0:n_cycles,cm77t,n0,phase,Platinum-based chemotherapy + nivolumab (Opdivo),Phase 1 (Chemotherapy; Immunotherapy; cycles),Chemotherapy; Immunotherapy,cycles,,n_cycles,Y,4
cm77t:n1:interval_duration,cm77t,n1,interval,Recovery before surgery,Interval: Recovery before surgery,,,,interval_duration,Y,4 weeks (Recovery before surgery)
cm77t:n2:procedure_identity,cm77t,n2,procedure,Surgery (lung resection),Procedure (Surgery),Surgery,,,procedure_identity,N,Surgery (lung resection) {Surgery}
cm77t:n3:interval_duration,cm77t,n3,interval,Healing after surgery,Interval: Healing after surgery,,,,interval_duration,Y,6 weeks (Healing after surgery)
cm77t:n4:agents,cm77t,n4,phase,Nivolumab (Opdivo),Phase 2 (Immunotherapy; cycles),Immunotherapy,cycles,,agents,Y,Nivolumab (Opdivo) [Nivolumab] {Immunotherapy}
cm77t:n4:cycle_length,cm77t,n4,phase,Nivolumab (Opdivo),Phase 2 (Immunotherapy; cycles),Immunotherapy,cycles,,cycle_length,Y,28 days
cm77t:n4:n_cycles,cm77t,n4,phase,Nivolumab (Opdivo),Phase 2 (Immunotherapy; cycles),Immunotherapy,cycles,,n_cycles,Y,13
cm77t:pathway:sequence,cm77t,pathway,pathway,"CheckMate 77T: chemo + nivolumab, surgery, nivolumab",Sequence of steps,,,,sequence,N,Platinum-based chemotherapy + nivolumab (Opdivo) -> Recovery before surgery -> Surgery (lung resection) -> Healing after surgery -> Nivolumab (Opdivo)
adriatic:n0:agents,adriatic,n0,phase,Cisplatin (or carboplatin) + etoposide,Phase 1 (Chemotherapy; cycles),Chemotherapy,cycles,,agents,Y,Cisplatin (or carboplatin) + etoposide [Cisplatin + etoposide] {Chemotherapy}
adriatic:n0:cycle_length,adriatic,n0,phase,Cisplatin (or carboplatin) + etoposide,Phase 1 (Chemotherapy; cycles),Chemotherapy,cycles,,cycle_length,Y,21 days
adriatic:n0:n_cycles,adriatic,n0,phase,Cisplatin (or carboplatin) + etoposide,Phase 1 (Chemotherapy; cycles),Chemotherapy,cycles,,n_cycles,Y,4
adriatic:n0:visit_days,adriatic,n0,phase,Cisplatin (or carboplatin) + etoposide,Phase 1 (Chemotherapy; cycles),Chemotherapy,cycles,,visit_days,Y,day 1: Cisplatin and etoposide | day 2: Etoposide | day 3: Etoposide
adriatic:n1:agents,adriatic,n1,phase,Radiation to the chest,Phase 2 (Radiation; weekdays),Radiation,weekdays,concurrent,agents,Y,Radiation to the chest [Radiation] {Radiation}
adriatic:n1:duration,adriatic,n1,phase,Radiation to the chest,Phase 2 (Radiation; weekdays),Radiation,weekdays,concurrent,duration,Y,3 weeks (weekdays)
adriatic:n2:agents,adriatic,n2,phase,Preventive brain radiation (PCI),Phase 3 (Radiation; weekdays),Radiation,weekdays,optional; off by default,agents,Y,Preventive brain radiation (PCI) [Brain radiation] {Radiation}
adriatic:n2:duration,adriatic,n2,phase,Preventive brain radiation (PCI),Phase 3 (Radiation; weekdays),Radiation,weekdays,optional; off by default,duration,Y,2 weeks (weekdays)
adriatic:n3:interval_duration,adriatic,n3,interval,Recovery,Interval: Recovery,,,,interval_duration,Y,3 weeks (Recovery)
adriatic:n4:agents,adriatic,n4,phase,Durvalumab (Imfinzi),Phase 4 (Immunotherapy; cycles),Immunotherapy,cycles,,agents,Y,Durvalumab (Imfinzi) [Durvalumab] {Immunotherapy}
adriatic:n4:cycle_length,adriatic,n4,phase,Durvalumab (Imfinzi),Phase 4 (Immunotherapy; cycles),Immunotherapy,cycles,,cycle_length,Y,28 days
adriatic:n4:n_cycles,adriatic,n4,phase,Durvalumab (Imfinzi),Phase 4 (Immunotherapy; cycles),Immunotherapy,cycles,,n_cycles,Y,26
adriatic:pathway:sequence,adriatic,pathway,pathway,"Limited-stage SCLC: chemoradiation, then durvalumab",Sequence of steps,,,,sequence,N,Cisplatin (or carboplatin) + etoposide -> Radiation to the chest -> Preventive brain radiation (PCI) -> Recovery -> Durvalumab (Imfinzi)
kidney-surv:n0:procedure_identity,kidney-surv,n0,procedure,Surgery (partial or radical nephrectomy),Procedure (Surgery),Surgery,,,procedure_identity,N,Surgery (partial or radical nephrectomy) {Surgery}
kidney-surv:n1:interval_duration,kidney-surv,n1,interval,Healing after surgery,Interval: Healing after surgery,,,,interval_duration,Y,6 weeks (Healing after surgery)
kidney-surv:n2:agents,kidney-surv,n2,phase,Surveillance,Phase 1 (Surveillance; ongoing),Surveillance,ongoing,open-ended,agents,Y,Surveillance [Surveillance] {Surveillance}
kidney-surv:n2:frequency_text,kidney-surv,n2,phase,Surveillance,Phase 1 (Surveillance; ongoing),Surveillance,ongoing,open-ended,frequency_text,N,Scans every 6 to 12 months
kidney-surv:pathway:sequence,kidney-surv,pathway,pathway,"Nephrectomy, then surveillance",Sequence of steps,,,,sequence,N,Surgery (partial or radical nephrectomy) -> Healing after surgery -> Surveillance
cm274:n0:agents,cm274,n0,phase,Gemcitabine + cisplatin (or dose-dense MVAC),Phase 1 (Chemotherapy; cycles),Chemotherapy,cycles,,agents,Y,Gemcitabine + cisplatin (or dose-dense MVAC) [Gem/cis chemo] {Chemotherapy}
cm274:n0:cycle_length,cm274,n0,phase,Gemcitabine + cisplatin (or dose-dense MVAC),Phase 1 (Chemotherapy; cycles),Chemotherapy,cycles,,cycle_length,Y,21 days
cm274:n0:n_cycles,cm274,n0,phase,Gemcitabine + cisplatin (or dose-dense MVAC),Phase 1 (Chemotherapy; cycles),Chemotherapy,cycles,,n_cycles,Y,4
cm274:n0:visit_days,cm274,n0,phase,Gemcitabine + cisplatin (or dose-dense MVAC),Phase 1 (Chemotherapy; cycles),Chemotherapy,cycles,,visit_days,Y,day 1: Cisplatin and gemcitabine | day 8: Gemcitabine
cm274:n1:interval_duration,cm274,n1,interval,Recovery before surgery,Interval: Recovery before surgery,,,,interval_duration,Y,5 weeks (Recovery before surgery)
cm274:n2:procedure_identity,cm274,n2,procedure,Surgery (radical cystectomy),Procedure (Surgery),Surgery,,,procedure_identity,N,Surgery (radical cystectomy) {Surgery}
cm274:n3:interval_duration,cm274,n3,interval,Healing after surgery,Interval: Healing after surgery,,,,interval_duration,Y,8 weeks (Healing after surgery)
cm274:n4:decision_condition,cm274,n4,decision,Pathology results,Decision 1,,,,decision_condition,N,What did the pathology report show?
cm274:n4:branch_set,cm274,n4,decision,Pathology results,Decision 1,,,,branch_set,N,Little or no cancer remained | High-risk cancer remained
cm274:n4.b0.n0:agents,cm274,n4.b0.n0,phase,Surveillance,Phase 2 (Surveillance; ongoing) [branch: Little or no cancer remained],Surveillance,ongoing,open-ended,agents,Y,Surveillance [Surveillance] {Surveillance} [branch: Little or no cancer remained]
cm274:n4.b0.n0:frequency_text,cm274,n4.b0.n0,phase,Surveillance,Phase 2 (Surveillance; ongoing) [branch: Little or no cancer remained],Surveillance,ongoing,open-ended,frequency_text,N,Scans every 3 to 6 months
cm274:n4.b1.n0:agents,cm274,n4.b1.n0,phase,Nivolumab (Opdivo),Phase 3 (Immunotherapy; cycles) [branch: High-risk cancer remained],Immunotherapy,cycles,,agents,Y,Nivolumab (Opdivo) [Nivolumab] {Immunotherapy} [branch: High-risk cancer remained]
cm274:n4.b1.n0:cycle_length,cm274,n4.b1.n0,phase,Nivolumab (Opdivo),Phase 3 (Immunotherapy; cycles) [branch: High-risk cancer remained],Immunotherapy,cycles,,cycle_length,Y,28 days
cm274:n4.b1.n0:n_cycles,cm274,n4.b1.n0,phase,Nivolumab (Opdivo),Phase 3 (Immunotherapy; cycles) [branch: High-risk cancer remained],Immunotherapy,cycles,,n_cycles,Y,13
cm274:pathway:sequence,cm274,pathway,pathway,"Chemo, cystectomy, adjuvant nivolumab (CheckMate 274)",Sequence of steps,,,,sequence,N,Gemcitabine + cisplatin (or dose-dense MVAC) -> Recovery before surgery -> Surgery (radical cystectomy) -> Healing after surgery -> Decision(Pathology results){Little or no cancer remained: [Surveillance]; High-risk cancer remained: [Nivolumab (Opdivo)]}
prostatectomy:n0:procedure_identity,prostatectomy,n0,procedure,Surgery (radical prostatectomy),Procedure (Surgery),Surgery,,,procedure_identity,N,Surgery (radical prostatectomy) {Surgery}
prostatectomy:n1:interval_duration,prostatectomy,n1,interval,Healing after surgery,Interval: Healing after surgery,,,,interval_duration,Y,6 weeks (Healing after surgery)
prostatectomy:n2:agents,prostatectomy,n2,phase,PSA surveillance,Phase 1 (Surveillance; ongoing),Surveillance,ongoing,open-ended,agents,Y,PSA surveillance [Surveillance] {Surveillance}
prostatectomy:n2:frequency_text,prostatectomy,n2,phase,PSA surveillance,Phase 1 (Surveillance; ongoing),Surveillance,ongoing,open-ended,frequency_text,N,PSA blood test every 3 to 6 months
prostatectomy:n3:agents,prostatectomy,n3,phase,Radiation if the PSA rises (salvage),Phase 2 (Radiation; weekdays),Radiation,weekdays,optional; off by default,agents,Y,Radiation if the PSA rises (salvage) [Radiation if needed] {Radiation}
prostatectomy:pathway:sequence,prostatectomy,pathway,pathway,"Radical prostatectomy, PSA surveillance, radiation only if PSA rises",Sequence of steps,,,,sequence,N,Surgery (radical prostatectomy) -> Healing after surgery -> PSA surveillance -> Radiation if the PSA rises (salvage)
ls022:n0:procedure_identity,ls022,n0,procedure,Surgery (nephrectomy),Procedure (Surgery),Surgery,,,procedure_identity,N,Surgery (nephrectomy) {Surgery}
ls022:n1:interval_duration,ls022,n1,interval,Healing after surgery,Interval: Healing after surgery,,,,interval_duration,Y,8 weeks (Healing after surgery)
ls022:n2:agents,ls022,n2,phase,Pembrolizumab (Keytruda),Phase 1 (Immunotherapy; cycles),Immunotherapy,cycles,,agents,Y,Pembrolizumab (Keytruda) [Pembrolizumab] {Immunotherapy}
ls022:n2:cycle_length,ls022,n2,phase,Pembrolizumab (Keytruda),Phase 1 (Immunotherapy; cycles),Immunotherapy,cycles,,cycle_length,Y,42 days
ls022:n2:n_cycles,ls022,n2,phase,Pembrolizumab (Keytruda),Phase 1 (Immunotherapy; cycles),Immunotherapy,cycles,,n_cycles,Y,9
ls022:n3:agents,ls022,n3,phase,Belzutifan (Welireg) tablets,Phase 2 (Targeted therapy; daily),Targeted therapy,daily,concurrent,agents,Y,Belzutifan (Welireg) tablets [Belzutifan] {Targeted therapy}
ls022:n3:duration,ls022,n3,phase,Belzutifan (Welireg) tablets,Phase 2 (Targeted therapy; daily),Targeted therapy,daily,concurrent,duration,Y,54 weeks (daily)
ls022:n4:agents,ls022,n4,phase,Surveillance,Phase 3 (Surveillance; ongoing),Surveillance,ongoing,open-ended,agents,Y,Surveillance [Surveillance] {Surveillance}
ls022:n4:frequency_text,ls022,n4,phase,Surveillance,Phase 3 (Surveillance; ongoing),Surveillance,ongoing,open-ended,frequency_text,N,Scans every 6 months
ls022:pathway:sequence,ls022,pathway,pathway,"LITESPARK-022: nephrectomy, then pembrolizumab + belzutifan for a year",Sequence of steps,,,,sequence,N,Surgery (nephrectomy) -> Healing after surgery -> Pembrolizumab (Keytruda) -> Belzutifan (Welireg) tablets -> Surveillance
imvigor011:n0:agents,imvigor011,n0,phase,Cisplatin-based chemotherapy before surgery (if given),Phase 1 (Chemotherapy; cycles),Chemotherapy,cycles,optional,agents,Y,Cisplatin-based chemotherapy before surgery (if given) [Gem/cis chemo] {Chemotherapy}
imvigor011:n0:cycle_length,imvigor011,n0,phase,Cisplatin-based chemotherapy before surgery (if given),Phase 1 (Chemotherapy; cycles),Chemotherapy,cycles,optional,cycle_length,Y,21 days
imvigor011:n0:n_cycles,imvigor011,n0,phase,Cisplatin-based chemotherapy before surgery (if given),Phase 1 (Chemotherapy; cycles),Chemotherapy,cycles,optional,n_cycles,Y,4
imvigor011:n0:visit_days,imvigor011,n0,phase,Cisplatin-based chemotherapy before surgery (if given),Phase 1 (Chemotherapy; cycles),Chemotherapy,cycles,optional,visit_days,Y,day 1: Cisplatin and gemcitabine | day 8: Gemcitabine
imvigor011:n1:interval_duration,imvigor011,n1,interval,Recovery before surgery,Interval: Recovery before surgery,,,,interval_duration,Y,5 weeks (Recovery before surgery)
imvigor011:n2:procedure_identity,imvigor011,n2,procedure,Surgery (radical cystectomy),Procedure (Surgery),Surgery,,,procedure_identity,N,Surgery (radical cystectomy) {Surgery}
imvigor011:n3:interval_duration,imvigor011,n3,interval,Healing and first blood test,Interval: Healing and first blood test,,,,interval_duration,Y,8 weeks (Healing and first blood test)
imvigor011:n4:decision_condition,imvigor011,n4,decision,ctDNA blood test,Decision 1,,,,decision_condition,N,Was cancer DNA found in the blood?
imvigor011:n4:branch_set,imvigor011,n4,decision,ctDNA blood test,Decision 1,,,,branch_set,N,No cancer DNA detected | Cancer DNA detected
imvigor011:n4.b0.n0:agents,imvigor011,n4.b0.n0,phase,Surveillance with repeat ctDNA tests,Phase 2 (Surveillance; ongoing) [branch: No cancer DNA detected],Surveillance,ongoing,open-ended,agents,Y,Surveillance with repeat ctDNA tests [ctDNA surveillance] {Surveillance} [branch: No cancer DNA detected]
imvigor011:n4.b0.n0:frequency_text,imvigor011,n4.b0.n0,phase,Surveillance with repeat ctDNA tests,Phase 2 (Surveillance; ongoing) [branch: No cancer DNA detected],Surveillance,ongoing,open-ended,frequency_text,N,"Blood test every 6 to 12 weeks for a year, with scans"
imvigor011:n4.b1.n0:agents,imvigor011,n4.b1.n0,phase,Atezolizumab (Tecentriq),Phase 3 (Immunotherapy; cycles) [branch: Cancer DNA detected],Immunotherapy,cycles,,agents,Y,Atezolizumab (Tecentriq) [Atezolizumab] {Immunotherapy} [branch: Cancer DNA detected]
imvigor011:n4.b1.n0:cycle_length,imvigor011,n4.b1.n0,phase,Atezolizumab (Tecentriq),Phase 3 (Immunotherapy; cycles) [branch: Cancer DNA detected],Immunotherapy,cycles,,cycle_length,Y,28 days
imvigor011:n4.b1.n0:n_cycles,imvigor011,n4.b1.n0,phase,Atezolizumab (Tecentriq),Phase 3 (Immunotherapy; cycles) [branch: Cancer DNA detected],Immunotherapy,cycles,,n_cycles,Y,12
imvigor011:pathway:sequence,imvigor011,pathway,pathway,"IMvigor011: cystectomy, ctDNA testing, atezolizumab if ctDNA-positive",Sequence of steps,,,,sequence,N,Cisplatin-based chemotherapy before surgery (if given) -> Recovery before surgery -> Surgery (radical cystectomy) -> Healing and first blood test -> Decision(ctDNA blood test){No cancer DNA detected: [Surveillance with repeat ctDNA tests]; Cancer DNA detected: [Atezolizumab (Tecentriq)]}
prostate-short:n0:agents,prostate-short,n0,phase,Hormone therapy begins (ADT injection),Phase 1 (Hormone (endocrine) therapy; cycles),Hormone (endocrine) therapy,cycles,,agents,Y,Hormone therapy begins (ADT injection) [Hormone therapy] {Hormone (endocrine) therapy}
prostate-short:n0:cycle_length,prostate-short,n0,phase,Hormone therapy begins (ADT injection),Phase 1 (Hormone (endocrine) therapy; cycles),Hormone (endocrine) therapy,cycles,,cycle_length,Y,56 days
prostate-short:n0:n_cycles,prostate-short,n0,phase,Hormone therapy begins (ADT injection),Phase 1 (Hormone (endocrine) therapy; cycles),Hormone (endocrine) therapy,cycles,,n_cycles,Y,1
prostate-short:n0:visit_days,prostate-short,n0,phase,Hormone therapy begins (ADT injection),Phase 1 (Hormone (endocrine) therapy; cycles),Hormone (endocrine) therapy,cycles,,visit_days,Y,day 1: ADT injection
prostate-short:n1:agents,prostate-short,n1,phase,Radiation to the prostate,Phase 2 (Radiation; weekdays),Radiation,weekdays,,agents,Y,Radiation to the prostate [Radiation] {Radiation}
prostate-short:n2:agents,prostate-short,n2,phase,Hormone therapy continues during radiation,Phase 3 (Hormone (endocrine) therapy; cycles),Hormone (endocrine) therapy,cycles,concurrent,agents,Y,Hormone therapy continues during radiation [Hormone therapy] {Hormone (endocrine) therapy}
prostate-short:n2:cycle_length,prostate-short,n2,phase,Hormone therapy continues during radiation,Phase 3 (Hormone (endocrine) therapy; cycles),Hormone (endocrine) therapy,cycles,concurrent,cycle_length,Y,56 days
prostate-short:n2:n_cycles,prostate-short,n2,phase,Hormone therapy continues during radiation,Phase 3 (Hormone (endocrine) therapy; cycles),Hormone (endocrine) therapy,cycles,concurrent,n_cycles,Y,1
prostate-short:n2:visit_days,prostate-short,n2,phase,Hormone therapy continues during radiation,Phase 3 (Hormone (endocrine) therapy; cycles),Hormone (endocrine) therapy,cycles,concurrent,visit_days,Y,day 1: ADT injection
prostate-short:n3:agents,prostate-short,n3,phase,Surveillance,Phase 4 (Surveillance; ongoing),Surveillance,ongoing,open-ended,agents,Y,Surveillance [Surveillance] {Surveillance}
prostate-short:n3:frequency_text,prostate-short,n3,phase,Surveillance,Phase 4 (Surveillance; ongoing),Surveillance,ongoing,open-ended,frequency_text,N,PSA blood test every 6 months
prostate-short:pathway:sequence,prostate-short,pathway,pathway,Radiation + 4 months of ADT,Sequence of steps,,,,sequence,N,Hormone therapy begins (ADT injection) -> Radiation to the prostate -> Hormone therapy continues during radiation -> Surveillance
trimodality:n0:procedure_identity,trimodality,n0,procedure,Scope surgery to remove the visible tumor (TURBT),Procedure (Surgery),Surgery,,,procedure_identity,N,Scope surgery to remove the visible tumor (TURBT) {Surgery}
trimodality:n1:interval_duration,trimodality,n1,interval,Recovery,Interval: Recovery,,,,interval_duration,Y,3 weeks (Recovery)
trimodality:n2:agents,trimodality,n2,phase,Chemoradiation,Phase 1 (Radiation; Chemotherapy; weekdays),Radiation; Chemotherapy,weekdays,,agents,Y,Chemoradiation [Radiation + chemo] {Radiation; Chemotherapy}
trimodality:n3:agents,trimodality,n3,phase,Surveillance,Phase 2 (Surveillance; ongoing),Surveillance,ongoing,open-ended,agents,Y,Surveillance [Surveillance] {Surveillance}
trimodality:n3:frequency_text,trimodality,n3,phase,Surveillance,Phase 2 (Surveillance; ongoing),Surveillance,ongoing,open-ended,frequency_text,N,"Scope checks every 3 months at first, plus scans"
trimodality:pathway:sequence,trimodality,pathway,pathway,"Trimodality bladder preservation: TURBT, chemoradiation, surveillance",Sequence of steps,,,,sequence,N,Scope surgery to remove the visible tumor (TURBT) -> Recovery -> Chemoradiation -> Surveillance
ev303:n0:agents,ev303,n0,phase,Enfortumab vedotin (Padcev) + pembrolizumab (Keytruda),Phase 1 (Targeted therapy; Immunotherapy; cycles),Targeted therapy; Immunotherapy,cycles,,agents,Y,Enfortumab vedotin (Padcev) + pembrolizumab (Keytruda) [Enfortumab + pembrolizumab] {Targeted therapy; Immunotherapy}
ev303:n0:cycle_length,ev303,n0,phase,Enfortumab vedotin (Padcev) + pembrolizumab (Keytruda),Phase 1 (Targeted therapy; Immunotherapy; cycles),Targeted therapy; Immunotherapy,cycles,,cycle_length,Y,21 days
ev303:n0:n_cycles,ev303,n0,phase,Enfortumab vedotin (Padcev) + pembrolizumab (Keytruda),Phase 1 (Targeted therapy; Immunotherapy; cycles),Targeted therapy; Immunotherapy,cycles,,n_cycles,Y,3
ev303:n0:visit_days,ev303,n0,phase,Enfortumab vedotin (Padcev) + pembrolizumab (Keytruda),Phase 1 (Targeted therapy; Immunotherapy; cycles),Targeted therapy; Immunotherapy,cycles,,visit_days,Y,day 1: Enfortumab vedotin and pembrolizumab | day 8: Enfortumab vedotin
ev303:n1:interval_duration,ev303,n1,interval,Recovery before surgery,Interval: Recovery before surgery,,,,interval_duration,Y,5 weeks (Recovery before surgery)
ev303:n2:procedure_identity,ev303,n2,procedure,Surgery (radical cystectomy),Procedure (Surgery),Surgery,,,procedure_identity,N,Surgery (radical cystectomy) {Surgery}
ev303:n3:interval_duration,ev303,n3,interval,Healing after surgery,Interval: Healing after surgery,,,,interval_duration,Y,8 weeks (Healing after surgery)
ev303:n4:agents,ev303,n4,phase,Enfortumab vedotin + pembrolizumab,Phase 2 (Targeted therapy; Immunotherapy; cycles),Targeted therapy; Immunotherapy,cycles,,agents,Y,Enfortumab vedotin + pembrolizumab [Enfortumab + pembrolizumab] {Targeted therapy; Immunotherapy}
ev303:n4:cycle_length,ev303,n4,phase,Enfortumab vedotin + pembrolizumab,Phase 2 (Targeted therapy; Immunotherapy; cycles),Targeted therapy; Immunotherapy,cycles,,cycle_length,Y,21 days
ev303:n4:n_cycles,ev303,n4,phase,Enfortumab vedotin + pembrolizumab,Phase 2 (Targeted therapy; Immunotherapy; cycles),Targeted therapy; Immunotherapy,cycles,,n_cycles,Y,6
ev303:n4:visit_days,ev303,n4,phase,Enfortumab vedotin + pembrolizumab,Phase 2 (Targeted therapy; Immunotherapy; cycles),Targeted therapy; Immunotherapy,cycles,,visit_days,Y,day 1: Enfortumab vedotin and pembrolizumab | day 8: Enfortumab vedotin
ev303:n5:agents,ev303,n5,phase,Pembrolizumab (Keytruda),Phase 3 (Immunotherapy; cycles),Immunotherapy,cycles,,agents,Y,Pembrolizumab (Keytruda) [Pembrolizumab] {Immunotherapy}
ev303:n5:cycle_length,ev303,n5,phase,Pembrolizumab (Keytruda),Phase 3 (Immunotherapy; cycles),Immunotherapy,cycles,,cycle_length,Y,21 days
ev303:n5:n_cycles,ev303,n5,phase,Pembrolizumab (Keytruda),Phase 3 (Immunotherapy; cycles),Immunotherapy,cycles,,n_cycles,Y,8
ev303:pathway:sequence,ev303,pathway,pathway,"KEYNOTE-905 / EV-303: enfortumab vedotin + pembrolizumab, cystectomy, EV + pembrolizumab",Sequence of steps,,,,sequence,N,Enfortumab vedotin (Padcev) + pembrolizumab (Keytruda) -> Recovery before surgery -> Surgery (radical cystectomy) -> Healing after surgery -> Enfortumab vedotin + pembrolizumab -> Pembrolizumab (Keytruda)
prostate-long:n0:agents,prostate-long,n0,phase,Hormone therapy begins (ADT injection),Phase 1 (Hormone (endocrine) therapy; cycles),Hormone (endocrine) therapy,cycles,,agents,Y,Hormone therapy begins (ADT injection) [Hormone therapy] {Hormone (endocrine) therapy}
prostate-long:n0:cycle_length,prostate-long,n0,phase,Hormone therapy begins (ADT injection),Phase 1 (Hormone (endocrine) therapy; cycles),Hormone (endocrine) therapy,cycles,,cycle_length,Y,84 days
prostate-long:n0:n_cycles,prostate-long,n0,phase,Hormone therapy begins (ADT injection),Phase 1 (Hormone (endocrine) therapy; cycles),Hormone (endocrine) therapy,cycles,,n_cycles,Y,1
prostate-long:n0:visit_days,prostate-long,n0,phase,Hormone therapy begins (ADT injection),Phase 1 (Hormone (endocrine) therapy; cycles),Hormone (endocrine) therapy,cycles,,visit_days,Y,day 1: ADT injection (lasts 3 months)
prostate-long:n1:agents,prostate-long,n1,phase,Radiation to the prostate,Phase 2 (Radiation; weekdays),Radiation,weekdays,,agents,Y,Radiation to the prostate [Radiation] {Radiation}
prostate-long:n2:agents,prostate-long,n2,phase,Hormone therapy continues,Phase 3 (Hormone (endocrine) therapy; cycles),Hormone (endocrine) therapy,cycles,,agents,Y,Hormone therapy continues [Hormone therapy] {Hormone (endocrine) therapy}
prostate-long:n2:cycle_length,prostate-long,n2,phase,Hormone therapy continues,Phase 3 (Hormone (endocrine) therapy; cycles),Hormone (endocrine) therapy,cycles,,cycle_length,Y,84 days
prostate-long:n2:n_cycles,prostate-long,n2,phase,Hormone therapy continues,Phase 3 (Hormone (endocrine) therapy; cycles),Hormone (endocrine) therapy,cycles,,n_cycles,Y,11
prostate-long:n2:visit_days,prostate-long,n2,phase,Hormone therapy continues,Phase 3 (Hormone (endocrine) therapy; cycles),Hormone (endocrine) therapy,cycles,,visit_days,Y,day 1: ADT injection
prostate-long:n3:agents,prostate-long,n3,phase,Abiraterone + prednisone tablets (very high risk),Phase 4 (Hormone (endocrine) therapy; daily),Hormone (endocrine) therapy,daily,optional; off by default; concurrent,agents,Y,Abiraterone + prednisone tablets (very high risk) [Abiraterone] {Hormone (endocrine) therapy}
prostate-long:n3:duration,prostate-long,n3,phase,Abiraterone + prednisone tablets (very high risk),Phase 4 (Hormone (endocrine) therapy; daily),Hormone (endocrine) therapy,daily,optional; off by default; concurrent,duration,Y,104 weeks (daily)
prostate-long:n4:agents,prostate-long,n4,phase,Surveillance,Phase 5 (Surveillance; ongoing),Surveillance,ongoing,open-ended,agents,Y,Surveillance [Surveillance] {Surveillance}
prostate-long:n4:frequency_text,prostate-long,n4,phase,Surveillance,Phase 5 (Surveillance; ongoing),Surveillance,ongoing,open-ended,frequency_text,N,PSA blood test every 3 to 6 months
prostate-long:pathway:sequence,prostate-long,pathway,pathway,Radiation + 2–3 years of ADT (± abiraterone),Sequence of steps,,,,sequence,N,Hormone therapy begins (ADT injection) -> Radiation to the prostate -> Hormone therapy continues -> Abiraterone + prednisone tablets (very high risk) -> Surveillance
niagara:n0:agents,niagara,n0,phase,Gemcitabine + cisplatin + durvalumab (Imfinzi),Phase 1 (Chemotherapy; Immunotherapy; cycles),Chemotherapy; Immunotherapy,cycles,,agents,Y,Gemcitabine + cisplatin + durvalumab (Imfinzi) [Gem/cis + durvalumab] {Chemotherapy; Immunotherapy}
niagara:n0:cycle_length,niagara,n0,phase,Gemcitabine + cisplatin + durvalumab (Imfinzi),Phase 1 (Chemotherapy; Immunotherapy; cycles),Chemotherapy; Immunotherapy,cycles,,cycle_length,Y,21 days
niagara:n0:n_cycles,niagara,n0,phase,Gemcitabine + cisplatin + durvalumab (Imfinzi),Phase 1 (Chemotherapy; Immunotherapy; cycles),Chemotherapy; Immunotherapy,cycles,,n_cycles,Y,4
niagara:n0:visit_days,niagara,n0,phase,Gemcitabine + cisplatin + durvalumab (Imfinzi),Phase 1 (Chemotherapy; Immunotherapy; cycles),Chemotherapy; Immunotherapy,cycles,,visit_days,Y,"day 1: Cisplatin, gemcitabine, and durvalumab | day 8: Gemcitabine"
niagara:n1:interval_duration,niagara,n1,interval,Recovery before surgery,Interval: Recovery before surgery,,,,interval_duration,Y,5 weeks (Recovery before surgery)
niagara:n2:procedure_identity,niagara,n2,procedure,Surgery (radical cystectomy),Procedure (Surgery),Surgery,,,procedure_identity,N,Surgery (radical cystectomy) {Surgery}
niagara:n3:interval_duration,niagara,n3,interval,Healing after surgery,Interval: Healing after surgery,,,,interval_duration,Y,8 weeks (Healing after surgery)
niagara:n4:agents,niagara,n4,phase,Durvalumab (Imfinzi),Phase 2 (Immunotherapy; cycles),Immunotherapy,cycles,,agents,Y,Durvalumab (Imfinzi) [Durvalumab] {Immunotherapy}
niagara:n4:cycle_length,niagara,n4,phase,Durvalumab (Imfinzi),Phase 2 (Immunotherapy; cycles),Immunotherapy,cycles,,cycle_length,Y,28 days
niagara:n4:n_cycles,niagara,n4,phase,Durvalumab (Imfinzi),Phase 2 (Immunotherapy; cycles),Immunotherapy,cycles,,n_cycles,Y,8
niagara:pathway:sequence,niagara,pathway,pathway,"NIAGARA: chemo + durvalumab, cystectomy, durvalumab",Sequence of steps,,,,sequence,N,Gemcitabine + cisplatin + durvalumab (Imfinzi) -> Recovery before surgery -> Surgery (radical cystectomy) -> Healing after surgery -> Durvalumab (Imfinzi)
kn564:n0:procedure_identity,kn564,n0,procedure,Surgery (nephrectomy),Procedure (Surgery),Surgery,,,procedure_identity,N,Surgery (nephrectomy) {Surgery}
kn564:n1:interval_duration,kn564,n1,interval,Healing after surgery,Interval: Healing after surgery,,,,interval_duration,Y,8 weeks (Healing after surgery)
kn564:n2:agents,kn564,n2,phase,Pembrolizumab (Keytruda),Phase 1 (Immunotherapy; cycles),Immunotherapy,cycles,,agents,Y,Pembrolizumab (Keytruda) [Pembrolizumab] {Immunotherapy}
kn564:n2:cycle_length,kn564,n2,phase,Pembrolizumab (Keytruda),Phase 1 (Immunotherapy; cycles),Immunotherapy,cycles,,cycle_length,Y,21 days
kn564:n2:n_cycles,kn564,n2,phase,Pembrolizumab (Keytruda),Phase 1 (Immunotherapy; cycles),Immunotherapy,cycles,,n_cycles,Y,17
kn564:n3:agents,kn564,n3,phase,Surveillance,Phase 2 (Surveillance; ongoing),Surveillance,ongoing,open-ended,agents,Y,Surveillance [Surveillance] {Surveillance}
kn564:n3:frequency_text,kn564,n3,phase,Surveillance,Phase 2 (Surveillance; ongoing),Surveillance,ongoing,open-ended,frequency_text,N,Scans every 6 months
kn564:pathway:sequence,kn564,pathway,pathway,"KEYNOTE-564: nephrectomy, then pembrolizumab for a year",Sequence of steps,,,,sequence,N,Surgery (nephrectomy) -> Healing after surgery -> Pembrolizumab (Keytruda) -> Surveillance
active-surv:n0:agents,active-surv,n0,phase,Active surveillance,Phase 1 (Surveillance; ongoing),Surveillance,ongoing,open-ended,agents,Y,Active surveillance [Active surveillance] {Surveillance}
active-surv:n0:frequency_text,active-surv,n0,phase,Active surveillance,Phase 1 (Surveillance; ongoing),Surveillance,ongoing,open-ended,frequency_text,N,PSA every 6 months; MRI and biopsy at set intervals
active-surv:pathway:sequence,active-surv,pathway,pathway,Active surveillance (low-risk prostate cancer),Sequence of steps,,,,sequence,N,Active surveillance
npc-crt:n0:agents,npc-crt,n0,phase,Radiation with cisplatin (chemoradiation),Phase 1 (Radiation; Chemotherapy; weekdays),Radiation; Chemotherapy,weekdays,,agents,Y,Radiation with cisplatin (chemoradiation) [Radiation + cisplatin] {Radiation; Chemotherapy}
npc-crt:n0:duration,npc-crt,n0,phase,Radiation with cisplatin (chemoradiation),Phase 1 (Radiation; Chemotherapy; weekdays),Radiation; Chemotherapy,weekdays,,duration,Y,7 weeks (weekdays)
npc-crt:n1:interval_duration,npc-crt,n1,interval,Recovery and first scan,Interval: Recovery and first scan,,,,interval_duration,Y,12 weeks (Recovery and first scan)
npc-crt:n2:agents,npc-crt,n2,phase,Surveillance,Phase 2 (Surveillance; ongoing),Surveillance,ongoing,open-ended,agents,Y,Surveillance [Surveillance] {Surveillance}
npc-crt:n2:frequency_text,npc-crt,n2,phase,Surveillance,Phase 2 (Surveillance; ongoing),Surveillance,ongoing,open-ended,frequency_text,N,Exams and EBV blood tests every 3 months in the first year
npc-crt:pathway:sequence,npc-crt,pathway,pathway,Nasopharyngeal cancer: concurrent cisplatin + radiation (no induction),Sequence of steps,,,,sequence,N,Radiation with cisplatin (chemoradiation) -> Recovery and first scan -> Surveillance
kn689:n0:agents,kn689,n0,phase,Pembrolizumab (Keytruda),Phase 1 (Immunotherapy; cycles),Immunotherapy,cycles,,agents,Y,Pembrolizumab (Keytruda) [Pembrolizumab] {Immunotherapy}
kn689:n0:cycle_length,kn689,n0,phase,Pembrolizumab (Keytruda),Phase 1 (Immunotherapy; cycles),Immunotherapy,cycles,,cycle_length,Y,21 days
kn689:n0:n_cycles,kn689,n0,phase,Pembrolizumab (Keytruda),Phase 1 (Immunotherapy; cycles),Immunotherapy,cycles,,n_cycles,Y,2
kn689:n1:interval_duration,kn689,n1,interval,Recovery before surgery,Interval: Recovery before surgery,,,,interval_duration,Y,3 weeks (Recovery before surgery)
kn689:n2:procedure_identity,kn689,n2,procedure,Surgery,Procedure (Surgery),Surgery,,,procedure_identity,N,Surgery {Surgery}
kn689:n3:interval_duration,kn689,n3,interval,Healing after surgery,Interval: Healing after surgery,,,,interval_duration,Y,5 weeks (Healing after surgery)
kn689:n4:agents,kn689,n4,phase,Pembrolizumab with radiation (cisplatin added for higher-risk pathology),Phase 2 (Immunotherapy; Radiation; cycles),Immunotherapy; Radiation,cycles,,agents,Y,Pembrolizumab with radiation (cisplatin added for higher-risk pathology) [Pembrolizumab + radiation] {Immunotherapy; Radiation}
kn689:n4:cycle_length,kn689,n4,phase,Pembrolizumab with radiation (cisplatin added for higher-risk pathology),Phase 2 (Immunotherapy; Radiation; cycles),Immunotherapy; Radiation,cycles,,cycle_length,Y,21 days
kn689:n4:n_cycles,kn689,n4,phase,Pembrolizumab with radiation (cisplatin added for higher-risk pathology),Phase 2 (Immunotherapy; Radiation; cycles),Immunotherapy; Radiation,cycles,,n_cycles,Y,3
kn689:n5:agents,kn689,n5,phase,Pembrolizumab (Keytruda),Phase 3 (Immunotherapy; cycles),Immunotherapy,cycles,,agents,Y,Pembrolizumab (Keytruda) [Pembrolizumab] {Immunotherapy}
kn689:n5:cycle_length,kn689,n5,phase,Pembrolizumab (Keytruda),Phase 3 (Immunotherapy; cycles),Immunotherapy,cycles,,cycle_length,Y,21 days
kn689:n5:n_cycles,kn689,n5,phase,Pembrolizumab (Keytruda),Phase 3 (Immunotherapy; cycles),Immunotherapy,cycles,,n_cycles,Y,12
kn689:n6:agents,kn689,n6,phase,Surveillance,Phase 4 (Surveillance; ongoing),Surveillance,ongoing,open-ended,agents,Y,Surveillance [Surveillance] {Surveillance}
kn689:n6:frequency_text,kn689,n6,phase,Surveillance,Phase 4 (Surveillance; ongoing),Surveillance,ongoing,open-ended,frequency_text,N,"Exams every 2 to 3 months in the first year, then less often"
kn689:pathway:sequence,kn689,pathway,pathway,"KEYNOTE-689: pembrolizumab, surgery, pembrolizumab + radiation (± cisplatin), pembrolizumab",Sequence of steps,,,,sequence,N,Pembrolizumab (Keytruda) -> Recovery before surgery -> Surgery -> Healing after surgery -> Pembrolizumab with radiation (cisplatin added for higher-risk pathology) -> Pembrolizumab (Keytruda) -> Surveillance
npc:n0:agents,npc,n0,phase,Gemcitabine + cisplatin (induction),Phase 1 (Chemotherapy; cycles),Chemotherapy,cycles,,agents,Y,Gemcitabine + cisplatin (induction) [Gem/cis chemo] {Chemotherapy}
npc:n0:cycle_length,npc,n0,phase,Gemcitabine + cisplatin (induction),Phase 1 (Chemotherapy; cycles),Chemotherapy,cycles,,cycle_length,Y,21 days
npc:n0:n_cycles,npc,n0,phase,Gemcitabine + cisplatin (induction),Phase 1 (Chemotherapy; cycles),Chemotherapy,cycles,,n_cycles,Y,3
npc:n0:visit_days,npc,n0,phase,Gemcitabine + cisplatin (induction),Phase 1 (Chemotherapy; cycles),Chemotherapy,cycles,,visit_days,Y,day 1: Gemcitabine and cisplatin | day 8: Gemcitabine
npc:n1:agents,npc,n1,phase,Radiation with cisplatin (chemoradiation),Phase 2 (Radiation; Chemotherapy; weekdays),Radiation; Chemotherapy,weekdays,,agents,Y,Radiation with cisplatin (chemoradiation) [Radiation + cisplatin] {Radiation; Chemotherapy}
npc:n1:duration,npc,n1,phase,Radiation with cisplatin (chemoradiation),Phase 2 (Radiation; Chemotherapy; weekdays),Radiation; Chemotherapy,weekdays,,duration,Y,7 weeks (weekdays)
npc:n2:interval_duration,npc,n2,interval,Recovery and first scan,Interval: Recovery and first scan,,,,interval_duration,Y,12 weeks (Recovery and first scan)
npc:n3:agents,npc,n3,phase,Surveillance,Phase 3 (Surveillance; ongoing),Surveillance,ongoing,open-ended,agents,Y,Surveillance [Surveillance] {Surveillance}
npc:n3:frequency_text,npc,n3,phase,Surveillance,Phase 3 (Surveillance; ongoing),Surveillance,ongoing,open-ended,frequency_text,N,Exams and EBV blood tests every 3 months in the first year
npc:pathway:sequence,npc,pathway,pathway,"Nasopharyngeal cancer: gemcitabine/cisplatin ×3, then cisplatin + radiation",Sequence of steps,,,,sequence,N,Gemcitabine + cisplatin (induction) -> Radiation with cisplatin (chemoradiation) -> Recovery and first scan -> Surveillance
npc-adj:n0:agents,npc-adj,n0,phase,Radiation with cisplatin (chemoradiation),Phase 1 (Radiation; Chemotherapy; weekdays),Radiation; Chemotherapy,weekdays,,agents,Y,Radiation with cisplatin (chemoradiation) [Radiation + cisplatin] {Radiation; Chemotherapy}
npc-adj:n0:duration,npc-adj,n0,phase,Radiation with cisplatin (chemoradiation),Phase 1 (Radiation; Chemotherapy; weekdays),Radiation; Chemotherapy,weekdays,,duration,Y,7 weeks (weekdays)
npc-adj:n1:interval_duration,npc-adj,n1,interval,Recovery,Interval: Recovery,,,,interval_duration,Y,4 weeks (Recovery)
npc-adj:n2:agents,npc-adj,n2,phase,Cisplatin + 5-FU (adjuvant),Phase 2 (Chemotherapy; cycles),Chemotherapy,cycles,,agents,Y,Cisplatin + 5-FU (adjuvant) [Cisplatin + 5-FU] {Chemotherapy}
npc-adj:n2:cycle_length,npc-adj,n2,phase,Cisplatin + 5-FU (adjuvant),Phase 2 (Chemotherapy; cycles),Chemotherapy,cycles,,cycle_length,Y,28 days
npc-adj:n2:n_cycles,npc-adj,n2,phase,Cisplatin + 5-FU (adjuvant),Phase 2 (Chemotherapy; cycles),Chemotherapy,cycles,,n_cycles,Y,3
npc-adj:n2:visit_days,npc-adj,n2,phase,Cisplatin + 5-FU (adjuvant),Phase 2 (Chemotherapy; cycles),Chemotherapy,cycles,,visit_days,Y,"day 1: Cisplatin, then a 5-FU pump worn for 4 days"
npc-adj:n3:interval_duration,npc-adj,n3,interval,Recovery and first scan,Interval: Recovery and first scan,,,,interval_duration,Y,8 weeks (Recovery and first scan)
npc-adj:n4:agents,npc-adj,n4,phase,Surveillance,Phase 3 (Surveillance; ongoing),Surveillance,ongoing,open-ended,agents,Y,Surveillance [Surveillance] {Surveillance}
npc-adj:n4:frequency_text,npc-adj,n4,phase,Surveillance,Phase 3 (Surveillance; ongoing),Surveillance,ongoing,open-ended,frequency_text,N,Exams and EBV blood tests every 3 months in the first year
npc-adj:pathway:sequence,npc-adj,pathway,pathway,"Nasopharyngeal cancer: cisplatin + radiation, then adjuvant cisplatin + 5-FU ×3",Sequence of steps,,,,sequence,N,Radiation with cisplatin (chemoradiation) -> Recovery -> Cisplatin + 5-FU (adjuvant) -> Recovery and first scan -> Surveillance
hn-postop:n0:procedure_identity,hn-postop,n0,procedure,Surgery,Procedure (Surgery),Surgery,,,procedure_identity,N,Surgery {Surgery}
hn-postop:n1:interval_duration,hn-postop,n1,interval,Healing after surgery,Interval: Healing after surgery,,,,interval_duration,Y,5 weeks (Healing after surgery)
hn-postop:n2:decision_condition,hn-postop,n2,decision,Pathology results,Decision 1,,,,decision_condition,N,What did the pathology report show?
hn-postop:n2:branch_set,hn-postop,n2,decision,Pathology results,Decision 1,,,,branch_set,N,Positive margins or extranodal extension | Other risk features
hn-postop:n2.b0.n0:agents,hn-postop,n2.b0.n0,phase,Radiation with cisplatin,Phase 1 (Radiation; Chemotherapy; weekdays) [branch: Positive margins or extranodal extension],Radiation; Chemotherapy,weekdays,,agents,Y,Radiation with cisplatin [Radiation + cisplatin] {Radiation; Chemotherapy} [branch: Positive margins or extranodal extension]
hn-postop:n2.b0.n0:duration,hn-postop,n2.b0.n0,phase,Radiation with cisplatin,Phase 1 (Radiation; Chemotherapy; weekdays) [branch: Positive margins or extranodal extension],Radiation; Chemotherapy,weekdays,,duration,Y,6 weeks (weekdays)
hn-postop:n2.b1.n0:agents,hn-postop,n2.b1.n0,phase,Radiation alone,Phase 2 (Radiation; weekdays) [branch: Other risk features],Radiation,weekdays,,agents,Y,Radiation alone [Radiation] {Radiation} [branch: Other risk features]
hn-postop:n2.b1.n0:duration,hn-postop,n2.b1.n0,phase,Radiation alone,Phase 2 (Radiation; weekdays) [branch: Other risk features],Radiation,weekdays,,duration,Y,6 weeks (weekdays)
hn-postop:pathway:sequence,hn-postop,pathway,pathway,"Surgery, then radiation with or without cisplatin (pathology-guided)",Sequence of steps,,,,sequence,N,Surgery -> Healing after surgery -> Decision(Pathology results){Positive margins or extranodal extension: [Radiation with cisplatin]; Other risk features: [Radiation alone]}
hn-crt:n0:agents,hn-crt,n0,phase,Radiation with cisplatin (chemoradiation),Phase 1 (Radiation; Chemotherapy; weekdays),Radiation; Chemotherapy,weekdays,,agents,Y,Radiation with cisplatin (chemoradiation) [Radiation + cisplatin] {Radiation; Chemotherapy}
hn-crt:n0:duration,hn-crt,n0,phase,Radiation with cisplatin (chemoradiation),Phase 1 (Radiation; Chemotherapy; weekdays),Radiation; Chemotherapy,weekdays,,duration,Y,7 weeks (weekdays)
hn-crt:n1:interval_duration,hn-crt,n1,interval,Recovery and first scan,Interval: Recovery and first scan,,,,interval_duration,Y,12 weeks (Recovery and first scan)
hn-crt:n2:decision_condition,hn-crt,n2,decision,Scan at 12 weeks,Decision 1,,,,decision_condition,N,What did the scan show?
hn-crt:n2:branch_set,hn-crt,n2,decision,Scan at 12 weeks,Decision 1,,,,branch_set,N,Complete response | Lymph nodes remain
hn-crt:n2.b0.n0:agents,hn-crt,n2.b0.n0,phase,Surveillance,Phase 2 (Surveillance; ongoing) [branch: Complete response],Surveillance,ongoing,open-ended,agents,Y,Surveillance [Surveillance] {Surveillance} [branch: Complete response]
hn-crt:n2.b0.n0:frequency_text,hn-crt,n2.b0.n0,phase,Surveillance,Phase 2 (Surveillance; ongoing) [branch: Complete response],Surveillance,ongoing,open-ended,frequency_text,N,"Exams every 2 to 3 months in the first year, then less often"
hn-crt:n2.b1.n0:procedure_identity,hn-crt,n2.b1.n0,procedure,Neck surgery (neck dissection),Procedure (Surgery) [branch: Lymph nodes remain],Surgery,,,procedure_identity,N,Neck surgery (neck dissection) {Surgery} [branch: Lymph nodes remain]
hn-crt:n2.b1.n1:interval_duration,hn-crt,n2.b1.n1,interval,Healing after surgery,Interval: Healing after surgery [branch: Lymph nodes remain],,,,interval_duration,Y,6 weeks (Healing after surgery) [branch: Lymph nodes remain]
hn-crt:pathway:sequence,hn-crt,pathway,pathway,Definitive chemoradiation: cisplatin + radiation (7 weeks),Sequence of steps,,,,sequence,N,Radiation with cisplatin (chemoradiation) -> Recovery and first scan -> Decision(Scan at 12 weeks){Complete response: [Surveillance]; Lymph nodes remain: [Neck surgery (neck dissection) -> Healing after surgery]}
nadina:n0:agents,nadina,n0,phase,Ipilimumab (Yervoy) + nivolumab (Opdivo),Phase 1 (Immunotherapy; cycles),Immunotherapy,cycles,,agents,Y,Ipilimumab (Yervoy) + nivolumab (Opdivo) [Ipilimumab + nivolumab] {Immunotherapy}
nadina:n0:cycle_length,nadina,n0,phase,Ipilimumab (Yervoy) + nivolumab (Opdivo),Phase 1 (Immunotherapy; cycles),Immunotherapy,cycles,,cycle_length,Y,21 days
nadina:n0:n_cycles,nadina,n0,phase,Ipilimumab (Yervoy) + nivolumab (Opdivo),Phase 1 (Immunotherapy; cycles),Immunotherapy,cycles,,n_cycles,Y,2
nadina:n1:interval_duration,nadina,n1,interval,Recovery before surgery,Interval: Recovery before surgery,,,,interval_duration,Y,3 weeks (Recovery before surgery)
nadina:n2:procedure_identity,nadina,n2,procedure,Surgery (lymph node dissection),Procedure (Surgery),Surgery,,,procedure_identity,N,Surgery (lymph node dissection) {Surgery}
nadina:n3:interval_duration,nadina,n3,interval,Healing after surgery,Interval: Healing after surgery,,,,interval_duration,Y,4 weeks (Healing after surgery)
nadina:n4:decision_condition,nadina,n4,decision,Pathology response,Decision 1,,,,decision_condition,N,How much living cancer remained?
nadina:n4:branch_set,nadina,n4,decision,Pathology response,Decision 1,,,,branch_set,N,Major response (10 percent or less living cancer) | Less than a major response
nadina:n4.b0.n0:agents,nadina,n4.b0.n0,phase,Surveillance,Phase 2 (Surveillance; ongoing) [branch: Major response (10 percent or less living cancer)],Surveillance,ongoing,open-ended,agents,Y,Surveillance [Surveillance] {Surveillance} [branch: Major response (10 percent or less living cancer)]
nadina:n4.b0.n0:frequency_text,nadina,n4.b0.n0,phase,Surveillance,Phase 2 (Surveillance; ongoing) [branch: Major response (10 percent or less living cancer)],Surveillance,ongoing,open-ended,frequency_text,N,Exams and scans every 3 to 4 months at first
nadina:n4.b1.n0:agents,nadina,n4.b1.n0,phase,Nivolumab (Opdivo),Phase 3 (Immunotherapy; cycles) [branch: Less than a major response],Immunotherapy,cycles,,agents,Y,Nivolumab (Opdivo) [Nivolumab] {Immunotherapy} [branch: Less than a major response]
nadina:n4.b1.n0:cycle_length,nadina,n4.b1.n0,phase,Nivolumab (Opdivo),Phase 3 (Immunotherapy; cycles) [branch: Less than a major response],Immunotherapy,cycles,,cycle_length,Y,28 days
nadina:n4.b1.n0:n_cycles,nadina,n4.b1.n0,phase,Nivolumab (Opdivo),Phase 3 (Immunotherapy; cycles) [branch: Less than a major response],Immunotherapy,cycles,,n_cycles,Y,11
nadina:pathway:sequence,nadina,pathway,pathway,"NADINA: ipilimumab + nivolumab ×2, surgery, adjuvant therapy only without a major response",Sequence of steps,,,,sequence,N,Ipilimumab (Yervoy) + nivolumab (Opdivo) -> Recovery before surgery -> Surgery (lymph node dissection) -> Healing after surgery -> Decision(Pathology response){Major response (10 percent or less living cancer): [Surveillance]; Less than a major response: [Nivolumab (Opdivo)]}
s1801:n0:agents,s1801,n0,phase,Pembrolizumab (Keytruda),Phase 1 (Immunotherapy; cycles),Immunotherapy,cycles,,agents,Y,Pembrolizumab (Keytruda) [Pembrolizumab] {Immunotherapy}
s1801:n0:cycle_length,s1801,n0,phase,Pembrolizumab (Keytruda),Phase 1 (Immunotherapy; cycles),Immunotherapy,cycles,,cycle_length,Y,21 days
s1801:n0:n_cycles,s1801,n0,phase,Pembrolizumab (Keytruda),Phase 1 (Immunotherapy; cycles),Immunotherapy,cycles,,n_cycles,Y,3
s1801:n1:interval_duration,s1801,n1,interval,Recovery before surgery,Interval: Recovery before surgery,,,,interval_duration,Y,3 weeks (Recovery before surgery)
s1801:n2:procedure_identity,s1801,n2,procedure,Surgery,Procedure (Surgery),Surgery,,,procedure_identity,N,Surgery {Surgery}
s1801:n3:interval_duration,s1801,n3,interval,Healing after surgery,Interval: Healing after surgery,,,,interval_duration,Y,4 weeks (Healing after surgery)
s1801:n4:agents,s1801,n4,phase,Pembrolizumab (Keytruda),Phase 2 (Immunotherapy; cycles),Immunotherapy,cycles,,agents,Y,Pembrolizumab (Keytruda) [Pembrolizumab] {Immunotherapy}
s1801:n4:cycle_length,s1801,n4,phase,Pembrolizumab (Keytruda),Phase 2 (Immunotherapy; cycles),Immunotherapy,cycles,,cycle_length,Y,21 days
s1801:n4:n_cycles,s1801,n4,phase,Pembrolizumab (Keytruda),Phase 2 (Immunotherapy; cycles),Immunotherapy,cycles,,n_cycles,Y,15
s1801:n5:agents,s1801,n5,phase,Surveillance,Phase 3 (Surveillance; ongoing),Surveillance,ongoing,open-ended,agents,Y,Surveillance [Surveillance] {Surveillance}
s1801:n5:frequency_text,s1801,n5,phase,Surveillance,Phase 3 (Surveillance; ongoing),Surveillance,ongoing,open-ended,frequency_text,N,Exams and scans every 3 to 6 months
s1801:pathway:sequence,s1801,pathway,pathway,"SWOG S1801: pembrolizumab ×3, surgery, pembrolizumab ×15",Sequence of steps,,,,sequence,N,Pembrolizumab (Keytruda) -> Recovery before surgery -> Surgery -> Healing after surgery -> Pembrolizumab (Keytruda) -> Surveillance
combiad:n0:procedure_identity,combiad,n0,procedure,Surgery (wide excision with lymph node surgery),Procedure (Surgery),Surgery,,,procedure_identity,N,Surgery (wide excision with lymph node surgery) {Surgery}
combiad:n1:interval_duration,combiad,n1,interval,Healing after surgery,Interval: Healing after surgery,,,,interval_duration,Y,6 weeks (Healing after surgery)
combiad:n2:agents,combiad,n2,phase,Dabrafenib (Tafinlar) + trametinib (Mekinist),Phase 1 (Targeted therapy; daily),Targeted therapy,daily,,agents,Y,Dabrafenib (Tafinlar) + trametinib (Mekinist) [Dabrafenib + trametinib] {Targeted therapy}
combiad:n2:duration,combiad,n2,phase,Dabrafenib (Tafinlar) + trametinib (Mekinist),Phase 1 (Targeted therapy; daily),Targeted therapy,daily,,duration,Y,52 weeks (daily)
combiad:n2:frequency_text,combiad,n2,phase,Dabrafenib (Tafinlar) + trametinib (Mekinist),Phase 1 (Targeted therapy; daily),Targeted therapy,daily,,frequency_text,N,Tablets twice daily (dabrafenib) and once daily (trametinib); clinic visits monthly at first
combiad:n3:agents,combiad,n3,phase,Surveillance,Phase 2 (Surveillance; ongoing),Surveillance,ongoing,open-ended,agents,Y,Surveillance [Surveillance] {Surveillance}
combiad:n3:frequency_text,combiad,n3,phase,Surveillance,Phase 2 (Surveillance; ongoing),Surveillance,ongoing,open-ended,frequency_text,N,"Skin exams every 3 to 6 months, scans as advised"
combiad:pathway:sequence,combiad,pathway,pathway,"Surgery, then dabrafenib + trametinib for one year (BRAF V600)",Sequence of steps,,,,sequence,N,Surgery (wide excision with lymph node surgery) -> Healing after surgery -> Dabrafenib (Tafinlar) + trametinib (Mekinist) -> Surveillance
mel-adj-io:n0:procedure_identity,mel-adj-io,n0,procedure,Surgery (wide excision with lymph node surgery),Procedure (Surgery),Surgery,,,procedure_identity,N,Surgery (wide excision with lymph node surgery) {Surgery}
mel-adj-io:n1:interval_duration,mel-adj-io,n1,interval,Healing after surgery,Interval: Healing after surgery,,,,interval_duration,Y,6 weeks (Healing after surgery)
mel-adj-io:n2:agents,mel-adj-io,n2,phase,Pembrolizumab (Keytruda),Phase 1 (Immunotherapy; cycles),Immunotherapy,cycles,,agents,Y,Pembrolizumab (Keytruda) [Pembrolizumab] {Immunotherapy}
mel-adj-io:n2:cycle_length,mel-adj-io,n2,phase,Pembrolizumab (Keytruda),Phase 1 (Immunotherapy; cycles),Immunotherapy,cycles,,cycle_length,Y,21 days
mel-adj-io:n2:n_cycles,mel-adj-io,n2,phase,Pembrolizumab (Keytruda),Phase 1 (Immunotherapy; cycles),Immunotherapy,cycles,,n_cycles,Y,18
mel-adj-io:n3:agents,mel-adj-io,n3,phase,Surveillance,Phase 2 (Surveillance; ongoing),Surveillance,ongoing,open-ended,agents,Y,Surveillance [Surveillance] {Surveillance}
mel-adj-io:n3:frequency_text,mel-adj-io,n3,phase,Surveillance,Phase 2 (Surveillance; ongoing),Surveillance,ongoing,open-ended,frequency_text,N,"Skin exams every 3 to 6 months, scans as advised"
mel-adj-io:pathway:sequence,mel-adj-io,pathway,pathway,"Surgery, then adjuvant pembrolizumab (or nivolumab) for one year",Sequence of steps,,,,sequence,N,Surgery (wide excision with lymph node surgery) -> Healing after surgery -> Pembrolizumab (Keytruda) -> Surveillance
ruby:n0:procedure_identity,ruby,n0,procedure,Surgery (hysterectomy and removal of visible cancer),Procedure (Surgery),Surgery,,,procedure_identity,N,Surgery (hysterectomy and removal of visible cancer) {Surgery}
ruby:n1:interval_duration,ruby,n1,interval,Healing after surgery,Interval: Healing after surgery,,,,interval_duration,Y,4 weeks (Healing after surgery)
ruby:n2:agents,ruby,n2,phase,Carboplatin + paclitaxel + dostarlimab (Jemperli),Phase 1 (Chemotherapy; Immunotherapy; cycles),Chemotherapy; Immunotherapy,cycles,,agents,Y,Carboplatin + paclitaxel + dostarlimab (Jemperli) [Carbo + paclitaxel + immunotherapy] {Chemotherapy; Immunotherapy}
ruby:n2:cycle_length,ruby,n2,phase,Carboplatin + paclitaxel + dostarlimab (Jemperli),Phase 1 (Chemotherapy; Immunotherapy; cycles),Chemotherapy; Immunotherapy,cycles,,cycle_length,Y,21 days
ruby:n2:n_cycles,ruby,n2,phase,Carboplatin + paclitaxel + dostarlimab (Jemperli),Phase 1 (Chemotherapy; Immunotherapy; cycles),Chemotherapy; Immunotherapy,cycles,,n_cycles,Y,6
ruby:n3:agents,ruby,n3,phase,Dostarlimab maintenance,Phase 2 (Immunotherapy; cycles),Immunotherapy,cycles,,agents,Y,Dostarlimab maintenance [Dostarlimab] {Immunotherapy}
ruby:n3:cycle_length,ruby,n3,phase,Dostarlimab maintenance,Phase 2 (Immunotherapy; cycles),Immunotherapy,cycles,,cycle_length,Y,42 days
ruby:n3:n_cycles,ruby,n3,phase,Dostarlimab maintenance,Phase 2 (Immunotherapy; cycles),Immunotherapy,cycles,,n_cycles,Y,23
ruby:n4:agents,ruby,n4,phase,Surveillance,Phase 3 (Surveillance; ongoing),Surveillance,ongoing,open-ended,agents,Y,Surveillance [Surveillance] {Surveillance}
ruby:n4:frequency_text,ruby,n4,phase,Surveillance,Phase 3 (Surveillance; ongoing),Surveillance,ongoing,open-ended,frequency_text,N,Visits and scans every 3 to 6 months
ruby:pathway:sequence,ruby,pathway,pathway,"Surgery, carboplatin + paclitaxel + dostarlimab ×6, then dostarlimab for up to 3 years (RUBY)",Sequence of steps,,,,sequence,N,Surgery (hysterectomy and removal of visible cancer) -> Healing after surgery -> Carboplatin + paclitaxel + dostarlimab (Jemperli) -> Dostarlimab maintenance -> Surveillance
portec2:n0:procedure_identity,portec2,n0,procedure,Surgery (hysterectomy),Procedure (Surgery),Surgery,,,procedure_identity,N,Surgery (hysterectomy) {Surgery}
portec2:n1:interval_duration,portec2,n1,interval,Healing after surgery,Interval: Healing after surgery,,,,interval_duration,Y,6 weeks (Healing after surgery)
portec2:n2:agents,portec2,n2,phase,Vaginal brachytherapy (internal radiation),Phase 1 (Radiation; cycles),Radiation,cycles,,agents,Y,Vaginal brachytherapy (internal radiation) [Brachytherapy] {Radiation}
portec2:n2:cycle_length,portec2,n2,phase,Vaginal brachytherapy (internal radiation),Phase 1 (Radiation; cycles),Radiation,cycles,,cycle_length,Y,7 days
portec2:n2:n_cycles,portec2,n2,phase,Vaginal brachytherapy (internal radiation),Phase 1 (Radiation; cycles),Radiation,cycles,,n_cycles,Y,3
portec2:n3:agents,portec2,n3,phase,Surveillance,Phase 2 (Surveillance; ongoing),Surveillance,ongoing,open-ended,agents,Y,Surveillance [Surveillance] {Surveillance}
portec2:n3:frequency_text,portec2,n3,phase,Surveillance,Phase 2 (Surveillance; ongoing),Surveillance,ongoing,open-ended,frequency_text,N,"Visits and exams every 3 to 6 months, then yearly"
portec2:pathway:sequence,portec2,pathway,pathway,"Surgery, then vaginal brachytherapy (PORTEC-2)",Sequence of steps,,,,sequence,N,Surgery (hysterectomy) -> Healing after surgery -> Vaginal brachytherapy (internal radiation) -> Surveillance
ov-pds:n0:procedure_identity,ov-pds,n0,procedure,Surgery (debulking),Procedure (Surgery),Surgery,,,procedure_identity,N,Surgery (debulking) {Surgery}
ov-pds:n1:interval_duration,ov-pds,n1,interval,Healing after surgery,Interval: Healing after surgery,,,,interval_duration,Y,4 weeks (Healing after surgery)
ov-pds:n2:agents,ov-pds,n2,phase,Carboplatin + paclitaxel,Phase 1 (Chemotherapy; cycles),Chemotherapy,cycles,,agents,Y,Carboplatin + paclitaxel [Carboplatin + paclitaxel] {Chemotherapy}
ov-pds:n2:cycle_length,ov-pds,n2,phase,Carboplatin + paclitaxel,Phase 1 (Chemotherapy; cycles),Chemotherapy,cycles,,cycle_length,Y,21 days
ov-pds:n2:n_cycles,ov-pds,n2,phase,Carboplatin + paclitaxel,Phase 1 (Chemotherapy; cycles),Chemotherapy,cycles,,n_cycles,Y,6
ov-pds:n3:agents,ov-pds,n3,phase,"Bevacizumab (Avastin), if used",Phase 2 (Targeted therapy; cycles),Targeted therapy,cycles,optional; off by default; concurrent,agents,Y,"Bevacizumab (Avastin), if used [Bevacizumab] {Targeted therapy}"
ov-pds:n3:cycle_length,ov-pds,n3,phase,"Bevacizumab (Avastin), if used",Phase 2 (Targeted therapy; cycles),Targeted therapy,cycles,optional; off by default; concurrent,cycle_length,Y,21 days
ov-pds:n3:n_cycles,ov-pds,n3,phase,"Bevacizumab (Avastin), if used",Phase 2 (Targeted therapy; cycles),Targeted therapy,cycles,optional; off by default; concurrent,n_cycles,Y,5
ov-pds:n4:decision_condition,ov-pds,n4,decision,Tumor test result (BRCA and HRD),Decision 1,,,,decision_condition,N,What did the tumor's gene tests show?
ov-pds:n4:branch_set,ov-pds,n4,decision,Tumor test result (BRCA and HRD),Decision 1,,,,branch_set,N,BRCA mutation or HRD-positive | No BRCA mutation and HRD-negative
ov-pds:n4.b0.n0:agents,ov-pds,n4.b0.n0,phase,Olaparib (Lynparza) tablets for 2 years,Phase 3 (Targeted therapy; daily) [branch: BRCA mutation or HRD-positive],Targeted therapy,daily,optional,agents,Y,Olaparib (Lynparza) tablets for 2 years [Olaparib] {Targeted therapy} [branch: BRCA mutation or HRD-positive]
ov-pds:n4.b0.n0:duration,ov-pds,n4.b0.n0,phase,Olaparib (Lynparza) tablets for 2 years,Phase 3 (Targeted therapy; daily) [branch: BRCA mutation or HRD-positive],Targeted therapy,daily,optional,duration,Y,104 weeks (daily)
ov-pds:n4.b0.n1:agents,ov-pds,n4.b0.n1,phase,Niraparib (Zejula) tablets for 3 years,Phase 4 (Targeted therapy; daily) [branch: BRCA mutation or HRD-positive],Targeted therapy,daily,optional; off by default,agents,Y,Niraparib (Zejula) tablets for 3 years [Niraparib] {Targeted therapy} [branch: BRCA mutation or HRD-positive]
ov-pds:n4.b0.n1:duration,ov-pds,n4.b0.n1,phase,Niraparib (Zejula) tablets for 3 years,Phase 4 (Targeted therapy; daily) [branch: BRCA mutation or HRD-positive],Targeted therapy,daily,optional; off by default,duration,Y,156 weeks (daily)
ov-pds:n4.b1.n0:agents,ov-pds,n4.b1.n0,phase,"Bevacizumab (Avastin) maintenance, if used",Phase 5 (Targeted therapy; cycles) [branch: No BRCA mutation and HRD-negative],Targeted therapy,cycles,optional; off by default,agents,Y,"Bevacizumab (Avastin) maintenance, if used [Bevacizumab] {Targeted therapy} [branch: No BRCA mutation and HRD-negative]"
ov-pds:n4.b1.n0:cycle_length,ov-pds,n4.b1.n0,phase,"Bevacizumab (Avastin) maintenance, if used",Phase 5 (Targeted therapy; cycles) [branch: No BRCA mutation and HRD-negative],Targeted therapy,cycles,optional; off by default,cycle_length,Y,21 days
ov-pds:n4.b1.n0:n_cycles,ov-pds,n4.b1.n0,phase,"Bevacizumab (Avastin) maintenance, if used",Phase 5 (Targeted therapy; cycles) [branch: No BRCA mutation and HRD-negative],Targeted therapy,cycles,optional; off by default,n_cycles,Y,16
ov-pds:n4.b1.n1:agents,ov-pds,n4.b1.n1,phase,"Niraparib (Zejula) tablets, if recommended",Phase 6 (Targeted therapy; daily) [branch: No BRCA mutation and HRD-negative],Targeted therapy,daily,optional; off by default,agents,Y,"Niraparib (Zejula) tablets, if recommended [Niraparib] {Targeted therapy} [branch: No BRCA mutation and HRD-negative]"
ov-pds:n4.b1.n1:duration,ov-pds,n4.b1.n1,phase,"Niraparib (Zejula) tablets, if recommended",Phase 6 (Targeted therapy; daily) [branch: No BRCA mutation and HRD-negative],Targeted therapy,daily,optional; off by default,duration,Y,156 weeks (daily)
ov-pds:n4.b1.n2:agents,ov-pds,n4.b1.n2,phase,Surveillance,Phase 7 (Surveillance; ongoing) [branch: No BRCA mutation and HRD-negative],Surveillance,ongoing,open-ended,agents,Y,Surveillance [Surveillance] {Surveillance} [branch: No BRCA mutation and HRD-negative]
ov-pds:n4.b1.n2:frequency_text,ov-pds,n4.b1.n2,phase,Surveillance,Phase 7 (Surveillance; ongoing) [branch: No BRCA mutation and HRD-negative],Surveillance,ongoing,open-ended,frequency_text,N,"Visits, blood tests (CA-125), and scans every 3 months at first"
ov-pds:pathway:sequence,ov-pds,pathway,pathway,"Surgery first, carboplatin + paclitaxel ×6, then maintenance by BRCA / HRD result",Sequence of steps,,,,sequence,N,"Surgery (debulking) -> Healing after surgery -> Carboplatin + paclitaxel -> Bevacizumab (Avastin), if used -> Decision(Tumor test result (BRCA and HRD)){BRCA mutation or HRD-positive: [Olaparib (Lynparza) tablets for 2 years -> Niraparib (Zejula) tablets for 3 years]; No BRCA mutation and HRD-negative: [Bevacizumab (Avastin) maintenance, if used -> Niraparib (Zejula) tablets, if recommended -> Surveillance]}"
usc-her2:n0:procedure_identity,usc-her2,n0,procedure,Surgery (hysterectomy and removal of visible cancer),Procedure (Surgery),Surgery,,,procedure_identity,N,Surgery (hysterectomy and removal of visible cancer) {Surgery}
usc-her2:n1:interval_duration,usc-her2,n1,interval,Healing after surgery,Interval: Healing after surgery,,,,interval_duration,Y,4 weeks (Healing after surgery)
usc-her2:n2:agents,usc-her2,n2,phase,Carboplatin + paclitaxel + trastuzumab (Herceptin),Phase 1 (Chemotherapy; Targeted therapy; cycles),Chemotherapy; Targeted therapy,cycles,,agents,Y,Carboplatin + paclitaxel + trastuzumab (Herceptin) [Carbo + paclitaxel + trastuzumab] {Chemotherapy; Targeted therapy}
usc-her2:n2:cycle_length,usc-her2,n2,phase,Carboplatin + paclitaxel + trastuzumab (Herceptin),Phase 1 (Chemotherapy; Targeted therapy; cycles),Chemotherapy; Targeted therapy,cycles,,cycle_length,Y,21 days
usc-her2:n2:n_cycles,usc-her2,n2,phase,Carboplatin + paclitaxel + trastuzumab (Herceptin),Phase 1 (Chemotherapy; Targeted therapy; cycles),Chemotherapy; Targeted therapy,cycles,,n_cycles,Y,6
usc-her2:n3:agents,usc-her2,n3,phase,Trastuzumab maintenance,Phase 2 (Targeted therapy; ongoing),Targeted therapy,ongoing,open-ended,agents,Y,Trastuzumab maintenance [Trastuzumab] {Targeted therapy}
usc-her2:n3:frequency_text,usc-her2,n3,phase,Trastuzumab maintenance,Phase 2 (Targeted therapy; ongoing),Targeted therapy,ongoing,open-ended,frequency_text,N,"By IV every 3 weeks, for as long as it keeps working"
usc-her2:pathway:sequence,usc-her2,pathway,pathway,"Surgery, carboplatin + paclitaxel + trastuzumab ×6, then trastuzumab maintenance (HER2-positive uterine serous)",Sequence of steps,,,,sequence,N,Surgery (hysterectomy and removal of visible cancer) -> Healing after surgery -> Carboplatin + paclitaxel + trastuzumab (Herceptin) -> Trastuzumab maintenance
gog258:n0:procedure_identity,gog258,n0,procedure,Surgery (hysterectomy and staging),Procedure (Surgery),Surgery,,,procedure_identity,N,Surgery (hysterectomy and staging) {Surgery}
gog258:n1:interval_duration,gog258,n1,interval,Healing after surgery,Interval: Healing after surgery,,,,interval_duration,Y,4 weeks (Healing after surgery)
gog258:n2:agents,gog258,n2,phase,Carboplatin + paclitaxel,Phase 1 (Chemotherapy; cycles),Chemotherapy,cycles,,agents,Y,Carboplatin + paclitaxel [Carboplatin + paclitaxel] {Chemotherapy}
gog258:n2:cycle_length,gog258,n2,phase,Carboplatin + paclitaxel,Phase 1 (Chemotherapy; cycles),Chemotherapy,cycles,,cycle_length,Y,21 days
gog258:n2:n_cycles,gog258,n2,phase,Carboplatin + paclitaxel,Phase 1 (Chemotherapy; cycles),Chemotherapy,cycles,,n_cycles,Y,6
gog258:n3:agents,gog258,n3,phase,Vaginal brachytherapy (if recommended),Phase 2 (Radiation; cycles),Radiation,cycles,optional; off by default,agents,Y,Vaginal brachytherapy (if recommended) [Brachytherapy] {Radiation}
gog258:n3:cycle_length,gog258,n3,phase,Vaginal brachytherapy (if recommended),Phase 2 (Radiation; cycles),Radiation,cycles,optional; off by default,cycle_length,Y,7 days
gog258:n3:n_cycles,gog258,n3,phase,Vaginal brachytherapy (if recommended),Phase 2 (Radiation; cycles),Radiation,cycles,optional; off by default,n_cycles,Y,3
gog258:n4:agents,gog258,n4,phase,Surveillance,Phase 3 (Surveillance; ongoing),Surveillance,ongoing,open-ended,agents,Y,Surveillance [Surveillance] {Surveillance}
gog258:n4:frequency_text,gog258,n4,phase,Surveillance,Phase 3 (Surveillance; ongoing),Surveillance,ongoing,open-ended,frequency_text,N,"Visits and exams every 3 months at first, scans as needed"
gog258:pathway:sequence,gog258,pathway,pathway,"Surgery, then carboplatin + paclitaxel ×6 (GOG-258)",Sequence of steps,,,,sequence,N,Surgery (hysterectomy and staging) -> Healing after surgery -> Carboplatin + paclitaxel -> Vaginal brachytherapy (if recommended) -> Surveillance
ov-nact:n0:agents,ov-nact,n0,phase,Carboplatin + paclitaxel (before surgery),Phase 1 (Chemotherapy; cycles),Chemotherapy,cycles,,agents,Y,Carboplatin + paclitaxel (before surgery) [Carboplatin + paclitaxel] {Chemotherapy}
ov-nact:n0:cycle_length,ov-nact,n0,phase,Carboplatin + paclitaxel (before surgery),Phase 1 (Chemotherapy; cycles),Chemotherapy,cycles,,cycle_length,Y,21 days
ov-nact:n0:n_cycles,ov-nact,n0,phase,Carboplatin + paclitaxel (before surgery),Phase 1 (Chemotherapy; cycles),Chemotherapy,cycles,,n_cycles,Y,3
ov-nact:n1:procedure_identity,ov-nact,n1,procedure,Interval surgery (debulking),Procedure (Surgery),Surgery,,,procedure_identity,N,Interval surgery (debulking) {Surgery}
ov-nact:n2:interval_duration,ov-nact,n2,interval,Healing after surgery,Interval: Healing after surgery,,,,interval_duration,Y,4 weeks (Healing after surgery)
ov-nact:n3:agents,ov-nact,n3,phase,Carboplatin + paclitaxel (after surgery),Phase 2 (Chemotherapy; cycles),Chemotherapy,cycles,,agents,Y,Carboplatin + paclitaxel (after surgery) [Carboplatin + paclitaxel] {Chemotherapy}
ov-nact:n3:cycle_length,ov-nact,n3,phase,Carboplatin + paclitaxel (after surgery),Phase 2 (Chemotherapy; cycles),Chemotherapy,cycles,,cycle_length,Y,21 days
ov-nact:n3:n_cycles,ov-nact,n3,phase,Carboplatin + paclitaxel (after surgery),Phase 2 (Chemotherapy; cycles),Chemotherapy,cycles,,n_cycles,Y,3
ov-nact:n4:agents,ov-nact,n4,phase,"Bevacizumab (Avastin), if used",Phase 3 (Targeted therapy; cycles),Targeted therapy,cycles,optional; off by default; concurrent,agents,Y,"Bevacizumab (Avastin), if used [Bevacizumab] {Targeted therapy}"
ov-nact:n4:cycle_length,ov-nact,n4,phase,"Bevacizumab (Avastin), if used",Phase 3 (Targeted therapy; cycles),Targeted therapy,cycles,optional; off by default; concurrent,cycle_length,Y,21 days
ov-nact:n4:n_cycles,ov-nact,n4,phase,"Bevacizumab (Avastin), if used",Phase 3 (Targeted therapy; cycles),Targeted therapy,cycles,optional; off by default; concurrent,n_cycles,Y,3
ov-nact:n5:decision_condition,ov-nact,n5,decision,Tumor test result (BRCA and HRD),Decision 1,,,,decision_condition,N,What did the tumor's gene tests show?
ov-nact:n5:branch_set,ov-nact,n5,decision,Tumor test result (BRCA and HRD),Decision 1,,,,branch_set,N,BRCA mutation or HRD-positive | No BRCA mutation and HRD-negative
ov-nact:n5.b0.n0:agents,ov-nact,n5.b0.n0,phase,Olaparib (Lynparza) tablets for 2 years,Phase 4 (Targeted therapy; daily) [branch: BRCA mutation or HRD-positive],Targeted therapy,daily,optional,agents,Y,Olaparib (Lynparza) tablets for 2 years [Olaparib] {Targeted therapy} [branch: BRCA mutation or HRD-positive]
ov-nact:n5.b0.n0:duration,ov-nact,n5.b0.n0,phase,Olaparib (Lynparza) tablets for 2 years,Phase 4 (Targeted therapy; daily) [branch: BRCA mutation or HRD-positive],Targeted therapy,daily,optional,duration,Y,104 weeks (daily)
ov-nact:n5.b0.n1:agents,ov-nact,n5.b0.n1,phase,Niraparib (Zejula) tablets for 3 years,Phase 5 (Targeted therapy; daily) [branch: BRCA mutation or HRD-positive],Targeted therapy,daily,optional; off by default,agents,Y,Niraparib (Zejula) tablets for 3 years [Niraparib] {Targeted therapy} [branch: BRCA mutation or HRD-positive]
ov-nact:n5.b0.n1:duration,ov-nact,n5.b0.n1,phase,Niraparib (Zejula) tablets for 3 years,Phase 5 (Targeted therapy; daily) [branch: BRCA mutation or HRD-positive],Targeted therapy,daily,optional; off by default,duration,Y,156 weeks (daily)
ov-nact:n5.b1.n0:agents,ov-nact,n5.b1.n0,phase,"Bevacizumab (Avastin) maintenance, if used",Phase 6 (Targeted therapy; cycles) [branch: No BRCA mutation and HRD-negative],Targeted therapy,cycles,optional; off by default,agents,Y,"Bevacizumab (Avastin) maintenance, if used [Bevacizumab] {Targeted therapy} [branch: No BRCA mutation and HRD-negative]"
ov-nact:n5.b1.n0:cycle_length,ov-nact,n5.b1.n0,phase,"Bevacizumab (Avastin) maintenance, if used",Phase 6 (Targeted therapy; cycles) [branch: No BRCA mutation and HRD-negative],Targeted therapy,cycles,optional; off by default,cycle_length,Y,21 days
ov-nact:n5.b1.n0:n_cycles,ov-nact,n5.b1.n0,phase,"Bevacizumab (Avastin) maintenance, if used",Phase 6 (Targeted therapy; cycles) [branch: No BRCA mutation and HRD-negative],Targeted therapy,cycles,optional; off by default,n_cycles,Y,16
ov-nact:n5.b1.n1:agents,ov-nact,n5.b1.n1,phase,"Niraparib (Zejula) tablets, if recommended",Phase 7 (Targeted therapy; daily) [branch: No BRCA mutation and HRD-negative],Targeted therapy,daily,optional; off by default,agents,Y,"Niraparib (Zejula) tablets, if recommended [Niraparib] {Targeted therapy} [branch: No BRCA mutation and HRD-negative]"
ov-nact:n5.b1.n1:duration,ov-nact,n5.b1.n1,phase,"Niraparib (Zejula) tablets, if recommended",Phase 7 (Targeted therapy; daily) [branch: No BRCA mutation and HRD-negative],Targeted therapy,daily,optional; off by default,duration,Y,156 weeks (daily)
ov-nact:n5.b1.n2:agents,ov-nact,n5.b1.n2,phase,Surveillance,Phase 8 (Surveillance; ongoing) [branch: No BRCA mutation and HRD-negative],Surveillance,ongoing,open-ended,agents,Y,Surveillance [Surveillance] {Surveillance} [branch: No BRCA mutation and HRD-negative]
ov-nact:n5.b1.n2:frequency_text,ov-nact,n5.b1.n2,phase,Surveillance,Phase 8 (Surveillance; ongoing) [branch: No BRCA mutation and HRD-negative],Surveillance,ongoing,open-ended,frequency_text,N,"Visits, blood tests (CA-125), and scans every 3 months at first"
ov-nact:pathway:sequence,ov-nact,pathway,pathway,"Carboplatin + paclitaxel ×3, interval debulking surgery, ×3 more, then maintenance by BRCA / HRD result",Sequence of steps,,,,sequence,N,"Carboplatin + paclitaxel (before surgery) -> Interval surgery (debulking) -> Healing after surgery -> Carboplatin + paclitaxel (after surgery) -> Bevacizumab (Avastin), if used -> Decision(Tumor test result (BRCA and HRD)){BRCA mutation or HRD-positive: [Olaparib (Lynparza) tablets for 2 years -> Niraparib (Zejula) tablets for 3 years]; No BRCA mutation and HRD-negative: [Bevacizumab (Avastin) maintenance, if used -> Niraparib (Zejula) tablets, if recommended -> Surveillance]}"
gy018:n0:procedure_identity,gy018,n0,procedure,Surgery (hysterectomy and removal of visible cancer),Procedure (Surgery),Surgery,,,procedure_identity,N,Surgery (hysterectomy and removal of visible cancer) {Surgery}
gy018:n1:interval_duration,gy018,n1,interval,Healing after surgery,Interval: Healing after surgery,,,,interval_duration,Y,4 weeks (Healing after surgery)
gy018:n2:agents,gy018,n2,phase,Carboplatin + paclitaxel + pembrolizumab (Keytruda),Phase 1 (Chemotherapy; Immunotherapy; cycles),Chemotherapy; Immunotherapy,cycles,,agents,Y,Carboplatin + paclitaxel + pembrolizumab (Keytruda) [Carbo + paclitaxel + immunotherapy] {Chemotherapy; Immunotherapy}
gy018:n2:cycle_length,gy018,n2,phase,Carboplatin + paclitaxel + pembrolizumab (Keytruda),Phase 1 (Chemotherapy; Immunotherapy; cycles),Chemotherapy; Immunotherapy,cycles,,cycle_length,Y,21 days
gy018:n2:n_cycles,gy018,n2,phase,Carboplatin + paclitaxel + pembrolizumab (Keytruda),Phase 1 (Chemotherapy; Immunotherapy; cycles),Chemotherapy; Immunotherapy,cycles,,n_cycles,Y,6
gy018:n3:agents,gy018,n3,phase,Pembrolizumab maintenance,Phase 2 (Immunotherapy; cycles),Immunotherapy,cycles,,agents,Y,Pembrolizumab maintenance [Pembrolizumab] {Immunotherapy}
gy018:n3:cycle_length,gy018,n3,phase,Pembrolizumab maintenance,Phase 2 (Immunotherapy; cycles),Immunotherapy,cycles,,cycle_length,Y,42 days
gy018:n3:n_cycles,gy018,n3,phase,Pembrolizumab maintenance,Phase 2 (Immunotherapy; cycles),Immunotherapy,cycles,,n_cycles,Y,14
gy018:n4:agents,gy018,n4,phase,Surveillance,Phase 3 (Surveillance; ongoing),Surveillance,ongoing,open-ended,agents,Y,Surveillance [Surveillance] {Surveillance}
gy018:n4:frequency_text,gy018,n4,phase,Surveillance,Phase 3 (Surveillance; ongoing),Surveillance,ongoing,open-ended,frequency_text,N,Visits and scans every 3 to 6 months
gy018:pathway:sequence,gy018,pathway,pathway,"Surgery, carboplatin + paclitaxel + pembrolizumab ×6, then pembrolizumab maintenance (NRG-GY018)",Sequence of steps,,,,sequence,N,Surgery (hysterectomy and removal of visible cancer) -> Healing after surgery -> Carboplatin + paclitaxel + pembrolizumab (Keytruda) -> Pembrolizumab maintenance -> Surveillance
portec3:n0:procedure_identity,portec3,n0,procedure,Surgery (hysterectomy),Procedure (Surgery),Surgery,,,procedure_identity,N,Surgery (hysterectomy) {Surgery}
portec3:n1:interval_duration,portec3,n1,interval,Healing after surgery,Interval: Healing after surgery,,,,interval_duration,Y,6 weeks (Healing after surgery)
portec3:n2:agents,portec3,n2,phase,Pelvic radiation with cisplatin,Phase 1 (Radiation; Chemotherapy; weekdays),Radiation; Chemotherapy,weekdays,,agents,Y,Pelvic radiation with cisplatin [Radiation + cisplatin] {Radiation; Chemotherapy}
portec3:n2:duration,portec3,n2,phase,Pelvic radiation with cisplatin,Phase 1 (Radiation; Chemotherapy; weekdays),Radiation; Chemotherapy,weekdays,,duration,Y,6 weeks (weekdays)
portec3:n3:interval_duration,portec3,n3,interval,Recovery,Interval: Recovery,,,,interval_duration,Y,3 weeks (Recovery)
portec3:n4:agents,portec3,n4,phase,Carboplatin + paclitaxel,Phase 2 (Chemotherapy; cycles),Chemotherapy,cycles,,agents,Y,Carboplatin + paclitaxel [Carboplatin + paclitaxel] {Chemotherapy}
portec3:n4:cycle_length,portec3,n4,phase,Carboplatin + paclitaxel,Phase 2 (Chemotherapy; cycles),Chemotherapy,cycles,,cycle_length,Y,21 days
portec3:n4:n_cycles,portec3,n4,phase,Carboplatin + paclitaxel,Phase 2 (Chemotherapy; cycles),Chemotherapy,cycles,,n_cycles,Y,4
portec3:n5:agents,portec3,n5,phase,Surveillance,Phase 3 (Surveillance; ongoing),Surveillance,ongoing,open-ended,agents,Y,Surveillance [Surveillance] {Surveillance}
portec3:n5:frequency_text,portec3,n5,phase,Surveillance,Phase 3 (Surveillance; ongoing),Surveillance,ongoing,open-ended,frequency_text,N,"Visits and exams every 3 to 6 months, scans if needed"
portec3:pathway:sequence,portec3,pathway,pathway,"Surgery, radiation with cisplatin, then carboplatin + paclitaxel ×4 (PORTEC-3)",Sequence of steps,,,,sequence,N,Surgery (hysterectomy) -> Healing after surgery -> Pelvic radiation with cisplatin -> Recovery -> Carboplatin + paclitaxel -> Surveillance
