order,batch,pathway_id,pathway_name,trial,disease,group,node_ref,element_type,slot,mods,mode,flags,assertion_id,assertion_class,schedule_bearing,source_value,source_used,source_depth,locator,date_consulted,library_value,classification,note
1,1,tchp,"TCHP, surgery, trastuzumab + pertuzumab","NCCN standard (NeoSphere, TRAIN-2, KATHERINE, DESTINY-Breast05)",breast,HER2-positive,n0,phase,Phase 1 (Chemotherapy; Targeted therapy; cycles),Chemotherapy; Targeted therapy,cycles,,tchp:n0:agents,agents,Y,,,,,,,,
1,1,tchp,"TCHP, surgery, trastuzumab + pertuzumab","NCCN standard (NeoSphere, TRAIN-2, KATHERINE, DESTINY-Breast05)",breast,HER2-positive,n0,phase,Phase 1 (Chemotherapy; Targeted therapy; cycles),Chemotherapy; Targeted therapy,cycles,,tchp:n0:cycle_length,cycle_length,Y,,,,,,,,
1,1,tchp,"TCHP, surgery, trastuzumab + pertuzumab","NCCN standard (NeoSphere, TRAIN-2, KATHERINE, DESTINY-Breast05)",breast,HER2-positive,n0,phase,Phase 1 (Chemotherapy; Targeted therapy; cycles),Chemotherapy; Targeted therapy,cycles,,tchp:n0:n_cycles,n_cycles,Y,,,,,,,,
1,1,tchp,"TCHP, surgery, trastuzumab + pertuzumab","NCCN standard (NeoSphere, TRAIN-2, KATHERINE, DESTINY-Breast05)",breast,HER2-positive,n1,interval,Interval: Recovery before surgery,,,,tchp:n1:interval_duration,interval_duration,Y,,,,,,,,
1,1,tchp,"TCHP, surgery, trastuzumab + pertuzumab","NCCN standard (NeoSphere, TRAIN-2, KATHERINE, DESTINY-Breast05)",breast,HER2-positive,n2,procedure,Procedure (Surgery),Surgery,,,tchp:n2:procedure_identity,procedure_identity,N,,,,,,,,
1,1,tchp,"TCHP, surgery, trastuzumab + pertuzumab","NCCN standard (NeoSphere, TRAIN-2, KATHERINE, DESTINY-Breast05)",breast,HER2-positive,n3,interval,Interval: Healing after surgery,,,,tchp:n3:interval_duration,interval_duration,Y,,,,,,,,
1,1,tchp,"TCHP, surgery, trastuzumab + pertuzumab","NCCN standard (NeoSphere, TRAIN-2, KATHERINE, DESTINY-Breast05)",breast,HER2-positive,n4,decision,Decision 1,,,,tchp:n4:decision_condition,decision_condition,N,,,,,,,,
1,1,tchp,"TCHP, surgery, trastuzumab + pertuzumab","NCCN standard (NeoSphere, TRAIN-2, KATHERINE, DESTINY-Breast05)",breast,HER2-positive,n4,decision,Decision 1,,,,tchp:n4:branch_set,branch_set,N,,,,,,,,
1,1,tchp,"TCHP, surgery, trastuzumab + pertuzumab","NCCN standard (NeoSphere, TRAIN-2, KATHERINE, DESTINY-Breast05)",breast,HER2-positive,n4.b0.n0,phase,Phase 2 (Targeted therapy; cycles) [branch: No remaining cancer (complete response)],Targeted therapy,cycles,,tchp:n4.b0.n0:agents,agents,Y,,,,,,,,
1,1,tchp,"TCHP, surgery, trastuzumab + pertuzumab","NCCN standard (NeoSphere, TRAIN-2, KATHERINE, DESTINY-Breast05)",breast,HER2-positive,n4.b0.n0,phase,Phase 2 (Targeted therapy; cycles) [branch: No remaining cancer (complete response)],Targeted therapy,cycles,,tchp:n4.b0.n0:cycle_length,cycle_length,Y,,,,,,,,
1,1,tchp,"TCHP, surgery, trastuzumab + pertuzumab","NCCN standard (NeoSphere, TRAIN-2, KATHERINE, DESTINY-Breast05)",breast,HER2-positive,n4.b0.n0,phase,Phase 2 (Targeted therapy; cycles) [branch: No remaining cancer (complete response)],Targeted therapy,cycles,,tchp:n4.b0.n0:n_cycles,n_cycles,Y,,,,,,,,
1,1,tchp,"TCHP, surgery, trastuzumab + pertuzumab","NCCN standard (NeoSphere, TRAIN-2, KATHERINE, DESTINY-Breast05)",breast,HER2-positive,n4.b0.n1,phase,Phase 3 (Radiation; weekdays) [branch: No remaining cancer (complete response)],Radiation,weekdays,optional; concurrent,tchp:n4.b0.n1:agents,agents,Y,,,,,,,,
1,1,tchp,"TCHP, surgery, trastuzumab + pertuzumab","NCCN standard (NeoSphere, TRAIN-2, KATHERINE, DESTINY-Breast05)",breast,HER2-positive,n4.b0.n2,phase,Phase 4 (Hormone (endocrine) therapy; daily) [branch: No remaining cancer (complete response)],Hormone (endocrine) therapy,daily,optional; off by default; concurrent,tchp:n4.b0.n2:agents,agents,Y,,,,,,,,
1,1,tchp,"TCHP, surgery, trastuzumab + pertuzumab","NCCN standard (NeoSphere, TRAIN-2, KATHERINE, DESTINY-Breast05)",breast,HER2-positive,n4.b0.n2,phase,Phase 4 (Hormone (endocrine) therapy; daily) [branch: No remaining cancer (complete response)],Hormone (endocrine) therapy,daily,optional; off by default; concurrent,tchp:n4.b0.n2:duration,duration,Y,,,,,,,,
1,1,tchp,"TCHP, surgery, trastuzumab + pertuzumab","NCCN standard (NeoSphere, TRAIN-2, KATHERINE, DESTINY-Breast05)",breast,HER2-positive,n4.b1.n0,phase,Phase 5 (Targeted therapy; cycles) [branch: Some cancer remained],Targeted therapy,cycles,,tchp:n4.b1.n0:agents,agents,Y,,,,,,,,
1,1,tchp,"TCHP, surgery, trastuzumab + pertuzumab","NCCN standard (NeoSphere, TRAIN-2, KATHERINE, DESTINY-Breast05)",breast,HER2-positive,n4.b1.n0,phase,Phase 5 (Targeted therapy; cycles) [branch: Some cancer remained],Targeted therapy,cycles,,tchp:n4.b1.n0:cycle_length,cycle_length,Y,,,,,,,,
1,1,tchp,"TCHP, surgery, trastuzumab + pertuzumab","NCCN standard (NeoSphere, TRAIN-2, KATHERINE, DESTINY-Breast05)",breast,HER2-positive,n4.b1.n0,phase,Phase 5 (Targeted therapy; cycles) [branch: Some cancer remained],Targeted therapy,cycles,,tchp:n4.b1.n0:n_cycles,n_cycles,Y,,,,,,,,
1,1,tchp,"TCHP, surgery, trastuzumab + pertuzumab","NCCN standard (NeoSphere, TRAIN-2, KATHERINE, DESTINY-Breast05)",breast,HER2-positive,n4.b1.n1,phase,Phase 6 (Radiation; weekdays) [branch: Some cancer remained],Radiation,weekdays,optional; concurrent,tchp:n4.b1.n1:agents,agents,Y,,,,,,,,
1,1,tchp,"TCHP, surgery, trastuzumab + pertuzumab","NCCN standard (NeoSphere, TRAIN-2, KATHERINE, DESTINY-Breast05)",breast,HER2-positive,n4.b1.n2,phase,Phase 7 (Hormone (endocrine) therapy; daily) [branch: Some cancer remained],Hormone (endocrine) therapy,daily,optional; off by default; concurrent,tchp:n4.b1.n2:agents,agents,Y,,,,,,,,
1,1,tchp,"TCHP, surgery, trastuzumab + pertuzumab","NCCN standard (NeoSphere, TRAIN-2, KATHERINE, DESTINY-Breast05)",breast,HER2-positive,n4.b1.n2,phase,Phase 7 (Hormone (endocrine) therapy; daily) [branch: Some cancer remained],Hormone (endocrine) therapy,daily,optional; off by default; concurrent,tchp:n4.b1.n2:duration,duration,Y,,,,,,,,
1,1,tchp,"TCHP, surgery, trastuzumab + pertuzumab","NCCN standard (NeoSphere, TRAIN-2, KATHERINE, DESTINY-Breast05)",breast,HER2-positive,pathway,pathway,Sequence of steps,,,,tchp:pathway:sequence,sequence,N,,,,,,,,
2,1,genomic,"Surgery, genomic test (Oncotype DX / MammaPrint), then chemotherapy only if the test shows benefit (choose TC or dose-dense AC-T)",TAILORx / RxPONDER / MINDACT,breast,"HR-positive, HER2-negative",n0,procedure,Procedure (Surgery),Surgery,,,genomic:n0:procedure_identity,procedure_identity,N,,,,,,,,
2,1,genomic,"Surgery, genomic test (Oncotype DX / MammaPrint), then chemotherapy only if the test shows benefit (choose TC or dose-dense AC-T)",TAILORx / RxPONDER / MINDACT,breast,"HR-positive, HER2-negative",n1,interval,Interval: Healing and test results,,,,genomic:n1:interval_duration,interval_duration,Y,,,,,,,,
2,1,genomic,"Surgery, genomic test (Oncotype DX / MammaPrint), then chemotherapy only if the test shows benefit (choose TC or dose-dense AC-T)",TAILORx / RxPONDER / MINDACT,breast,"HR-positive, HER2-negative",n2,decision,Decision 1,,,,genomic:n2:decision_condition,decision_condition,N,,,,,,,,
2,1,genomic,"Surgery, genomic test (Oncotype DX / MammaPrint), then chemotherapy only if the test shows benefit (choose TC or dose-dense AC-T)",TAILORx / RxPONDER / MINDACT,breast,"HR-positive, HER2-negative",n2,decision,Decision 1,,,,genomic:n2:branch_set,branch_set,N,,,,,,,,
2,1,genomic,"Surgery, genomic test (Oncotype DX / MammaPrint), then chemotherapy only if the test shows benefit (choose TC or dose-dense AC-T)",TAILORx / RxPONDER / MINDACT,breast,"HR-positive, HER2-negative",n2.b0.n0,phase,Phase 1 (Chemotherapy; cycles) [branch: Chemotherapy would be beneficial],Chemotherapy,cycles,optional,genomic:n2.b0.n0:agents,agents,Y,,,,,,,,
2,1,genomic,"Surgery, genomic test (Oncotype DX / MammaPrint), then chemotherapy only if the test shows benefit (choose TC or dose-dense AC-T)",TAILORx / RxPONDER / MINDACT,breast,"HR-positive, HER2-negative",n2.b0.n0,phase,Phase 1 (Chemotherapy; cycles) [branch: Chemotherapy would be beneficial],Chemotherapy,cycles,optional,genomic:n2.b0.n0:cycle_length,cycle_length,Y,,,,,,,,
2,1,genomic,"Surgery, genomic test (Oncotype DX / MammaPrint), then chemotherapy only if the test shows benefit (choose TC or dose-dense AC-T)",TAILORx / RxPONDER / MINDACT,breast,"HR-positive, HER2-negative",n2.b0.n0,phase,Phase 1 (Chemotherapy; cycles) [branch: Chemotherapy would be beneficial],Chemotherapy,cycles,optional,genomic:n2.b0.n0:n_cycles,n_cycles,Y,,,,,,,,
2,1,genomic,"Surgery, genomic test (Oncotype DX / MammaPrint), then chemotherapy only if the test shows benefit (choose TC or dose-dense AC-T)",TAILORx / RxPONDER / MINDACT,breast,"HR-positive, HER2-negative",n2.b0.n1,phase,Phase 2 (Chemotherapy; cycles) [branch: Chemotherapy would be beneficial],Chemotherapy,cycles,optional; off by default,genomic:n2.b0.n1:agents,agents,Y,,,,,,,,
2,1,genomic,"Surgery, genomic test (Oncotype DX / MammaPrint), then chemotherapy only if the test shows benefit (choose TC or dose-dense AC-T)",TAILORx / RxPONDER / MINDACT,breast,"HR-positive, HER2-negative",n2.b0.n1,phase,Phase 2 (Chemotherapy; cycles) [branch: Chemotherapy would be beneficial],Chemotherapy,cycles,optional; off by default,genomic:n2.b0.n1:cycle_length,cycle_length,Y,,,,,,,,
2,1,genomic,"Surgery, genomic test (Oncotype DX / MammaPrint), then chemotherapy only if the test shows benefit (choose TC or dose-dense AC-T)",TAILORx / RxPONDER / MINDACT,breast,"HR-positive, HER2-negative",n2.b0.n1,phase,Phase 2 (Chemotherapy; cycles) [branch: Chemotherapy would be beneficial],Chemotherapy,cycles,optional; off by default,genomic:n2.b0.n1:n_cycles,n_cycles,Y,,,,,,,,
2,1,genomic,"Surgery, genomic test (Oncotype DX / MammaPrint), then chemotherapy only if the test shows benefit (choose TC or dose-dense AC-T)",TAILORx / RxPONDER / MINDACT,breast,"HR-positive, HER2-negative",n2.b0.n2,phase,Phase 3 (Radiation; weekdays) [branch: Chemotherapy would be beneficial],Radiation,weekdays,optional,genomic:n2.b0.n2:agents,agents,Y,,,,,,,,
2,1,genomic,"Surgery, genomic test (Oncotype DX / MammaPrint), then chemotherapy only if the test shows benefit (choose TC or dose-dense AC-T)",TAILORx / RxPONDER / MINDACT,breast,"HR-positive, HER2-negative",n2.b0.n3,phase,Phase 4 (Hormone (endocrine) therapy; daily) [branch: Chemotherapy would be beneficial],Hormone (endocrine) therapy,daily,,genomic:n2.b0.n3:agents,agents,Y,,,,,,,,
2,1,genomic,"Surgery, genomic test (Oncotype DX / MammaPrint), then chemotherapy only if the test shows benefit (choose TC or dose-dense AC-T)",TAILORx / RxPONDER / MINDACT,breast,"HR-positive, HER2-negative",n2.b0.n3,phase,Phase 4 (Hormone (endocrine) therapy; daily) [branch: Chemotherapy would be beneficial],Hormone (endocrine) therapy,daily,,genomic:n2.b0.n3:duration,duration,Y,,,,,,,,
2,1,genomic,"Surgery, genomic test (Oncotype DX / MammaPrint), then chemotherapy only if the test shows benefit (choose TC or dose-dense AC-T)",TAILORx / RxPONDER / MINDACT,breast,"HR-positive, HER2-negative",n2.b0.n4,phase,Phase 5 (Targeted therapy; daily) [branch: Chemotherapy would be beneficial],Targeted therapy,daily,optional; off by default; concurrent,genomic:n2.b0.n4:agents,agents,Y,,,,,,,,
2,1,genomic,"Surgery, genomic test (Oncotype DX / MammaPrint), then chemotherapy only if the test shows benefit (choose TC or dose-dense AC-T)",TAILORx / RxPONDER / MINDACT,breast,"HR-positive, HER2-negative",n2.b0.n4,phase,Phase 5 (Targeted therapy; daily) [branch: Chemotherapy would be beneficial],Targeted therapy,daily,optional; off by default; concurrent,genomic:n2.b0.n4:duration,duration,Y,,,,,,,,
2,1,genomic,"Surgery, genomic test (Oncotype DX / MammaPrint), then chemotherapy only if the test shows benefit (choose TC or dose-dense AC-T)",TAILORx / RxPONDER / MINDACT,breast,"HR-positive, HER2-negative",n2.b0.n5,phase,Phase 6 (Targeted therapy; daily) [branch: Chemotherapy would be beneficial],Targeted therapy,daily,optional; off by default; concurrent,genomic:n2.b0.n5:agents,agents,Y,,,,,,,,
2,1,genomic,"Surgery, genomic test (Oncotype DX / MammaPrint), then chemotherapy only if the test shows benefit (choose TC or dose-dense AC-T)",TAILORx / RxPONDER / MINDACT,breast,"HR-positive, HER2-negative",n2.b0.n5,phase,Phase 6 (Targeted therapy; daily) [branch: Chemotherapy would be beneficial],Targeted therapy,daily,optional; off by default; concurrent,genomic:n2.b0.n5:duration,duration,Y,,,,,,,,
2,1,genomic,"Surgery, genomic test (Oncotype DX / MammaPrint), then chemotherapy only if the test shows benefit (choose TC or dose-dense AC-T)",TAILORx / RxPONDER / MINDACT,breast,"HR-positive, HER2-negative",n2.b1.n0,phase,Phase 7 (Radiation; weekdays) [branch: Chemotherapy would not add benefit],Radiation,weekdays,optional,genomic:n2.b1.n0:agents,agents,Y,,,,,,,,
2,1,genomic,"Surgery, genomic test (Oncotype DX / MammaPrint), then chemotherapy only if the test shows benefit (choose TC or dose-dense AC-T)",TAILORx / RxPONDER / MINDACT,breast,"HR-positive, HER2-negative",n2.b1.n1,phase,Phase 8 (Hormone (endocrine) therapy; daily) [branch: Chemotherapy would not add benefit],Hormone (endocrine) therapy,daily,,genomic:n2.b1.n1:agents,agents,Y,,,,,,,,
2,1,genomic,"Surgery, genomic test (Oncotype DX / MammaPrint), then chemotherapy only if the test shows benefit (choose TC or dose-dense AC-T)",TAILORx / RxPONDER / MINDACT,breast,"HR-positive, HER2-negative",n2.b1.n1,phase,Phase 8 (Hormone (endocrine) therapy; daily) [branch: Chemotherapy would not add benefit],Hormone (endocrine) therapy,daily,,genomic:n2.b1.n1:duration,duration,Y,,,,,,,,
2,1,genomic,"Surgery, genomic test (Oncotype DX / MammaPrint), then chemotherapy only if the test shows benefit (choose TC or dose-dense AC-T)",TAILORx / RxPONDER / MINDACT,breast,"HR-positive, HER2-negative",n2.b1.n2,phase,Phase 9 (Targeted therapy; daily) [branch: Chemotherapy would not add benefit],Targeted therapy,daily,optional; off by default; concurrent,genomic:n2.b1.n2:agents,agents,Y,,,,,,,,
2,1,genomic,"Surgery, genomic test (Oncotype DX / MammaPrint), then chemotherapy only if the test shows benefit (choose TC or dose-dense AC-T)",TAILORx / RxPONDER / MINDACT,breast,"HR-positive, HER2-negative",n2.b1.n2,phase,Phase 9 (Targeted therapy; daily) [branch: Chemotherapy would not add benefit],Targeted therapy,daily,optional; off by default; concurrent,genomic:n2.b1.n2:duration,duration,Y,,,,,,,,
2,1,genomic,"Surgery, genomic test (Oncotype DX / MammaPrint), then chemotherapy only if the test shows benefit (choose TC or dose-dense AC-T)",TAILORx / RxPONDER / MINDACT,breast,"HR-positive, HER2-negative",n2.b1.n3,phase,Phase 10 (Targeted therapy; daily) [branch: Chemotherapy would not add benefit],Targeted therapy,daily,optional; off by default; concurrent,genomic:n2.b1.n3:agents,agents,Y,,,,,,,,
2,1,genomic,"Surgery, genomic test (Oncotype DX / MammaPrint), then chemotherapy only if the test shows benefit (choose TC or dose-dense AC-T)",TAILORx / RxPONDER / MINDACT,breast,"HR-positive, HER2-negative",n2.b1.n3,phase,Phase 10 (Targeted therapy; daily) [branch: Chemotherapy would not add benefit],Targeted therapy,daily,optional; off by default; concurrent,genomic:n2.b1.n3:duration,duration,Y,,,,,,,,
2,1,genomic,"Surgery, genomic test (Oncotype DX / MammaPrint), then chemotherapy only if the test shows benefit (choose TC or dose-dense AC-T)",TAILORx / RxPONDER / MINDACT,breast,"HR-positive, HER2-negative",pathway,pathway,Sequence of steps,,,,genomic:pathway:sequence,sequence,N,,,,,,,,
3,1,db11,"DESTINY-Breast11: T-DXd then THP, surgery, HER2 therapy",DESTINY-Breast11,breast,HER2-positive,n0,phase,Phase 1 (Targeted therapy; cycles),Targeted therapy,cycles,,db11:n0:agents,agents,Y,,,,,,,,
3,1,db11,"DESTINY-Breast11: T-DXd then THP, surgery, HER2 therapy",DESTINY-Breast11,breast,HER2-positive,n0,phase,Phase 1 (Targeted therapy; cycles),Targeted therapy,cycles,,db11:n0:cycle_length,cycle_length,Y,,,,,,,,
3,1,db11,"DESTINY-Breast11: T-DXd then THP, surgery, HER2 therapy",DESTINY-Breast11,breast,HER2-positive,n0,phase,Phase 1 (Targeted therapy; cycles),Targeted therapy,cycles,,db11:n0:n_cycles,n_cycles,Y,,,,,,,,
3,1,db11,"DESTINY-Breast11: T-DXd then THP, surgery, HER2 therapy",DESTINY-Breast11,breast,HER2-positive,n1,phase,Phase 2 (Chemotherapy; Targeted therapy; cycles),Chemotherapy; Targeted therapy,cycles,,db11:n1:agents,agents,Y,,,,,,,,
3,1,db11,"DESTINY-Breast11: T-DXd then THP, surgery, HER2 therapy",DESTINY-Breast11,breast,HER2-positive,n1,phase,Phase 2 (Chemotherapy; Targeted therapy; cycles),Chemotherapy; Targeted therapy,cycles,,db11:n1:cycle_length,cycle_length,Y,,,,,,,,
3,1,db11,"DESTINY-Breast11: T-DXd then THP, surgery, HER2 therapy",DESTINY-Breast11,breast,HER2-positive,n1,phase,Phase 2 (Chemotherapy; Targeted therapy; cycles),Chemotherapy; Targeted therapy,cycles,,db11:n1:n_cycles,n_cycles,Y,,,,,,,,
3,1,db11,"DESTINY-Breast11: T-DXd then THP, surgery, HER2 therapy",DESTINY-Breast11,breast,HER2-positive,n1,phase,Phase 2 (Chemotherapy; Targeted therapy; cycles),Chemotherapy; Targeted therapy,cycles,,db11:n1:visit_days,visit_days,Y,,,,,,,,
3,1,db11,"DESTINY-Breast11: T-DXd then THP, surgery, HER2 therapy",DESTINY-Breast11,breast,HER2-positive,n2,interval,Interval: Recovery before surgery,,,,db11:n2:interval_duration,interval_duration,Y,,,,,,,,
3,1,db11,"DESTINY-Breast11: T-DXd then THP, surgery, HER2 therapy",DESTINY-Breast11,breast,HER2-positive,n3,procedure,Procedure (Surgery),Surgery,,,db11:n3:procedure_identity,procedure_identity,N,,,,,,,,
3,1,db11,"DESTINY-Breast11: T-DXd then THP, surgery, HER2 therapy",DESTINY-Breast11,breast,HER2-positive,n4,interval,Interval: Healing after surgery,,,,db11:n4:interval_duration,interval_duration,Y,,,,,,,,
3,1,db11,"DESTINY-Breast11: T-DXd then THP, surgery, HER2 therapy",DESTINY-Breast11,breast,HER2-positive,n5,decision,Decision 1,,,,db11:n5:decision_condition,decision_condition,N,,,,,,,,
3,1,db11,"DESTINY-Breast11: T-DXd then THP, surgery, HER2 therapy",DESTINY-Breast11,breast,HER2-positive,n5,decision,Decision 1,,,,db11:n5:branch_set,branch_set,N,,,,,,,,
3,1,db11,"DESTINY-Breast11: T-DXd then THP, surgery, HER2 therapy",DESTINY-Breast11,breast,HER2-positive,n5.b0.n0,phase,Phase 3 (Targeted therapy; cycles) [branch: No remaining cancer (complete response)],Targeted therapy,cycles,,db11:n5.b0.n0:agents,agents,Y,,,,,,,,
3,1,db11,"DESTINY-Breast11: T-DXd then THP, surgery, HER2 therapy",DESTINY-Breast11,breast,HER2-positive,n5.b0.n0,phase,Phase 3 (Targeted therapy; cycles) [branch: No remaining cancer (complete response)],Targeted therapy,cycles,,db11:n5.b0.n0:cycle_length,cycle_length,Y,,,,,,,,
3,1,db11,"DESTINY-Breast11: T-DXd then THP, surgery, HER2 therapy",DESTINY-Breast11,breast,HER2-positive,n5.b0.n0,phase,Phase 3 (Targeted therapy; cycles) [branch: No remaining cancer (complete response)],Targeted therapy,cycles,,db11:n5.b0.n0:n_cycles,n_cycles,Y,,,,,,,,
3,1,db11,"DESTINY-Breast11: T-DXd then THP, surgery, HER2 therapy",DESTINY-Breast11,breast,HER2-positive,n5.b0.n1,phase,Phase 4 (Radiation; weekdays) [branch: No remaining cancer (complete response)],Radiation,weekdays,optional; concurrent,db11:n5.b0.n1:agents,agents,Y,,,,,,,,
3,1,db11,"DESTINY-Breast11: T-DXd then THP, surgery, HER2 therapy",DESTINY-Breast11,breast,HER2-positive,n5.b0.n2,phase,Phase 5 (Hormone (endocrine) therapy; daily) [branch: No remaining cancer (complete response)],Hormone (endocrine) therapy,daily,optional; off by default; concurrent,db11:n5.b0.n2:agents,agents,Y,,,,,,,,
3,1,db11,"DESTINY-Breast11: T-DXd then THP, surgery, HER2 therapy",DESTINY-Breast11,breast,HER2-positive,n5.b0.n2,phase,Phase 5 (Hormone (endocrine) therapy; daily) [branch: No remaining cancer (complete response)],Hormone (endocrine) therapy,daily,optional; off by default; concurrent,db11:n5.b0.n2:duration,duration,Y,,,,,,,,
3,1,db11,"DESTINY-Breast11: T-DXd then THP, surgery, HER2 therapy",DESTINY-Breast11,breast,HER2-positive,n5.b1.n0,phase,Phase 6 (Targeted therapy; cycles) [branch: Some cancer remained],Targeted therapy,cycles,,db11:n5.b1.n0:agents,agents,Y,,,,,,,,
3,1,db11,"DESTINY-Breast11: T-DXd then THP, surgery, HER2 therapy",DESTINY-Breast11,breast,HER2-positive,n5.b1.n0,phase,Phase 6 (Targeted therapy; cycles) [branch: Some cancer remained],Targeted therapy,cycles,,db11:n5.b1.n0:cycle_length,cycle_length,Y,,,,,,,,
3,1,db11,"DESTINY-Breast11: T-DXd then THP, surgery, HER2 therapy",DESTINY-Breast11,breast,HER2-positive,n5.b1.n0,phase,Phase 6 (Targeted therapy; cycles) [branch: Some cancer remained],Targeted therapy,cycles,,db11:n5.b1.n0:n_cycles,n_cycles,Y,,,,,,,,
3,1,db11,"DESTINY-Breast11: T-DXd then THP, surgery, HER2 therapy",DESTINY-Breast11,breast,HER2-positive,n5.b1.n1,phase,Phase 7 (Radiation; weekdays) [branch: Some cancer remained],Radiation,weekdays,optional; concurrent,db11:n5.b1.n1:agents,agents,Y,,,,,,,,
3,1,db11,"DESTINY-Breast11: T-DXd then THP, surgery, HER2 therapy",DESTINY-Breast11,breast,HER2-positive,n5.b1.n2,phase,Phase 8 (Hormone (endocrine) therapy; daily) [branch: Some cancer remained],Hormone (endocrine) therapy,daily,optional; off by default; concurrent,db11:n5.b1.n2:agents,agents,Y,,,,,,,,
3,1,db11,"DESTINY-Breast11: T-DXd then THP, surgery, HER2 therapy",DESTINY-Breast11,breast,HER2-positive,n5.b1.n2,phase,Phase 8 (Hormone (endocrine) therapy; daily) [branch: Some cancer remained],Hormone (endocrine) therapy,daily,optional; off by default; concurrent,db11:n5.b1.n2:duration,duration,Y,,,,,,,,
3,1,db11,"DESTINY-Breast11: T-DXd then THP, surgery, HER2 therapy",DESTINY-Breast11,breast,HER2-positive,pathway,pathway,Sequence of steps,,,,db11:pathway:sequence,sequence,N,,,,,,,,
4,1,natalee,"NATALEE: surgery, optional chemo (TC or dose-dense AC-T), then an aromatase inhibitor with ribociclib for 3 years",NATALEE,breast,"HR-positive, HER2-negative",n0,procedure,Procedure (Surgery),Surgery,,,natalee:n0:procedure_identity,procedure_identity,N,,,,,,,,
4,1,natalee,"NATALEE: surgery, optional chemo (TC or dose-dense AC-T), then an aromatase inhibitor with ribociclib for 3 years",NATALEE,breast,"HR-positive, HER2-negative",n1,interval,Interval: Healing after surgery,,,,natalee:n1:interval_duration,interval_duration,Y,,,,,,,,
4,1,natalee,"NATALEE: surgery, optional chemo (TC or dose-dense AC-T), then an aromatase inhibitor with ribociclib for 3 years",NATALEE,breast,"HR-positive, HER2-negative",n2,phase,Phase 1 (Chemotherapy; cycles),Chemotherapy,cycles,optional; off by default,natalee:n2:agents,agents,Y,,,,,,,,
4,1,natalee,"NATALEE: surgery, optional chemo (TC or dose-dense AC-T), then an aromatase inhibitor with ribociclib for 3 years",NATALEE,breast,"HR-positive, HER2-negative",n2,phase,Phase 1 (Chemotherapy; cycles),Chemotherapy,cycles,optional; off by default,natalee:n2:cycle_length,cycle_length,Y,,,,,,,,
4,1,natalee,"NATALEE: surgery, optional chemo (TC or dose-dense AC-T), then an aromatase inhibitor with ribociclib for 3 years",NATALEE,breast,"HR-positive, HER2-negative",n2,phase,Phase 1 (Chemotherapy; cycles),Chemotherapy,cycles,optional; off by default,natalee:n2:n_cycles,n_cycles,Y,,,,,,,,
4,1,natalee,"NATALEE: surgery, optional chemo (TC or dose-dense AC-T), then an aromatase inhibitor with ribociclib for 3 years",NATALEE,breast,"HR-positive, HER2-negative",n3,phase,Phase 2 (Chemotherapy; cycles),Chemotherapy,cycles,optional; off by default,natalee:n3:agents,agents,Y,,,,,,,,
4,1,natalee,"NATALEE: surgery, optional chemo (TC or dose-dense AC-T), then an aromatase inhibitor with ribociclib for 3 years",NATALEE,breast,"HR-positive, HER2-negative",n3,phase,Phase 2 (Chemotherapy; cycles),Chemotherapy,cycles,optional; off by default,natalee:n3:cycle_length,cycle_length,Y,,,,,,,,
4,1,natalee,"NATALEE: surgery, optional chemo (TC or dose-dense AC-T), then an aromatase inhibitor with ribociclib for 3 years",NATALEE,breast,"HR-positive, HER2-negative",n3,phase,Phase 2 (Chemotherapy; cycles),Chemotherapy,cycles,optional; off by default,natalee:n3:n_cycles,n_cycles,Y,,,,,,,,
4,1,natalee,"NATALEE: surgery, optional chemo (TC or dose-dense AC-T), then an aromatase inhibitor with ribociclib for 3 years",NATALEE,breast,"HR-positive, HER2-negative",n4,phase,Phase 3 (Radiation; weekdays),Radiation,weekdays,optional,natalee:n4:agents,agents,Y,,,,,,,,
4,1,natalee,"NATALEE: surgery, optional chemo (TC or dose-dense AC-T), then an aromatase inhibitor with ribociclib for 3 years",NATALEE,breast,"HR-positive, HER2-negative",n5,phase,Phase 4 (Hormone (endocrine) therapy; Targeted therapy; daily),Hormone (endocrine) therapy; Targeted therapy,daily,,natalee:n5:agents,agents,Y,,,,,,,,
4,1,natalee,"NATALEE: surgery, optional chemo (TC or dose-dense AC-T), then an aromatase inhibitor with ribociclib for 3 years",NATALEE,breast,"HR-positive, HER2-negative",n5,phase,Phase 4 (Hormone (endocrine) therapy; Targeted therapy; daily),Hormone (endocrine) therapy; Targeted therapy,daily,,natalee:n5:duration,duration,Y,,,,,,,,
4,1,natalee,"NATALEE: surgery, optional chemo (TC or dose-dense AC-T), then an aromatase inhibitor with ribociclib for 3 years",NATALEE,breast,"HR-positive, HER2-negative",n6,phase,Phase 5 (Hormone (endocrine) therapy; daily),Hormone (endocrine) therapy,daily,,natalee:n6:agents,agents,Y,,,,,,,,
4,1,natalee,"NATALEE: surgery, optional chemo (TC or dose-dense AC-T), then an aromatase inhibitor with ribociclib for 3 years",NATALEE,breast,"HR-positive, HER2-negative",n6,phase,Phase 5 (Hormone (endocrine) therapy; daily),Hormone (endocrine) therapy,daily,,natalee:n6:duration,duration,Y,,,,,,,,
4,1,natalee,"NATALEE: surgery, optional chemo (TC or dose-dense AC-T), then an aromatase inhibitor with ribociclib for 3 years",NATALEE,breast,"HR-positive, HER2-negative",pathway,pathway,Sequence of steps,,,,natalee:pathway:sequence,sequence,N,,,,,,,,
5,1,hrplus,"HR-positive high risk: surgery, optional chemo (TC or dose-dense AC-T), endocrine therapy + abemaciclib",monarchE,breast,"HR-positive, HER2-negative",n0,procedure,Procedure (Surgery),Surgery,,,hrplus:n0:procedure_identity,procedure_identity,N,,,,,,,,
5,1,hrplus,"HR-positive high risk: surgery, optional chemo (TC or dose-dense AC-T), endocrine therapy + abemaciclib",monarchE,breast,"HR-positive, HER2-negative",n1,interval,Interval: Healing after surgery,,,,hrplus:n1:interval_duration,interval_duration,Y,,,,,,,,
5,1,hrplus,"HR-positive high risk: surgery, optional chemo (TC or dose-dense AC-T), endocrine therapy + abemaciclib",monarchE,breast,"HR-positive, HER2-negative",n2,phase,Phase 1 (Chemotherapy; cycles),Chemotherapy,cycles,optional; off by default,hrplus:n2:agents,agents,Y,,,,,,,,
5,1,hrplus,"HR-positive high risk: surgery, optional chemo (TC or dose-dense AC-T), endocrine therapy + abemaciclib",monarchE,breast,"HR-positive, HER2-negative",n2,phase,Phase 1 (Chemotherapy; cycles),Chemotherapy,cycles,optional; off by default,hrplus:n2:cycle_length,cycle_length,Y,,,,,,,,
5,1,hrplus,"HR-positive high risk: surgery, optional chemo (TC or dose-dense AC-T), endocrine therapy + abemaciclib",monarchE,breast,"HR-positive, HER2-negative",n2,phase,Phase 1 (Chemotherapy; cycles),Chemotherapy,cycles,optional; off by default,hrplus:n2:n_cycles,n_cycles,Y,,,,,,,,
5,1,hrplus,"HR-positive high risk: surgery, optional chemo (TC or dose-dense AC-T), endocrine therapy + abemaciclib",monarchE,breast,"HR-positive, HER2-negative",n3,phase,Phase 2 (Chemotherapy; cycles),Chemotherapy,cycles,optional; off by default,hrplus:n3:agents,agents,Y,,,,,,,,
5,1,hrplus,"HR-positive high risk: surgery, optional chemo (TC or dose-dense AC-T), endocrine therapy + abemaciclib",monarchE,breast,"HR-positive, HER2-negative",n3,phase,Phase 2 (Chemotherapy; cycles),Chemotherapy,cycles,optional; off by default,hrplus:n3:cycle_length,cycle_length,Y,,,,,,,,
5,1,hrplus,"HR-positive high risk: surgery, optional chemo (TC or dose-dense AC-T), endocrine therapy + abemaciclib",monarchE,breast,"HR-positive, HER2-negative",n3,phase,Phase 2 (Chemotherapy; cycles),Chemotherapy,cycles,optional; off by default,hrplus:n3:n_cycles,n_cycles,Y,,,,,,,,
5,1,hrplus,"HR-positive high risk: surgery, optional chemo (TC or dose-dense AC-T), endocrine therapy + abemaciclib",monarchE,breast,"HR-positive, HER2-negative",n4,phase,Phase 3 (Radiation; weekdays),Radiation,weekdays,optional,hrplus:n4:agents,agents,Y,,,,,,,,
5,1,hrplus,"HR-positive high risk: surgery, optional chemo (TC or dose-dense AC-T), endocrine therapy + abemaciclib",monarchE,breast,"HR-positive, HER2-negative",n5,phase,Phase 4 (Hormone (endocrine) therapy; Targeted therapy; daily),Hormone (endocrine) therapy; Targeted therapy,daily,,hrplus:n5:agents,agents,Y,,,,,,,,
5,1,hrplus,"HR-positive high risk: surgery, optional chemo (TC or dose-dense AC-T), endocrine therapy + abemaciclib",monarchE,breast,"HR-positive, HER2-negative",n5,phase,Phase 4 (Hormone (endocrine) therapy; Targeted therapy; daily),Hormone (endocrine) therapy; Targeted therapy,daily,,hrplus:n5:duration,duration,Y,,,,,,,,
5,1,hrplus,"HR-positive high risk: surgery, optional chemo (TC or dose-dense AC-T), endocrine therapy + abemaciclib",monarchE,breast,"HR-positive, HER2-negative",n6,phase,Phase 5 (Hormone (endocrine) therapy; daily),Hormone (endocrine) therapy,daily,,hrplus:n6:agents,agents,Y,,,,,,,,
5,1,hrplus,"HR-positive high risk: surgery, optional chemo (TC or dose-dense AC-T), endocrine therapy + abemaciclib",monarchE,breast,"HR-positive, HER2-negative",n6,phase,Phase 5 (Hormone (endocrine) therapy; daily),Hormone (endocrine) therapy,daily,,hrplus:n6:duration,duration,Y,,,,,,,,
5,1,hrplus,"HR-positive high risk: surgery, optional chemo (TC or dose-dense AC-T), endocrine therapy + abemaciclib",monarchE,breast,"HR-positive, HER2-negative",pathway,pathway,Sequence of steps,,,,hrplus:pathway:sequence,sequence,N,,,,,,,,
6,1,ddac-t,"Surgery, dose-dense AC then weekly paclitaxel",CALGB 9741 / ECOG 1199,breast,Triple-negative,n0,procedure,Procedure (Surgery),Surgery,,,ddac-t:n0:procedure_identity,procedure_identity,N,,,,,,,,
6,1,ddac-t,"Surgery, dose-dense AC then weekly paclitaxel",CALGB 9741 / ECOG 1199,breast,Triple-negative,n1,interval,Interval: Healing after surgery,,,,ddac-t:n1:interval_duration,interval_duration,Y,,,,,,,,
6,1,ddac-t,"Surgery, dose-dense AC then weekly paclitaxel",CALGB 9741 / ECOG 1199,breast,Triple-negative,n2,phase,Phase 1 (Chemotherapy; cycles),Chemotherapy,cycles,,ddac-t:n2:agents,agents,Y,,,,,,,,
6,1,ddac-t,"Surgery, dose-dense AC then weekly paclitaxel",CALGB 9741 / ECOG 1199,breast,Triple-negative,n2,phase,Phase 1 (Chemotherapy; cycles),Chemotherapy,cycles,,ddac-t:n2:cycle_length,cycle_length,Y,,,,,,,,
6,1,ddac-t,"Surgery, dose-dense AC then weekly paclitaxel",CALGB 9741 / ECOG 1199,breast,Triple-negative,n2,phase,Phase 1 (Chemotherapy; cycles),Chemotherapy,cycles,,ddac-t:n2:n_cycles,n_cycles,Y,,,,,,,,
6,1,ddac-t,"Surgery, dose-dense AC then weekly paclitaxel",CALGB 9741 / ECOG 1199,breast,Triple-negative,n3,phase,Phase 2 (Chemotherapy; cycles),Chemotherapy,cycles,,ddac-t:n3:agents,agents,Y,,,,,,,,
6,1,ddac-t,"Surgery, dose-dense AC then weekly paclitaxel",CALGB 9741 / ECOG 1199,breast,Triple-negative,n3,phase,Phase 2 (Chemotherapy; cycles),Chemotherapy,cycles,,ddac-t:n3:cycle_length,cycle_length,Y,,,,,,,,
6,1,ddac-t,"Surgery, dose-dense AC then weekly paclitaxel",CALGB 9741 / ECOG 1199,breast,Triple-negative,n3,phase,Phase 2 (Chemotherapy; cycles),Chemotherapy,cycles,,ddac-t:n3:n_cycles,n_cycles,Y,,,,,,,,
6,1,ddac-t,"Surgery, dose-dense AC then weekly paclitaxel",CALGB 9741 / ECOG 1199,breast,Triple-negative,n4,phase,Phase 3 (Radiation; weekdays),Radiation,weekdays,optional,ddac-t:n4:agents,agents,Y,,,,,,,,
6,1,ddac-t,"Surgery, dose-dense AC then weekly paclitaxel",CALGB 9741 / ECOG 1199,breast,Triple-negative,n5,phase,Phase 4 (Hormone (endocrine) therapy; daily),Hormone (endocrine) therapy,daily,optional; off by default,ddac-t:n5:agents,agents,Y,,,,,,,,
6,1,ddac-t,"Surgery, dose-dense AC then weekly paclitaxel",CALGB 9741 / ECOG 1199,breast,Triple-negative,n5,phase,Phase 4 (Hormone (endocrine) therapy; daily),Hormone (endocrine) therapy,daily,optional; off by default,ddac-t:n5:duration,duration,Y,,,,,,,,
6,1,ddac-t,"Surgery, dose-dense AC then weekly paclitaxel",CALGB 9741 / ECOG 1199,breast,Triple-negative,pathway,pathway,Sequence of steps,,,,ddac-t:pathway:sequence,sequence,N,,,,,,,,
7,1,ddac-t-hr,"Surgery, dose-dense AC then weekly paclitaxel, then endocrine therapy",CALGB 9741 / ECOG 1199,breast,"HR-positive, HER2-negative",n0,procedure,Procedure (Surgery),Surgery,,,ddac-t-hr:n0:procedure_identity,procedure_identity,N,,,,,,,,
7,1,ddac-t-hr,"Surgery, dose-dense AC then weekly paclitaxel, then endocrine therapy",CALGB 9741 / ECOG 1199,breast,"HR-positive, HER2-negative",n1,interval,Interval: Healing after surgery,,,,ddac-t-hr:n1:interval_duration,interval_duration,Y,,,,,,,,
7,1,ddac-t-hr,"Surgery, dose-dense AC then weekly paclitaxel, then endocrine therapy",CALGB 9741 / ECOG 1199,breast,"HR-positive, HER2-negative",n2,phase,Phase 1 (Chemotherapy; cycles),Chemotherapy,cycles,,ddac-t-hr:n2:agents,agents,Y,,,,,,,,
7,1,ddac-t-hr,"Surgery, dose-dense AC then weekly paclitaxel, then endocrine therapy",CALGB 9741 / ECOG 1199,breast,"HR-positive, HER2-negative",n2,phase,Phase 1 (Chemotherapy; cycles),Chemotherapy,cycles,,ddac-t-hr:n2:cycle_length,cycle_length,Y,,,,,,,,
7,1,ddac-t-hr,"Surgery, dose-dense AC then weekly paclitaxel, then endocrine therapy",CALGB 9741 / ECOG 1199,breast,"HR-positive, HER2-negative",n2,phase,Phase 1 (Chemotherapy; cycles),Chemotherapy,cycles,,ddac-t-hr:n2:n_cycles,n_cycles,Y,,,,,,,,
7,1,ddac-t-hr,"Surgery, dose-dense AC then weekly paclitaxel, then endocrine therapy",CALGB 9741 / ECOG 1199,breast,"HR-positive, HER2-negative",n3,phase,Phase 2 (Chemotherapy; cycles),Chemotherapy,cycles,,ddac-t-hr:n3:agents,agents,Y,,,,,,,,
7,1,ddac-t-hr,"Surgery, dose-dense AC then weekly paclitaxel, then endocrine therapy",CALGB 9741 / ECOG 1199,breast,"HR-positive, HER2-negative",n3,phase,Phase 2 (Chemotherapy; cycles),Chemotherapy,cycles,,ddac-t-hr:n3:cycle_length,cycle_length,Y,,,,,,,,
7,1,ddac-t-hr,"Surgery, dose-dense AC then weekly paclitaxel, then endocrine therapy",CALGB 9741 / ECOG 1199,breast,"HR-positive, HER2-negative",n3,phase,Phase 2 (Chemotherapy; cycles),Chemotherapy,cycles,,ddac-t-hr:n3:n_cycles,n_cycles,Y,,,,,,,,
7,1,ddac-t-hr,"Surgery, dose-dense AC then weekly paclitaxel, then endocrine therapy",CALGB 9741 / ECOG 1199,breast,"HR-positive, HER2-negative",n4,phase,Phase 3 (Radiation; weekdays),Radiation,weekdays,optional,ddac-t-hr:n4:agents,agents,Y,,,,,,,,
7,1,ddac-t-hr,"Surgery, dose-dense AC then weekly paclitaxel, then endocrine therapy",CALGB 9741 / ECOG 1199,breast,"HR-positive, HER2-negative",n5,phase,Phase 4 (Hormone (endocrine) therapy; daily),Hormone (endocrine) therapy,daily,,ddac-t-hr:n5:agents,agents,Y,,,,,,,,
7,1,ddac-t-hr,"Surgery, dose-dense AC then weekly paclitaxel, then endocrine therapy",CALGB 9741 / ECOG 1199,breast,"HR-positive, HER2-negative",n5,phase,Phase 4 (Hormone (endocrine) therapy; daily),Hormone (endocrine) therapy,daily,,ddac-t-hr:n5:duration,duration,Y,,,,,,,,
7,1,ddac-t-hr,"Surgery, dose-dense AC then weekly paclitaxel, then endocrine therapy",CALGB 9741 / ECOG 1199,breast,"HR-positive, HER2-negative",pathway,pathway,Sequence of steps,,,,ddac-t-hr:pathway:sequence,sequence,N,,,,,,,,
8,1,tc4,"Surgery, then docetaxel + cyclophosphamide ×4 (TC)",US Oncology 9735,breast,Triple-negative,n0,procedure,Procedure (Surgery),Surgery,,,tc4:n0:procedure_identity,procedure_identity,N,,,,,,,,
8,1,tc4,"Surgery, then docetaxel + cyclophosphamide ×4 (TC)",US Oncology 9735,breast,Triple-negative,n1,interval,Interval: Healing after surgery,,,,tc4:n1:interval_duration,interval_duration,Y,,,,,,,,
8,1,tc4,"Surgery, then docetaxel + cyclophosphamide ×4 (TC)",US Oncology 9735,breast,Triple-negative,n2,phase,Phase 1 (Chemotherapy; cycles),Chemotherapy,cycles,,tc4:n2:agents,agents,Y,,,,,,,,
8,1,tc4,"Surgery, then docetaxel + cyclophosphamide ×4 (TC)",US Oncology 9735,breast,Triple-negative,n2,phase,Phase 1 (Chemotherapy; cycles),Chemotherapy,cycles,,tc4:n2:cycle_length,cycle_length,Y,,,,,,,,
8,1,tc4,"Surgery, then docetaxel + cyclophosphamide ×4 (TC)",US Oncology 9735,breast,Triple-negative,n2,phase,Phase 1 (Chemotherapy; cycles),Chemotherapy,cycles,,tc4:n2:n_cycles,n_cycles,Y,,,,,,,,
8,1,tc4,"Surgery, then docetaxel + cyclophosphamide ×4 (TC)",US Oncology 9735,breast,Triple-negative,n3,phase,Phase 2 (Radiation; weekdays),Radiation,weekdays,optional,tc4:n3:agents,agents,Y,,,,,,,,
8,1,tc4,"Surgery, then docetaxel + cyclophosphamide ×4 (TC)",US Oncology 9735,breast,Triple-negative,n4,phase,Phase 3 (Hormone (endocrine) therapy; daily),Hormone (endocrine) therapy,daily,optional; off by default,tc4:n4:agents,agents,Y,,,,,,,,
8,1,tc4,"Surgery, then docetaxel + cyclophosphamide ×4 (TC)",US Oncology 9735,breast,Triple-negative,n4,phase,Phase 3 (Hormone (endocrine) therapy; daily),Hormone (endocrine) therapy,daily,optional; off by default,tc4:n4:duration,duration,Y,,,,,,,,
8,1,tc4,"Surgery, then docetaxel + cyclophosphamide ×4 (TC)",US Oncology 9735,breast,Triple-negative,pathway,pathway,Sequence of steps,,,,tc4:pathway:sequence,sequence,N,,,,,,,,
9,1,kn522,"KEYNOTE-522: chemo + pembrolizumab, surgery, pembrolizumab (+ capecitabine per CREATE-X if cancer remains)",KEYNOTE-522 and CREATE-X trials,breast,Triple-negative,n0,phase,Phase 1 (Chemotherapy; Immunotherapy; cycles),Chemotherapy; Immunotherapy,cycles,,kn522:n0:agents,agents,Y,,,,,,,,
9,1,kn522,"KEYNOTE-522: chemo + pembrolizumab, surgery, pembrolizumab (+ capecitabine per CREATE-X if cancer remains)",KEYNOTE-522 and CREATE-X trials,breast,Triple-negative,n0,phase,Phase 1 (Chemotherapy; Immunotherapy; cycles),Chemotherapy; Immunotherapy,cycles,,kn522:n0:cycle_length,cycle_length,Y,,,,,,,,
9,1,kn522,"KEYNOTE-522: chemo + pembrolizumab, surgery, pembrolizumab (+ capecitabine per CREATE-X if cancer remains)",KEYNOTE-522 and CREATE-X trials,breast,Triple-negative,n0,phase,Phase 1 (Chemotherapy; Immunotherapy; cycles),Chemotherapy; Immunotherapy,cycles,,kn522:n0:n_cycles,n_cycles,Y,,,,,,,,
9,1,kn522,"KEYNOTE-522: chemo + pembrolizumab, surgery, pembrolizumab (+ capecitabine per CREATE-X if cancer remains)",KEYNOTE-522 and CREATE-X trials,breast,Triple-negative,n0,phase,Phase 1 (Chemotherapy; Immunotherapy; cycles),Chemotherapy; Immunotherapy,cycles,,kn522:n0:visit_days,visit_days,Y,,,,,,,,
9,1,kn522,"KEYNOTE-522: chemo + pembrolizumab, surgery, pembrolizumab (+ capecitabine per CREATE-X if cancer remains)",KEYNOTE-522 and CREATE-X trials,breast,Triple-negative,n1,phase,Phase 2 (Chemotherapy; Immunotherapy; cycles),Chemotherapy; Immunotherapy,cycles,,kn522:n1:agents,agents,Y,,,,,,,,
9,1,kn522,"KEYNOTE-522: chemo + pembrolizumab, surgery, pembrolizumab (+ capecitabine per CREATE-X if cancer remains)",KEYNOTE-522 and CREATE-X trials,breast,Triple-negative,n1,phase,Phase 2 (Chemotherapy; Immunotherapy; cycles),Chemotherapy; Immunotherapy,cycles,,kn522:n1:cycle_length,cycle_length,Y,,,,,,,,
9,1,kn522,"KEYNOTE-522: chemo + pembrolizumab, surgery, pembrolizumab (+ capecitabine per CREATE-X if cancer remains)",KEYNOTE-522 and CREATE-X trials,breast,Triple-negative,n1,phase,Phase 2 (Chemotherapy; Immunotherapy; cycles),Chemotherapy; Immunotherapy,cycles,,kn522:n1:n_cycles,n_cycles,Y,,,,,,,,
9,1,kn522,"KEYNOTE-522: chemo + pembrolizumab, surgery, pembrolizumab (+ capecitabine per CREATE-X if cancer remains)",KEYNOTE-522 and CREATE-X trials,breast,Triple-negative,n1,phase,Phase 2 (Chemotherapy; Immunotherapy; cycles),Chemotherapy; Immunotherapy,cycles,,kn522:n1:visit_days,visit_days,Y,,,,,,,,
9,1,kn522,"KEYNOTE-522: chemo + pembrolizumab, surgery, pembrolizumab (+ capecitabine per CREATE-X if cancer remains)",KEYNOTE-522 and CREATE-X trials,breast,Triple-negative,n2,interval,Interval: Recovery before surgery,,,,kn522:n2:interval_duration,interval_duration,Y,,,,,,,,
9,1,kn522,"KEYNOTE-522: chemo + pembrolizumab, surgery, pembrolizumab (+ capecitabine per CREATE-X if cancer remains)",KEYNOTE-522 and CREATE-X trials,breast,Triple-negative,n3,procedure,Procedure (Surgery),Surgery,,,kn522:n3:procedure_identity,procedure_identity,N,,,,,,,,
9,1,kn522,"KEYNOTE-522: chemo + pembrolizumab, surgery, pembrolizumab (+ capecitabine per CREATE-X if cancer remains)",KEYNOTE-522 and CREATE-X trials,breast,Triple-negative,n4,interval,Interval: Healing after surgery,,,,kn522:n4:interval_duration,interval_duration,Y,,,,,,,,
9,1,kn522,"KEYNOTE-522: chemo + pembrolizumab, surgery, pembrolizumab (+ capecitabine per CREATE-X if cancer remains)",KEYNOTE-522 and CREATE-X trials,breast,Triple-negative,n5,decision,Decision 1,,,,kn522:n5:decision_condition,decision_condition,N,,,,,,,,
9,1,kn522,"KEYNOTE-522: chemo + pembrolizumab, surgery, pembrolizumab (+ capecitabine per CREATE-X if cancer remains)",KEYNOTE-522 and CREATE-X trials,breast,Triple-negative,n5,decision,Decision 1,,,,kn522:n5:branch_set,branch_set,N,,,,,,,,
9,1,kn522,"KEYNOTE-522: chemo + pembrolizumab, surgery, pembrolizumab (+ capecitabine per CREATE-X if cancer remains)",KEYNOTE-522 and CREATE-X trials,breast,Triple-negative,n5.b0.n0,phase,Phase 3 (Immunotherapy; cycles) [branch: No remaining cancer (complete response)],Immunotherapy,cycles,,kn522:n5.b0.n0:agents,agents,Y,,,,,,,,
9,1,kn522,"KEYNOTE-522: chemo + pembrolizumab, surgery, pembrolizumab (+ capecitabine per CREATE-X if cancer remains)",KEYNOTE-522 and CREATE-X trials,breast,Triple-negative,n5.b0.n0,phase,Phase 3 (Immunotherapy; cycles) [branch: No remaining cancer (complete response)],Immunotherapy,cycles,,kn522:n5.b0.n0:cycle_length,cycle_length,Y,,,,,,,,
9,1,kn522,"KEYNOTE-522: chemo + pembrolizumab, surgery, pembrolizumab (+ capecitabine per CREATE-X if cancer remains)",KEYNOTE-522 and CREATE-X trials,breast,Triple-negative,n5.b0.n0,phase,Phase 3 (Immunotherapy; cycles) [branch: No remaining cancer (complete response)],Immunotherapy,cycles,,kn522:n5.b0.n0:n_cycles,n_cycles,Y,,,,,,,,
9,1,kn522,"KEYNOTE-522: chemo + pembrolizumab, surgery, pembrolizumab (+ capecitabine per CREATE-X if cancer remains)",KEYNOTE-522 and CREATE-X trials,breast,Triple-negative,n5.b0.n1,phase,Phase 4 (Radiation; weekdays) [branch: No remaining cancer (complete response)],Radiation,weekdays,optional; concurrent,kn522:n5.b0.n1:agents,agents,Y,,,,,,,,
9,1,kn522,"KEYNOTE-522: chemo + pembrolizumab, surgery, pembrolizumab (+ capecitabine per CREATE-X if cancer remains)",KEYNOTE-522 and CREATE-X trials,breast,Triple-negative,n5.b1.n0,phase,Phase 5 (Immunotherapy; cycles) [branch: Some cancer remained],Immunotherapy,cycles,,kn522:n5.b1.n0:agents,agents,Y,,,,,,,,
9,1,kn522,"KEYNOTE-522: chemo + pembrolizumab, surgery, pembrolizumab (+ capecitabine per CREATE-X if cancer remains)",KEYNOTE-522 and CREATE-X trials,breast,Triple-negative,n5.b1.n0,phase,Phase 5 (Immunotherapy; cycles) [branch: Some cancer remained],Immunotherapy,cycles,,kn522:n5.b1.n0:cycle_length,cycle_length,Y,,,,,,,,
9,1,kn522,"KEYNOTE-522: chemo + pembrolizumab, surgery, pembrolizumab (+ capecitabine per CREATE-X if cancer remains)",KEYNOTE-522 and CREATE-X trials,breast,Triple-negative,n5.b1.n0,phase,Phase 5 (Immunotherapy; cycles) [branch: Some cancer remained],Immunotherapy,cycles,,kn522:n5.b1.n0:n_cycles,n_cycles,Y,,,,,,,,
9,1,kn522,"KEYNOTE-522: chemo + pembrolizumab, surgery, pembrolizumab (+ capecitabine per CREATE-X if cancer remains)",KEYNOTE-522 and CREATE-X trials,breast,Triple-negative,n5.b1.n1,phase,Phase 6 (Radiation; weekdays) [branch: Some cancer remained],Radiation,weekdays,optional; concurrent,kn522:n5.b1.n1:agents,agents,Y,,,,,,,,
9,1,kn522,"KEYNOTE-522: chemo + pembrolizumab, surgery, pembrolizumab (+ capecitabine per CREATE-X if cancer remains)",KEYNOTE-522 and CREATE-X trials,breast,Triple-negative,n5.b1.n2,phase,Phase 7 (Chemotherapy; cycles) [branch: Some cancer remained],Chemotherapy,cycles,optional; concurrent,kn522:n5.b1.n2:agents,agents,Y,,,,,,,,
9,1,kn522,"KEYNOTE-522: chemo + pembrolizumab, surgery, pembrolizumab (+ capecitabine per CREATE-X if cancer remains)",KEYNOTE-522 and CREATE-X trials,breast,Triple-negative,n5.b1.n2,phase,Phase 7 (Chemotherapy; cycles) [branch: Some cancer remained],Chemotherapy,cycles,optional; concurrent,kn522:n5.b1.n2:cycle_length,cycle_length,Y,,,,,,,,
9,1,kn522,"KEYNOTE-522: chemo + pembrolizumab, surgery, pembrolizumab (+ capecitabine per CREATE-X if cancer remains)",KEYNOTE-522 and CREATE-X trials,breast,Triple-negative,n5.b1.n2,phase,Phase 7 (Chemotherapy; cycles) [branch: Some cancer remained],Chemotherapy,cycles,optional; concurrent,kn522:n5.b1.n2:n_cycles,n_cycles,Y,,,,,,,,
9,1,kn522,"KEYNOTE-522: chemo + pembrolizumab, surgery, pembrolizumab (+ capecitabine per CREATE-X if cancer remains)",KEYNOTE-522 and CREATE-X trials,breast,Triple-negative,n5.b1.n2,phase,Phase 7 (Chemotherapy; cycles) [branch: Some cancer remained],Chemotherapy,cycles,optional; concurrent,kn522:n5.b1.n2:visit_days,visit_days,Y,,,,,,,,
9,1,kn522,"KEYNOTE-522: chemo + pembrolizumab, surgery, pembrolizumab (+ capecitabine per CREATE-X if cancer remains)",KEYNOTE-522 and CREATE-X trials,breast,Triple-negative,pathway,pathway,Sequence of steps,,,,kn522:pathway:sequence,sequence,N,,,,,,,,
10,1,apt,"APT: surgery, weekly paclitaxel + trastuzumab, then trastuzumab",APT trial,breast,HER2-positive,n0,procedure,Procedure (Surgery),Surgery,,,apt:n0:procedure_identity,procedure_identity,N,,,,,,,,
10,1,apt,"APT: surgery, weekly paclitaxel + trastuzumab, then trastuzumab",APT trial,breast,HER2-positive,n1,interval,Interval: Healing after surgery,,,,apt:n1:interval_duration,interval_duration,Y,,,,,,,,
10,1,apt,"APT: surgery, weekly paclitaxel + trastuzumab, then trastuzumab",APT trial,breast,HER2-positive,n2,phase,Phase 1 (Chemotherapy; Targeted therapy; cycles),Chemotherapy; Targeted therapy,cycles,,apt:n2:agents,agents,Y,,,,,,,,
10,1,apt,"APT: surgery, weekly paclitaxel + trastuzumab, then trastuzumab",APT trial,breast,HER2-positive,n2,phase,Phase 1 (Chemotherapy; Targeted therapy; cycles),Chemotherapy; Targeted therapy,cycles,,apt:n2:cycle_length,cycle_length,Y,,,,,,,,
10,1,apt,"APT: surgery, weekly paclitaxel + trastuzumab, then trastuzumab",APT trial,breast,HER2-positive,n2,phase,Phase 1 (Chemotherapy; Targeted therapy; cycles),Chemotherapy; Targeted therapy,cycles,,apt:n2:n_cycles,n_cycles,Y,,,,,,,,
10,1,apt,"APT: surgery, weekly paclitaxel + trastuzumab, then trastuzumab",APT trial,breast,HER2-positive,n2,phase,Phase 1 (Chemotherapy; Targeted therapy; cycles),Chemotherapy; Targeted therapy,cycles,,apt:n2:visit_days,visit_days,Y,,,,,,,,
10,1,apt,"APT: surgery, weekly paclitaxel + trastuzumab, then trastuzumab",APT trial,breast,HER2-positive,n3,phase,Phase 2 (Targeted therapy; cycles),Targeted therapy,cycles,,apt:n3:agents,agents,Y,,,,,,,,
10,1,apt,"APT: surgery, weekly paclitaxel + trastuzumab, then trastuzumab",APT trial,breast,HER2-positive,n3,phase,Phase 2 (Targeted therapy; cycles),Targeted therapy,cycles,,apt:n3:cycle_length,cycle_length,Y,,,,,,,,
10,1,apt,"APT: surgery, weekly paclitaxel + trastuzumab, then trastuzumab",APT trial,breast,HER2-positive,n3,phase,Phase 2 (Targeted therapy; cycles),Targeted therapy,cycles,,apt:n3:n_cycles,n_cycles,Y,,,,,,,,
10,1,apt,"APT: surgery, weekly paclitaxel + trastuzumab, then trastuzumab",APT trial,breast,HER2-positive,n4,phase,Phase 3 (Radiation; weekdays),Radiation,weekdays,optional; concurrent,apt:n4:agents,agents,Y,,,,,,,,
10,1,apt,"APT: surgery, weekly paclitaxel + trastuzumab, then trastuzumab",APT trial,breast,HER2-positive,n5,phase,Phase 4 (Hormone (endocrine) therapy; daily),Hormone (endocrine) therapy,daily,optional; off by default; concurrent,apt:n5:agents,agents,Y,,,,,,,,
10,1,apt,"APT: surgery, weekly paclitaxel + trastuzumab, then trastuzumab",APT trial,breast,HER2-positive,n5,phase,Phase 4 (Hormone (endocrine) therapy; daily),Hormone (endocrine) therapy,daily,optional; off by default; concurrent,apt:n5:duration,duration,Y,,,,,,,,
10,1,apt,"APT: surgery, weekly paclitaxel + trastuzumab, then trastuzumab",APT trial,breast,HER2-positive,pathway,pathway,Sequence of steps,,,,apt:pathway:sequence,sequence,N,,,,,,,,
11,2,endo,"Surgery, radiation, endocrine therapy only","NCCN standard (TAILORx, ATLAS)",breast,"HR-positive, HER2-negative",n0,procedure,Procedure (Surgery),Surgery,,,endo:n0:procedure_identity,procedure_identity,N,,,,,,,,
11,2,endo,"Surgery, radiation, endocrine therapy only","NCCN standard (TAILORx, ATLAS)",breast,"HR-positive, HER2-negative",n1,interval,Interval: Healing after surgery,,,,endo:n1:interval_duration,interval_duration,Y,,,,,,,,
11,2,endo,"Surgery, radiation, endocrine therapy only","NCCN standard (TAILORx, ATLAS)",breast,"HR-positive, HER2-negative",n2,phase,Phase 1 (Radiation; weekdays),Radiation,weekdays,optional,endo:n2:agents,agents,Y,,,,,,,,
11,2,endo,"Surgery, radiation, endocrine therapy only","NCCN standard (TAILORx, ATLAS)",breast,"HR-positive, HER2-negative",n3,phase,Phase 2 (Hormone (endocrine) therapy; daily),Hormone (endocrine) therapy,daily,,endo:n3:agents,agents,Y,,,,,,,,
11,2,endo,"Surgery, radiation, endocrine therapy only","NCCN standard (TAILORx, ATLAS)",breast,"HR-positive, HER2-negative",n3,phase,Phase 2 (Hormone (endocrine) therapy; daily),Hormone (endocrine) therapy,daily,,endo:n3:duration,duration,Y,,,,,,,,
11,2,endo,"Surgery, radiation, endocrine therapy only","NCCN standard (TAILORx, ATLAS)",breast,"HR-positive, HER2-negative",pathway,pathway,Sequence of steps,,,,endo:pathway:sequence,sequence,N,,,,,,,,
12,2,tc4-hr,"Surgery, then docetaxel + cyclophosphamide ×4 (TC), then endocrine therapy",US Oncology 9735,breast,"HR-positive, HER2-negative",n0,procedure,Procedure (Surgery),Surgery,,,tc4-hr:n0:procedure_identity,procedure_identity,N,,,,,,,,
12,2,tc4-hr,"Surgery, then docetaxel + cyclophosphamide ×4 (TC), then endocrine therapy",US Oncology 9735,breast,"HR-positive, HER2-negative",n1,interval,Interval: Healing after surgery,,,,tc4-hr:n1:interval_duration,interval_duration,Y,,,,,,,,
12,2,tc4-hr,"Surgery, then docetaxel + cyclophosphamide ×4 (TC), then endocrine therapy",US Oncology 9735,breast,"HR-positive, HER2-negative",n2,phase,Phase 1 (Chemotherapy; cycles),Chemotherapy,cycles,,tc4-hr:n2:agents,agents,Y,,,,,,,,
12,2,tc4-hr,"Surgery, then docetaxel + cyclophosphamide ×4 (TC), then endocrine therapy",US Oncology 9735,breast,"HR-positive, HER2-negative",n2,phase,Phase 1 (Chemotherapy; cycles),Chemotherapy,cycles,,tc4-hr:n2:cycle_length,cycle_length,Y,,,,,,,,
12,2,tc4-hr,"Surgery, then docetaxel + cyclophosphamide ×4 (TC), then endocrine therapy",US Oncology 9735,breast,"HR-positive, HER2-negative",n2,phase,Phase 1 (Chemotherapy; cycles),Chemotherapy,cycles,,tc4-hr:n2:n_cycles,n_cycles,Y,,,,,,,,
12,2,tc4-hr,"Surgery, then docetaxel + cyclophosphamide ×4 (TC), then endocrine therapy",US Oncology 9735,breast,"HR-positive, HER2-negative",n3,phase,Phase 2 (Radiation; weekdays),Radiation,weekdays,optional,tc4-hr:n3:agents,agents,Y,,,,,,,,
12,2,tc4-hr,"Surgery, then docetaxel + cyclophosphamide ×4 (TC), then endocrine therapy",US Oncology 9735,breast,"HR-positive, HER2-negative",n4,phase,Phase 3 (Hormone (endocrine) therapy; daily),Hormone (endocrine) therapy,daily,,tc4-hr:n4:agents,agents,Y,,,,,,,,
12,2,tc4-hr,"Surgery, then docetaxel + cyclophosphamide ×4 (TC), then endocrine therapy",US Oncology 9735,breast,"HR-positive, HER2-negative",n4,phase,Phase 3 (Hormone (endocrine) therapy; daily),Hormone (endocrine) therapy,daily,,tc4-hr:n4:duration,duration,Y,,,,,,,,
12,2,tc4-hr,"Surgery, then docetaxel + cyclophosphamide ×4 (TC), then endocrine therapy",US Oncology 9735,breast,"HR-positive, HER2-negative",pathway,pathway,Sequence of steps,,,,tc4-hr:pathway:sequence,sequence,N,,,,,,,,
13,2,anal,"Anal canal: chemoradiation, response assessment, salvage surgery only if needed",ACT II / RTOG 98-11,gi,Anal canal,n0,phase,Phase 1 (Radiation; Chemotherapy; weekdays),Radiation; Chemotherapy,weekdays,,anal:n0:agents,agents,Y,,,,,,,,
13,2,anal,"Anal canal: chemoradiation, response assessment, salvage surgery only if needed",ACT II / RTOG 98-11,gi,Anal canal,n0,phase,Phase 1 (Radiation; Chemotherapy; weekdays),Radiation; Chemotherapy,weekdays,,anal:n0:duration,duration,Y,,,,,,,,
13,2,anal,"Anal canal: chemoradiation, response assessment, salvage surgery only if needed",ACT II / RTOG 98-11,gi,Anal canal,n1,interval,Interval: Healing and response checks,,,,anal:n1:interval_duration,interval_duration,Y,,,,,,,,
13,2,anal,"Anal canal: chemoradiation, response assessment, salvage surgery only if needed",ACT II / RTOG 98-11,gi,Anal canal,n2,decision,Decision 1,,,,anal:n2:decision_condition,decision_condition,N,,,,,,,,
13,2,anal,"Anal canal: chemoradiation, response assessment, salvage surgery only if needed",ACT II / RTOG 98-11,gi,Anal canal,n2,decision,Decision 1,,,,anal:n2:branch_set,branch_set,N,,,,,,,,
13,2,anal,"Anal canal: chemoradiation, response assessment, salvage surgery only if needed",ACT II / RTOG 98-11,gi,Anal canal,n2.b0.n0,phase,Phase 2 (Surveillance; ongoing) [branch: Complete response],Surveillance,ongoing,open-ended,anal:n2.b0.n0:agents,agents,Y,,,,,,,,
13,2,anal,"Anal canal: chemoradiation, response assessment, salvage surgery only if needed",ACT II / RTOG 98-11,gi,Anal canal,n2.b0.n0,phase,Phase 2 (Surveillance; ongoing) [branch: Complete response],Surveillance,ongoing,open-ended,anal:n2.b0.n0:frequency_text,frequency_text,N,,,,,,,,
13,2,anal,"Anal canal: chemoradiation, response assessment, salvage surgery only if needed",ACT II / RTOG 98-11,gi,Anal canal,n2.b1.n0,procedure,Procedure (Surgery) [branch: Cancer remains],Surgery,,,anal:n2.b1.n0:procedure_identity,procedure_identity,N,,,,,,,,
13,2,anal,"Anal canal: chemoradiation, response assessment, salvage surgery only if needed",ACT II / RTOG 98-11,gi,Anal canal,n2.b1.n1,interval,Interval: Healing after surgery [branch: Cancer remains],,,,anal:n2.b1.n1:interval_duration,interval_duration,Y,,,,,,,,
13,2,anal,"Anal canal: chemoradiation, response assessment, salvage surgery only if needed",ACT II / RTOG 98-11,gi,Anal canal,pathway,pathway,Sequence of steps,,,,anal:pathway:sequence,sequence,N,,,,,,,,
14,2,tnt-lcrt,"Long-course chemoradiation and chemotherapy before surgery, then rectal resection",CAO/ARO/AIO-12,gi,Rectal,n0,phase,Phase 1 (Radiation; Chemotherapy; weekdays),Radiation; Chemotherapy,weekdays,,tnt-lcrt:n0:agents,agents,Y,,,,,,,,
14,2,tnt-lcrt,"Long-course chemoradiation and chemotherapy before surgery, then rectal resection",CAO/ARO/AIO-12,gi,Rectal,n0,phase,Phase 1 (Radiation; Chemotherapy; weekdays),Radiation; Chemotherapy,weekdays,,tnt-lcrt:n0:duration,duration,Y,,,,,,,,
14,2,tnt-lcrt,"Long-course chemoradiation and chemotherapy before surgery, then rectal resection",CAO/ARO/AIO-12,gi,Rectal,n1,interval,Interval: Recovery,,,,tnt-lcrt:n1:interval_duration,interval_duration,Y,,,,,,,,
14,2,tnt-lcrt,"Long-course chemoradiation and chemotherapy before surgery, then rectal resection",CAO/ARO/AIO-12,gi,Rectal,n2,phase,Phase 2 (Chemotherapy; cycles),Chemotherapy,cycles,,tnt-lcrt:n2:agents,agents,Y,,,,,,,,
14,2,tnt-lcrt,"Long-course chemoradiation and chemotherapy before surgery, then rectal resection",CAO/ARO/AIO-12,gi,Rectal,n2,phase,Phase 2 (Chemotherapy; cycles),Chemotherapy,cycles,,tnt-lcrt:n2:cycle_length,cycle_length,Y,,,,,,,,
14,2,tnt-lcrt,"Long-course chemoradiation and chemotherapy before surgery, then rectal resection",CAO/ARO/AIO-12,gi,Rectal,n2,phase,Phase 2 (Chemotherapy; cycles),Chemotherapy,cycles,,tnt-lcrt:n2:n_cycles,n_cycles,Y,,,,,,,,
14,2,tnt-lcrt,"Long-course chemoradiation and chemotherapy before surgery, then rectal resection",CAO/ARO/AIO-12,gi,Rectal,n3,interval,Interval: Recovery before surgery,,,,tnt-lcrt:n3:interval_duration,interval_duration,Y,,,,,,,,
14,2,tnt-lcrt,"Long-course chemoradiation and chemotherapy before surgery, then rectal resection",CAO/ARO/AIO-12,gi,Rectal,n4,procedure,Procedure (Surgery),Surgery,,,tnt-lcrt:n4:procedure_identity,procedure_identity,N,,,,,,,,
14,2,tnt-lcrt,"Long-course chemoradiation and chemotherapy before surgery, then rectal resection",CAO/ARO/AIO-12,gi,Rectal,n5,interval,Interval: Healing after surgery,,,,tnt-lcrt:n5:interval_duration,interval_duration,Y,,,,,,,,
14,2,tnt-lcrt,"Long-course chemoradiation and chemotherapy before surgery, then rectal resection",CAO/ARO/AIO-12,gi,Rectal,n6,phase,Phase 3 (Surveillance; ongoing),Surveillance,ongoing,open-ended,tnt-lcrt:n6:agents,agents,Y,,,,,,,,
14,2,tnt-lcrt,"Long-course chemoradiation and chemotherapy before surgery, then rectal resection",CAO/ARO/AIO-12,gi,Rectal,n6,phase,Phase 3 (Surveillance; ongoing),Surveillance,ongoing,open-ended,tnt-lcrt:n6:frequency_text,frequency_text,N,,,,,,,,
14,2,tnt-lcrt,"Long-course chemoradiation and chemotherapy before surgery, then rectal resection",CAO/ARO/AIO-12,gi,Rectal,pathway,pathway,Sequence of steps,,,,tnt-lcrt:pathway:sequence,sequence,N,,,,,,,,
15,2,flot,"Gastric/GEJ: FLOT + durvalumab, surgery, FLOT + durvalumab",FLOT4 / MATTERHORN,gi,Esophageal and stomach,n0,phase,Phase 1 (Chemotherapy; cycles),Chemotherapy,cycles,,flot:n0:agents,agents,Y,,,,,,,,
15,2,flot,"Gastric/GEJ: FLOT + durvalumab, surgery, FLOT + durvalumab",FLOT4 / MATTERHORN,gi,Esophageal and stomach,n0,phase,Phase 1 (Chemotherapy; cycles),Chemotherapy,cycles,,flot:n0:cycle_length,cycle_length,Y,,,,,,,,
15,2,flot,"Gastric/GEJ: FLOT + durvalumab, surgery, FLOT + durvalumab",FLOT4 / MATTERHORN,gi,Esophageal and stomach,n0,phase,Phase 1 (Chemotherapy; cycles),Chemotherapy,cycles,,flot:n0:n_cycles,n_cycles,Y,,,,,,,,
15,2,flot,"Gastric/GEJ: FLOT + durvalumab, surgery, FLOT + durvalumab",FLOT4 / MATTERHORN,gi,Esophageal and stomach,n0,phase,Phase 1 (Chemotherapy; cycles),Chemotherapy,cycles,,flot:n0:visit_days,visit_days,Y,,,,,,,,
15,2,flot,"Gastric/GEJ: FLOT + durvalumab, surgery, FLOT + durvalumab",FLOT4 / MATTERHORN,gi,Esophageal and stomach,n1,phase,Phase 2 (Immunotherapy; cycles),Immunotherapy,cycles,optional; concurrent,flot:n1:agents,agents,Y,,,,,,,,
15,2,flot,"Gastric/GEJ: FLOT + durvalumab, surgery, FLOT + durvalumab",FLOT4 / MATTERHORN,gi,Esophageal and stomach,n1,phase,Phase 2 (Immunotherapy; cycles),Immunotherapy,cycles,optional; concurrent,flot:n1:cycle_length,cycle_length,Y,,,,,,,,
15,2,flot,"Gastric/GEJ: FLOT + durvalumab, surgery, FLOT + durvalumab",FLOT4 / MATTERHORN,gi,Esophageal and stomach,n1,phase,Phase 2 (Immunotherapy; cycles),Immunotherapy,cycles,optional; concurrent,flot:n1:n_cycles,n_cycles,Y,,,,,,,,
15,2,flot,"Gastric/GEJ: FLOT + durvalumab, surgery, FLOT + durvalumab",FLOT4 / MATTERHORN,gi,Esophageal and stomach,n2,interval,Interval: Recovery before surgery,,,,flot:n2:interval_duration,interval_duration,Y,,,,,,,,
15,2,flot,"Gastric/GEJ: FLOT + durvalumab, surgery, FLOT + durvalumab",FLOT4 / MATTERHORN,gi,Esophageal and stomach,n3,procedure,Procedure (Surgery),Surgery,,,flot:n3:procedure_identity,procedure_identity,N,,,,,,,,
15,2,flot,"Gastric/GEJ: FLOT + durvalumab, surgery, FLOT + durvalumab",FLOT4 / MATTERHORN,gi,Esophageal and stomach,n4,interval,Interval: Healing after surgery,,,,flot:n4:interval_duration,interval_duration,Y,,,,,,,,
15,2,flot,"Gastric/GEJ: FLOT + durvalumab, surgery, FLOT + durvalumab",FLOT4 / MATTERHORN,gi,Esophageal and stomach,n5,phase,Phase 3 (Chemotherapy; cycles),Chemotherapy,cycles,,flot:n5:agents,agents,Y,,,,,,,,
15,2,flot,"Gastric/GEJ: FLOT + durvalumab, surgery, FLOT + durvalumab",FLOT4 / MATTERHORN,gi,Esophageal and stomach,n5,phase,Phase 3 (Chemotherapy; cycles),Chemotherapy,cycles,,flot:n5:cycle_length,cycle_length,Y,,,,,,,,
15,2,flot,"Gastric/GEJ: FLOT + durvalumab, surgery, FLOT + durvalumab",FLOT4 / MATTERHORN,gi,Esophageal and stomach,n5,phase,Phase 3 (Chemotherapy; cycles),Chemotherapy,cycles,,flot:n5:n_cycles,n_cycles,Y,,,,,,,,
15,2,flot,"Gastric/GEJ: FLOT + durvalumab, surgery, FLOT + durvalumab",FLOT4 / MATTERHORN,gi,Esophageal and stomach,n5,phase,Phase 3 (Chemotherapy; cycles),Chemotherapy,cycles,,flot:n5:visit_days,visit_days,Y,,,,,,,,
15,2,flot,"Gastric/GEJ: FLOT + durvalumab, surgery, FLOT + durvalumab",FLOT4 / MATTERHORN,gi,Esophageal and stomach,n6,phase,Phase 4 (Immunotherapy; cycles),Immunotherapy,cycles,optional; concurrent,flot:n6:agents,agents,Y,,,,,,,,
15,2,flot,"Gastric/GEJ: FLOT + durvalumab, surgery, FLOT + durvalumab",FLOT4 / MATTERHORN,gi,Esophageal and stomach,n6,phase,Phase 4 (Immunotherapy; cycles),Immunotherapy,cycles,optional; concurrent,flot:n6:cycle_length,cycle_length,Y,,,,,,,,
15,2,flot,"Gastric/GEJ: FLOT + durvalumab, surgery, FLOT + durvalumab",FLOT4 / MATTERHORN,gi,Esophageal and stomach,n6,phase,Phase 4 (Immunotherapy; cycles),Immunotherapy,cycles,optional; concurrent,flot:n6:n_cycles,n_cycles,Y,,,,,,,,
15,2,flot,"Gastric/GEJ: FLOT + durvalumab, surgery, FLOT + durvalumab",FLOT4 / MATTERHORN,gi,Esophageal and stomach,n7,phase,Phase 5 (Immunotherapy; cycles),Immunotherapy,cycles,optional,flot:n7:agents,agents,Y,,,,,,,,
15,2,flot,"Gastric/GEJ: FLOT + durvalumab, surgery, FLOT + durvalumab",FLOT4 / MATTERHORN,gi,Esophageal and stomach,n7,phase,Phase 5 (Immunotherapy; cycles),Immunotherapy,cycles,optional,flot:n7:cycle_length,cycle_length,Y,,,,,,,,
15,2,flot,"Gastric/GEJ: FLOT + durvalumab, surgery, FLOT + durvalumab",FLOT4 / MATTERHORN,gi,Esophageal and stomach,n7,phase,Phase 5 (Immunotherapy; cycles),Immunotherapy,cycles,optional,flot:n7:n_cycles,n_cycles,Y,,,,,,,,
15,2,flot,"Gastric/GEJ: FLOT + durvalumab, surgery, FLOT + durvalumab",FLOT4 / MATTERHORN,gi,Esophageal and stomach,pathway,pathway,Sequence of steps,,,,flot:pathway:sequence,sequence,N,,,,,,,,
16,2,rapido,"Rectal TNT: short-course radiation, CAPOX, surgery",RAPIDO,gi,Rectal,n0,phase,Phase 1 (Radiation; weekdays),Radiation,weekdays,,rapido:n0:agents,agents,Y,,,,,,,,
16,2,rapido,"Rectal TNT: short-course radiation, CAPOX, surgery",RAPIDO,gi,Rectal,n0,phase,Phase 1 (Radiation; weekdays),Radiation,weekdays,,rapido:n0:duration,duration,Y,,,,,,,,
16,2,rapido,"Rectal TNT: short-course radiation, CAPOX, surgery",RAPIDO,gi,Rectal,n1,interval,Interval: Short break,,,,rapido:n1:interval_duration,interval_duration,Y,,,,,,,,
16,2,rapido,"Rectal TNT: short-course radiation, CAPOX, surgery",RAPIDO,gi,Rectal,n2,phase,Phase 2 (Chemotherapy; cycles),Chemotherapy,cycles,,rapido:n2:agents,agents,Y,,,,,,,,
16,2,rapido,"Rectal TNT: short-course radiation, CAPOX, surgery",RAPIDO,gi,Rectal,n2,phase,Phase 2 (Chemotherapy; cycles),Chemotherapy,cycles,,rapido:n2:cycle_length,cycle_length,Y,,,,,,,,
16,2,rapido,"Rectal TNT: short-course radiation, CAPOX, surgery",RAPIDO,gi,Rectal,n2,phase,Phase 2 (Chemotherapy; cycles),Chemotherapy,cycles,,rapido:n2:n_cycles,n_cycles,Y,,,,,,,,
16,2,rapido,"Rectal TNT: short-course radiation, CAPOX, surgery",RAPIDO,gi,Rectal,n2,phase,Phase 2 (Chemotherapy; cycles),Chemotherapy,cycles,,rapido:n2:visit_days,visit_days,Y,,,,,,,,
16,2,rapido,"Rectal TNT: short-course radiation, CAPOX, surgery",RAPIDO,gi,Rectal,n3,interval,Interval: Recovery before surgery,,,,rapido:n3:interval_duration,interval_duration,Y,,,,,,,,
16,2,rapido,"Rectal TNT: short-course radiation, CAPOX, surgery",RAPIDO,gi,Rectal,n4,procedure,Procedure (Surgery),Surgery,,,rapido:n4:procedure_identity,procedure_identity,N,,,,,,,,
16,2,rapido,"Rectal TNT: short-course radiation, CAPOX, surgery",RAPIDO,gi,Rectal,n5,interval,Interval: Healing after surgery,,,,rapido:n5:interval_duration,interval_duration,Y,,,,,,,,
16,2,rapido,"Rectal TNT: short-course radiation, CAPOX, surgery",RAPIDO,gi,Rectal,pathway,pathway,Sequence of steps,,,,rapido:pathway:sequence,sequence,N,,,,,,,,
17,2,atomic,"ATOMIC: surgery, FOLFOX + atezolizumab, then atezolizumab (dMMR / MSI-high, stage III)",ATOMIC (NCCN-listed; FDA decision expected October 2026),gi,Colon,n0,procedure,Procedure (Surgery),Surgery,,,atomic:n0:procedure_identity,procedure_identity,N,,,,,,,,
17,2,atomic,"ATOMIC: surgery, FOLFOX + atezolizumab, then atezolizumab (dMMR / MSI-high, stage III)",ATOMIC (NCCN-listed; FDA decision expected October 2026),gi,Colon,n1,interval,Interval: Healing after surgery,,,,atomic:n1:interval_duration,interval_duration,Y,,,,,,,,
17,2,atomic,"ATOMIC: surgery, FOLFOX + atezolizumab, then atezolizumab (dMMR / MSI-high, stage III)",ATOMIC (NCCN-listed; FDA decision expected October 2026),gi,Colon,n2,phase,Phase 1 (Chemotherapy; cycles),Chemotherapy,cycles,,atomic:n2:agents,agents,Y,,,,,,,,
17,2,atomic,"ATOMIC: surgery, FOLFOX + atezolizumab, then atezolizumab (dMMR / MSI-high, stage III)",ATOMIC (NCCN-listed; FDA decision expected October 2026),gi,Colon,n2,phase,Phase 1 (Chemotherapy; cycles),Chemotherapy,cycles,,atomic:n2:cycle_length,cycle_length,Y,,,,,,,,
17,2,atomic,"ATOMIC: surgery, FOLFOX + atezolizumab, then atezolizumab (dMMR / MSI-high, stage III)",ATOMIC (NCCN-listed; FDA decision expected October 2026),gi,Colon,n2,phase,Phase 1 (Chemotherapy; cycles),Chemotherapy,cycles,,atomic:n2:n_cycles,n_cycles,Y,,,,,,,,
17,2,atomic,"ATOMIC: surgery, FOLFOX + atezolizumab, then atezolizumab (dMMR / MSI-high, stage III)",ATOMIC (NCCN-listed; FDA decision expected October 2026),gi,Colon,n2,phase,Phase 1 (Chemotherapy; cycles),Chemotherapy,cycles,,atomic:n2:visit_days,visit_days,Y,,,,,,,,
17,2,atomic,"ATOMIC: surgery, FOLFOX + atezolizumab, then atezolizumab (dMMR / MSI-high, stage III)",ATOMIC (NCCN-listed; FDA decision expected October 2026),gi,Colon,n3,phase,Phase 2 (Immunotherapy; cycles),Immunotherapy,cycles,concurrent,atomic:n3:agents,agents,Y,,,,,,,,
17,2,atomic,"ATOMIC: surgery, FOLFOX + atezolizumab, then atezolizumab (dMMR / MSI-high, stage III)",ATOMIC (NCCN-listed; FDA decision expected October 2026),gi,Colon,n3,phase,Phase 2 (Immunotherapy; cycles),Immunotherapy,cycles,concurrent,atomic:n3:cycle_length,cycle_length,Y,,,,,,,,
17,2,atomic,"ATOMIC: surgery, FOLFOX + atezolizumab, then atezolizumab (dMMR / MSI-high, stage III)",ATOMIC (NCCN-listed; FDA decision expected October 2026),gi,Colon,n3,phase,Phase 2 (Immunotherapy; cycles),Immunotherapy,cycles,concurrent,atomic:n3:n_cycles,n_cycles,Y,,,,,,,,
17,2,atomic,"ATOMIC: surgery, FOLFOX + atezolizumab, then atezolizumab (dMMR / MSI-high, stage III)",ATOMIC (NCCN-listed; FDA decision expected October 2026),gi,Colon,n4,phase,Phase 3 (Immunotherapy; cycles),Immunotherapy,cycles,,atomic:n4:agents,agents,Y,,,,,,,,
17,2,atomic,"ATOMIC: surgery, FOLFOX + atezolizumab, then atezolizumab (dMMR / MSI-high, stage III)",ATOMIC (NCCN-listed; FDA decision expected October 2026),gi,Colon,n4,phase,Phase 3 (Immunotherapy; cycles),Immunotherapy,cycles,,atomic:n4:cycle_length,cycle_length,Y,,,,,,,,
17,2,atomic,"ATOMIC: surgery, FOLFOX + atezolizumab, then atezolizumab (dMMR / MSI-high, stage III)",ATOMIC (NCCN-listed; FDA decision expected October 2026),gi,Colon,n4,phase,Phase 3 (Immunotherapy; cycles),Immunotherapy,cycles,,atomic:n4:n_cycles,n_cycles,Y,,,,,,,,
17,2,atomic,"ATOMIC: surgery, FOLFOX + atezolizumab, then atezolizumab (dMMR / MSI-high, stage III)",ATOMIC (NCCN-listed; FDA decision expected October 2026),gi,Colon,n5,phase,Phase 4 (Surveillance; ongoing),Surveillance,ongoing,open-ended,atomic:n5:agents,agents,Y,,,,,,,,
17,2,atomic,"ATOMIC: surgery, FOLFOX + atezolizumab, then atezolizumab (dMMR / MSI-high, stage III)",ATOMIC (NCCN-listed; FDA decision expected October 2026),gi,Colon,n5,phase,Phase 4 (Surveillance; ongoing),Surveillance,ongoing,open-ended,atomic:n5:frequency_text,frequency_text,N,,,,,,,,
17,2,atomic,"ATOMIC: surgery, FOLFOX + atezolizumab, then atezolizumab (dMMR / MSI-high, stage III)",ATOMIC (NCCN-listed; FDA decision expected October 2026),gi,Colon,pathway,pathway,Sequence of steps,,,,atomic:pathway:sequence,sequence,N,,,,,,,,
18,2,prodige23,"Rectal TNT: FOLFIRINOX, chemoradiation, surgery, FOLFOX",PRODIGE 23,gi,Rectal,n0,phase,Phase 1 (Chemotherapy; cycles),Chemotherapy,cycles,,prodige23:n0:agents,agents,Y,,,,,,,,
18,2,prodige23,"Rectal TNT: FOLFIRINOX, chemoradiation, surgery, FOLFOX",PRODIGE 23,gi,Rectal,n0,phase,Phase 1 (Chemotherapy; cycles),Chemotherapy,cycles,,prodige23:n0:cycle_length,cycle_length,Y,,,,,,,,
18,2,prodige23,"Rectal TNT: FOLFIRINOX, chemoradiation, surgery, FOLFOX",PRODIGE 23,gi,Rectal,n0,phase,Phase 1 (Chemotherapy; cycles),Chemotherapy,cycles,,prodige23:n0:n_cycles,n_cycles,Y,,,,,,,,
18,2,prodige23,"Rectal TNT: FOLFIRINOX, chemoradiation, surgery, FOLFOX",PRODIGE 23,gi,Rectal,n0,phase,Phase 1 (Chemotherapy; cycles),Chemotherapy,cycles,,prodige23:n0:visit_days,visit_days,Y,,,,,,,,
18,2,prodige23,"Rectal TNT: FOLFIRINOX, chemoradiation, surgery, FOLFOX",PRODIGE 23,gi,Rectal,n1,phase,Phase 2 (Radiation; Chemotherapy; weekdays),Radiation; Chemotherapy,weekdays,,prodige23:n1:agents,agents,Y,,,,,,,,
18,2,prodige23,"Rectal TNT: FOLFIRINOX, chemoradiation, surgery, FOLFOX",PRODIGE 23,gi,Rectal,n1,phase,Phase 2 (Radiation; Chemotherapy; weekdays),Radiation; Chemotherapy,weekdays,,prodige23:n1:duration,duration,Y,,,,,,,,
18,2,prodige23,"Rectal TNT: FOLFIRINOX, chemoradiation, surgery, FOLFOX",PRODIGE 23,gi,Rectal,n2,interval,Interval: Recovery before surgery,,,,prodige23:n2:interval_duration,interval_duration,Y,,,,,,,,
18,2,prodige23,"Rectal TNT: FOLFIRINOX, chemoradiation, surgery, FOLFOX",PRODIGE 23,gi,Rectal,n3,procedure,Procedure (Surgery),Surgery,,,prodige23:n3:procedure_identity,procedure_identity,N,,,,,,,,
18,2,prodige23,"Rectal TNT: FOLFIRINOX, chemoradiation, surgery, FOLFOX",PRODIGE 23,gi,Rectal,n4,interval,Interval: Healing after surgery,,,,prodige23:n4:interval_duration,interval_duration,Y,,,,,,,,
18,2,prodige23,"Rectal TNT: FOLFIRINOX, chemoradiation, surgery, FOLFOX",PRODIGE 23,gi,Rectal,n5,phase,Phase 3 (Chemotherapy; cycles),Chemotherapy,cycles,,prodige23:n5:agents,agents,Y,,,,,,,,
18,2,prodige23,"Rectal TNT: FOLFIRINOX, chemoradiation, surgery, FOLFOX",PRODIGE 23,gi,Rectal,n5,phase,Phase 3 (Chemotherapy; cycles),Chemotherapy,cycles,,prodige23:n5:cycle_length,cycle_length,Y,,,,,,,,
18,2,prodige23,"Rectal TNT: FOLFIRINOX, chemoradiation, surgery, FOLFOX",PRODIGE 23,gi,Rectal,n5,phase,Phase 3 (Chemotherapy; cycles),Chemotherapy,cycles,,prodige23:n5:n_cycles,n_cycles,Y,,,,,,,,
18,2,prodige23,"Rectal TNT: FOLFIRINOX, chemoradiation, surgery, FOLFOX",PRODIGE 23,gi,Rectal,n5,phase,Phase 3 (Chemotherapy; cycles),Chemotherapy,cycles,,prodige23:n5:visit_days,visit_days,Y,,,,,,,,
18,2,prodige23,"Rectal TNT: FOLFIRINOX, chemoradiation, surgery, FOLFOX",PRODIGE 23,gi,Rectal,pathway,pathway,Sequence of steps,,,,prodige23:pathway:sequence,sequence,N,,,,,,,,
19,2,prodige24,"Pancreatic: surgery, adjuvant mFOLFIRINOX",PRODIGE 24,gi,Pancreas,n0,procedure,Procedure (Surgery),Surgery,,,prodige24:n0:procedure_identity,procedure_identity,N,,,,,,,,
19,2,prodige24,"Pancreatic: surgery, adjuvant mFOLFIRINOX",PRODIGE 24,gi,Pancreas,n1,interval,Interval: Healing after surgery,,,,prodige24:n1:interval_duration,interval_duration,Y,,,,,,,,
19,2,prodige24,"Pancreatic: surgery, adjuvant mFOLFIRINOX",PRODIGE 24,gi,Pancreas,n2,phase,Phase 1 (Chemotherapy; cycles),Chemotherapy,cycles,,prodige24:n2:agents,agents,Y,,,,,,,,
19,2,prodige24,"Pancreatic: surgery, adjuvant mFOLFIRINOX",PRODIGE 24,gi,Pancreas,n2,phase,Phase 1 (Chemotherapy; cycles),Chemotherapy,cycles,,prodige24:n2:cycle_length,cycle_length,Y,,,,,,,,
19,2,prodige24,"Pancreatic: surgery, adjuvant mFOLFIRINOX",PRODIGE 24,gi,Pancreas,n2,phase,Phase 1 (Chemotherapy; cycles),Chemotherapy,cycles,,prodige24:n2:n_cycles,n_cycles,Y,,,,,,,,
19,2,prodige24,"Pancreatic: surgery, adjuvant mFOLFIRINOX",PRODIGE 24,gi,Pancreas,n2,phase,Phase 1 (Chemotherapy; cycles),Chemotherapy,cycles,,prodige24:n2:visit_days,visit_days,Y,,,,,,,,
19,2,prodige24,"Pancreatic: surgery, adjuvant mFOLFIRINOX",PRODIGE 24,gi,Pancreas,n3,phase,Phase 2 (Surveillance; ongoing),Surveillance,ongoing,open-ended,prodige24:n3:agents,agents,Y,,,,,,,,
19,2,prodige24,"Pancreatic: surgery, adjuvant mFOLFIRINOX",PRODIGE 24,gi,Pancreas,n3,phase,Phase 2 (Surveillance; ongoing),Surveillance,ongoing,open-ended,prodige24:n3:frequency_text,frequency_text,N,,,,,,,,
19,2,prodige24,"Pancreatic: surgery, adjuvant mFOLFIRINOX",PRODIGE 24,gi,Pancreas,pathway,pathway,Sequence of steps,,,,prodige24:pathway:sequence,sequence,N,,,,,,,,
20,2,opra,"Rectal organ preservation: chemoradiation, FOLFOX, then watch-and-wait or surgery",OPRA,gi,Rectal,n0,phase,Phase 1 (Radiation; Chemotherapy; weekdays),Radiation; Chemotherapy,weekdays,,opra:n0:agents,agents,Y,,,,,,,,
20,2,opra,"Rectal organ preservation: chemoradiation, FOLFOX, then watch-and-wait or surgery",OPRA,gi,Rectal,n0,phase,Phase 1 (Radiation; Chemotherapy; weekdays),Radiation; Chemotherapy,weekdays,,opra:n0:duration,duration,Y,,,,,,,,
20,2,opra,"Rectal organ preservation: chemoradiation, FOLFOX, then watch-and-wait or surgery",OPRA,gi,Rectal,n1,phase,Phase 2 (Chemotherapy; cycles),Chemotherapy,cycles,,opra:n1:agents,agents,Y,,,,,,,,
20,2,opra,"Rectal organ preservation: chemoradiation, FOLFOX, then watch-and-wait or surgery",OPRA,gi,Rectal,n1,phase,Phase 2 (Chemotherapy; cycles),Chemotherapy,cycles,,opra:n1:cycle_length,cycle_length,Y,,,,,,,,
20,2,opra,"Rectal organ preservation: chemoradiation, FOLFOX, then watch-and-wait or surgery",OPRA,gi,Rectal,n1,phase,Phase 2 (Chemotherapy; cycles),Chemotherapy,cycles,,opra:n1:n_cycles,n_cycles,Y,,,,,,,,
20,2,opra,"Rectal organ preservation: chemoradiation, FOLFOX, then watch-and-wait or surgery",OPRA,gi,Rectal,n1,phase,Phase 2 (Chemotherapy; cycles),Chemotherapy,cycles,,opra:n1:visit_days,visit_days,Y,,,,,,,,
20,2,opra,"Rectal organ preservation: chemoradiation, FOLFOX, then watch-and-wait or surgery",OPRA,gi,Rectal,n2,interval,Interval: Recovery and restaging,,,,opra:n2:interval_duration,interval_duration,Y,,,,,,,,
20,2,opra,"Rectal organ preservation: chemoradiation, FOLFOX, then watch-and-wait or surgery",OPRA,gi,Rectal,n3,decision,Decision 1,,,,opra:n3:decision_condition,decision_condition,N,,,,,,,,
20,2,opra,"Rectal organ preservation: chemoradiation, FOLFOX, then watch-and-wait or surgery",OPRA,gi,Rectal,n3,decision,Decision 1,,,,opra:n3:branch_set,branch_set,N,,,,,,,,
20,2,opra,"Rectal organ preservation: chemoradiation, FOLFOX, then watch-and-wait or surgery",OPRA,gi,Rectal,n3.b0.n0,phase,Phase 3 (Surveillance; ongoing) [branch: No tumor found (complete response)],Surveillance,ongoing,open-ended,opra:n3.b0.n0:agents,agents,Y,,,,,,,,
20,2,opra,"Rectal organ preservation: chemoradiation, FOLFOX, then watch-and-wait or surgery",OPRA,gi,Rectal,n3.b0.n0,phase,Phase 3 (Surveillance; ongoing) [branch: No tumor found (complete response)],Surveillance,ongoing,open-ended,opra:n3.b0.n0:frequency_text,frequency_text,N,,,,,,,,
20,2,opra,"Rectal organ preservation: chemoradiation, FOLFOX, then watch-and-wait or surgery",OPRA,gi,Rectal,n3.b1.n0,procedure,Procedure (Surgery) [branch: Tumor still present],Surgery,,,opra:n3.b1.n0:procedure_identity,procedure_identity,N,,,,,,,,
20,2,opra,"Rectal organ preservation: chemoradiation, FOLFOX, then watch-and-wait or surgery",OPRA,gi,Rectal,n3.b1.n1,interval,Interval: Healing after surgery [branch: Tumor still present],,,,opra:n3.b1.n1:interval_duration,interval_duration,Y,,,,,,,,
20,2,opra,"Rectal organ preservation: chemoradiation, FOLFOX, then watch-and-wait or surgery",OPRA,gi,Rectal,pathway,pathway,Sequence of steps,,,,opra:pathway:sequence,sequence,N,,,,,,,,
21,3,capox,"Colon stage III: surgery, CAPOX (3 or 6 months)",IDEA collaboration,gi,Colon,n0,procedure,Procedure (Surgery),Surgery,,,capox:n0:procedure_identity,procedure_identity,N,,,,,,,,
21,3,capox,"Colon stage III: surgery, CAPOX (3 or 6 months)",IDEA collaboration,gi,Colon,n1,interval,Interval: Healing after surgery,,,,capox:n1:interval_duration,interval_duration,Y,,,,,,,,
21,3,capox,"Colon stage III: surgery, CAPOX (3 or 6 months)",IDEA collaboration,gi,Colon,n2,phase,Phase 1 (Chemotherapy; cycles),Chemotherapy,cycles,,capox:n2:agents,agents,Y,,,,,,,,
21,3,capox,"Colon stage III: surgery, CAPOX (3 or 6 months)",IDEA collaboration,gi,Colon,n2,phase,Phase 1 (Chemotherapy; cycles),Chemotherapy,cycles,,capox:n2:cycle_length,cycle_length,Y,,,,,,,,
21,3,capox,"Colon stage III: surgery, CAPOX (3 or 6 months)",IDEA collaboration,gi,Colon,n2,phase,Phase 1 (Chemotherapy; cycles),Chemotherapy,cycles,,capox:n2:n_cycles,n_cycles,Y,,,,,,,,
21,3,capox,"Colon stage III: surgery, CAPOX (3 or 6 months)",IDEA collaboration,gi,Colon,n2,phase,Phase 1 (Chemotherapy; cycles),Chemotherapy,cycles,,capox:n2:visit_days,visit_days,Y,,,,,,,,
21,3,capox,"Colon stage III: surgery, CAPOX (3 or 6 months)",IDEA collaboration,gi,Colon,n3,phase,Phase 2 (Surveillance; ongoing),Surveillance,ongoing,open-ended,capox:n3:agents,agents,Y,,,,,,,,
21,3,capox,"Colon stage III: surgery, CAPOX (3 or 6 months)",IDEA collaboration,gi,Colon,n3,phase,Phase 2 (Surveillance; ongoing),Surveillance,ongoing,open-ended,capox:n3:frequency_text,frequency_text,N,,,,,,,,
21,3,capox,"Colon stage III: surgery, CAPOX (3 or 6 months)",IDEA collaboration,gi,Colon,pathway,pathway,Sequence of steps,,,,capox:pathway:sequence,sequence,N,,,,,,,,
22,3,cross,"Esophageal: CROSS chemoradiation, surgery, nivolumab if needed",CROSS / CheckMate 577,gi,Esophageal and stomach,n0,phase,Phase 1 (Radiation; Chemotherapy; weekdays),Radiation; Chemotherapy,weekdays,,cross:n0:agents,agents,Y,,,,,,,,
22,3,cross,"Esophageal: CROSS chemoradiation, surgery, nivolumab if needed",CROSS / CheckMate 577,gi,Esophageal and stomach,n0,phase,Phase 1 (Radiation; Chemotherapy; weekdays),Radiation; Chemotherapy,weekdays,,cross:n0:duration,duration,Y,,,,,,,,
22,3,cross,"Esophageal: CROSS chemoradiation, surgery, nivolumab if needed",CROSS / CheckMate 577,gi,Esophageal and stomach,n1,interval,Interval: Recovery before surgery,,,,cross:n1:interval_duration,interval_duration,Y,,,,,,,,
22,3,cross,"Esophageal: CROSS chemoradiation, surgery, nivolumab if needed",CROSS / CheckMate 577,gi,Esophageal and stomach,n2,procedure,Procedure (Surgery),Surgery,,,cross:n2:procedure_identity,procedure_identity,N,,,,,,,,
22,3,cross,"Esophageal: CROSS chemoradiation, surgery, nivolumab if needed",CROSS / CheckMate 577,gi,Esophageal and stomach,n3,interval,Interval: Healing after surgery,,,,cross:n3:interval_duration,interval_duration,Y,,,,,,,,
22,3,cross,"Esophageal: CROSS chemoradiation, surgery, nivolumab if needed",CROSS / CheckMate 577,gi,Esophageal and stomach,n4,decision,Decision 1,,,,cross:n4:decision_condition,decision_condition,N,,,,,,,,
22,3,cross,"Esophageal: CROSS chemoradiation, surgery, nivolumab if needed",CROSS / CheckMate 577,gi,Esophageal and stomach,n4,decision,Decision 1,,,,cross:n4:branch_set,branch_set,N,,,,,,,,
22,3,cross,"Esophageal: CROSS chemoradiation, surgery, nivolumab if needed",CROSS / CheckMate 577,gi,Esophageal and stomach,n4.b0.n0,phase,Phase 2 (Surveillance; ongoing) [branch: No remaining cancer (complete response)],Surveillance,ongoing,open-ended,cross:n4.b0.n0:agents,agents,Y,,,,,,,,
22,3,cross,"Esophageal: CROSS chemoradiation, surgery, nivolumab if needed",CROSS / CheckMate 577,gi,Esophageal and stomach,n4.b0.n0,phase,Phase 2 (Surveillance; ongoing) [branch: No remaining cancer (complete response)],Surveillance,ongoing,open-ended,cross:n4.b0.n0:frequency_text,frequency_text,N,,,,,,,,
22,3,cross,"Esophageal: CROSS chemoradiation, surgery, nivolumab if needed",CROSS / CheckMate 577,gi,Esophageal and stomach,n4.b1.n0,phase,Phase 3 (Immunotherapy; cycles) [branch: Some cancer remained],Immunotherapy,cycles,,cross:n4.b1.n0:agents,agents,Y,,,,,,,,
22,3,cross,"Esophageal: CROSS chemoradiation, surgery, nivolumab if needed",CROSS / CheckMate 577,gi,Esophageal and stomach,n4.b1.n0,phase,Phase 3 (Immunotherapy; cycles) [branch: Some cancer remained],Immunotherapy,cycles,,cross:n4.b1.n0:cycle_length,cycle_length,Y,,,,,,,,
22,3,cross,"Esophageal: CROSS chemoradiation, surgery, nivolumab if needed",CROSS / CheckMate 577,gi,Esophageal and stomach,n4.b1.n0,phase,Phase 3 (Immunotherapy; cycles) [branch: Some cancer remained],Immunotherapy,cycles,,cross:n4.b1.n0:n_cycles,n_cycles,Y,,,,,,,,
22,3,cross,"Esophageal: CROSS chemoradiation, surgery, nivolumab if needed",CROSS / CheckMate 577,gi,Esophageal and stomach,n4.b1.n1,phase,Phase 4 (Immunotherapy; cycles) [branch: Some cancer remained],Immunotherapy,cycles,,cross:n4.b1.n1:agents,agents,Y,,,,,,,,
22,3,cross,"Esophageal: CROSS chemoradiation, surgery, nivolumab if needed",CROSS / CheckMate 577,gi,Esophageal and stomach,n4.b1.n1,phase,Phase 4 (Immunotherapy; cycles) [branch: Some cancer remained],Immunotherapy,cycles,,cross:n4.b1.n1:cycle_length,cycle_length,Y,,,,,,,,
22,3,cross,"Esophageal: CROSS chemoradiation, surgery, nivolumab if needed",CROSS / CheckMate 577,gi,Esophageal and stomach,n4.b1.n1,phase,Phase 4 (Immunotherapy; cycles) [branch: Some cancer remained],Immunotherapy,cycles,,cross:n4.b1.n1:n_cycles,n_cycles,Y,,,,,,,,
22,3,cross,"Esophageal: CROSS chemoradiation, surgery, nivolumab if needed",CROSS / CheckMate 577,gi,Esophageal and stomach,pathway,pathway,Sequence of steps,,,,cross:pathway:sequence,sequence,N,,,,,,,,
23,3,alina,"ALINA: surgery, alectinib for 2 years",ALINA,lung,"Non-small cell, operable",n0,procedure,Procedure (Surgery),Surgery,,,alina:n0:procedure_identity,procedure_identity,N,,,,,,,,
23,3,alina,"ALINA: surgery, alectinib for 2 years",ALINA,lung,"Non-small cell, operable",n1,interval,Interval: Healing after surgery,,,,alina:n1:interval_duration,interval_duration,Y,,,,,,,,
23,3,alina,"ALINA: surgery, alectinib for 2 years",ALINA,lung,"Non-small cell, operable",n2,phase,Phase 1 (Targeted therapy; daily),Targeted therapy,daily,,alina:n2:agents,agents,Y,,,,,,,,
23,3,alina,"ALINA: surgery, alectinib for 2 years",ALINA,lung,"Non-small cell, operable",n2,phase,Phase 1 (Targeted therapy; daily),Targeted therapy,daily,,alina:n2:duration,duration,Y,,,,,,,,
23,3,alina,"ALINA: surgery, alectinib for 2 years",ALINA,lung,"Non-small cell, operable",n2,phase,Phase 1 (Targeted therapy; daily),Targeted therapy,daily,,alina:n2:frequency_text,frequency_text,N,,,,,,,,
23,3,alina,"ALINA: surgery, alectinib for 2 years",ALINA,lung,"Non-small cell, operable",n3,phase,Phase 2 (Surveillance; ongoing),Surveillance,ongoing,open-ended,alina:n3:agents,agents,Y,,,,,,,,
23,3,alina,"ALINA: surgery, alectinib for 2 years",ALINA,lung,"Non-small cell, operable",n3,phase,Phase 2 (Surveillance; ongoing),Surveillance,ongoing,open-ended,alina:n3:frequency_text,frequency_text,N,,,,,,,,
23,3,alina,"ALINA: surgery, alectinib for 2 years",ALINA,lung,"Non-small cell, operable",pathway,pathway,Sequence of steps,,,,alina:pathway:sequence,sequence,N,,,,,,,,
24,3,pacific,"PACIFIC: chemoradiation, then durvalumab",PACIFIC,lung,"Non-small cell, stage III",n0,phase,Phase 1 (Radiation; Chemotherapy; weekdays),Radiation; Chemotherapy,weekdays,,pacific:n0:agents,agents,Y,,,,,,,,
24,3,pacific,"PACIFIC: chemoradiation, then durvalumab",PACIFIC,lung,"Non-small cell, stage III",n0,phase,Phase 1 (Radiation; Chemotherapy; weekdays),Radiation; Chemotherapy,weekdays,,pacific:n0:duration,duration,Y,,,,,,,,
24,3,pacific,"PACIFIC: chemoradiation, then durvalumab",PACIFIC,lung,"Non-small cell, stage III",n1,interval,Interval: Recovery,,,,pacific:n1:interval_duration,interval_duration,Y,,,,,,,,
24,3,pacific,"PACIFIC: chemoradiation, then durvalumab",PACIFIC,lung,"Non-small cell, stage III",n2,phase,Phase 2 (Immunotherapy; cycles),Immunotherapy,cycles,,pacific:n2:agents,agents,Y,,,,,,,,
24,3,pacific,"PACIFIC: chemoradiation, then durvalumab",PACIFIC,lung,"Non-small cell, stage III",n2,phase,Phase 2 (Immunotherapy; cycles),Immunotherapy,cycles,,pacific:n2:cycle_length,cycle_length,Y,,,,,,,,
24,3,pacific,"PACIFIC: chemoradiation, then durvalumab",PACIFIC,lung,"Non-small cell, stage III",n2,phase,Phase 2 (Immunotherapy; cycles),Immunotherapy,cycles,,pacific:n2:n_cycles,n_cycles,Y,,,,,,,,
24,3,pacific,"PACIFIC: chemoradiation, then durvalumab",PACIFIC,lung,"Non-small cell, stage III",pathway,pathway,Sequence of steps,,,,pacific:pathway:sequence,sequence,N,,,,,,,,
25,3,adaura,"ADAURA: surgery, chemo, osimertinib for 3 years",ADAURA,lung,"Non-small cell, operable",n0,procedure,Procedure (Surgery),Surgery,,,adaura:n0:procedure_identity,procedure_identity,N,,,,,,,,
25,3,adaura,"ADAURA: surgery, chemo, osimertinib for 3 years",ADAURA,lung,"Non-small cell, operable",n1,interval,Interval: Healing after surgery,,,,adaura:n1:interval_duration,interval_duration,Y,,,,,,,,
25,3,adaura,"ADAURA: surgery, chemo, osimertinib for 3 years",ADAURA,lung,"Non-small cell, operable",n2,phase,Phase 1 (Chemotherapy; cycles),Chemotherapy,cycles,optional,adaura:n2:agents,agents,Y,,,,,,,,
25,3,adaura,"ADAURA: surgery, chemo, osimertinib for 3 years",ADAURA,lung,"Non-small cell, operable",n2,phase,Phase 1 (Chemotherapy; cycles),Chemotherapy,cycles,optional,adaura:n2:cycle_length,cycle_length,Y,,,,,,,,
25,3,adaura,"ADAURA: surgery, chemo, osimertinib for 3 years",ADAURA,lung,"Non-small cell, operable",n2,phase,Phase 1 (Chemotherapy; cycles),Chemotherapy,cycles,optional,adaura:n2:n_cycles,n_cycles,Y,,,,,,,,
25,3,adaura,"ADAURA: surgery, chemo, osimertinib for 3 years",ADAURA,lung,"Non-small cell, operable",n3,phase,Phase 2 (Targeted therapy; daily),Targeted therapy,daily,,adaura:n3:agents,agents,Y,,,,,,,,
25,3,adaura,"ADAURA: surgery, chemo, osimertinib for 3 years",ADAURA,lung,"Non-small cell, operable",n3,phase,Phase 2 (Targeted therapy; daily),Targeted therapy,daily,,adaura:n3:duration,duration,Y,,,,,,,,
25,3,adaura,"ADAURA: surgery, chemo, osimertinib for 3 years",ADAURA,lung,"Non-small cell, operable",n3,phase,Phase 2 (Targeted therapy; daily),Targeted therapy,daily,,adaura:n3:frequency_text,frequency_text,N,,,,,,,,
25,3,adaura,"ADAURA: surgery, chemo, osimertinib for 3 years",ADAURA,lung,"Non-small cell, operable",n4,phase,Phase 3 (Surveillance; ongoing),Surveillance,ongoing,open-ended,adaura:n4:agents,agents,Y,,,,,,,,
25,3,adaura,"ADAURA: surgery, chemo, osimertinib for 3 years",ADAURA,lung,"Non-small cell, operable",n4,phase,Phase 3 (Surveillance; ongoing),Surveillance,ongoing,open-ended,adaura:n4:frequency_text,frequency_text,N,,,,,,,,
25,3,adaura,"ADAURA: surgery, chemo, osimertinib for 3 years",ADAURA,lung,"Non-small cell, operable",pathway,pathway,Sequence of steps,,,,adaura:pathway:sequence,sequence,N,,,,,,,,
26,3,laura,"LAURA: chemoradiation, then osimertinib",LAURA,lung,"Non-small cell, stage III",n0,phase,Phase 1 (Radiation; Chemotherapy; weekdays),Radiation; Chemotherapy,weekdays,,laura:n0:agents,agents,Y,,,,,,,,
26,3,laura,"LAURA: chemoradiation, then osimertinib",LAURA,lung,"Non-small cell, stage III",n0,phase,Phase 1 (Radiation; Chemotherapy; weekdays),Radiation; Chemotherapy,weekdays,,laura:n0:duration,duration,Y,,,,,,,,
26,3,laura,"LAURA: chemoradiation, then osimertinib",LAURA,lung,"Non-small cell, stage III",n1,interval,Interval: Recovery,,,,laura:n1:interval_duration,interval_duration,Y,,,,,,,,
26,3,laura,"LAURA: chemoradiation, then osimertinib",LAURA,lung,"Non-small cell, stage III",n2,phase,Phase 2 (Targeted therapy; daily),Targeted therapy,daily,open-ended,laura:n2:agents,agents,Y,,,,,,,,
26,3,laura,"LAURA: chemoradiation, then osimertinib",LAURA,lung,"Non-small cell, stage III",n2,phase,Phase 2 (Targeted therapy; daily),Targeted therapy,daily,open-ended,laura:n2:duration,duration,Y,,,,,,,,
26,3,laura,"LAURA: chemoradiation, then osimertinib",LAURA,lung,"Non-small cell, stage III",n2,phase,Phase 2 (Targeted therapy; daily),Targeted therapy,daily,open-ended,laura:n2:frequency_text,frequency_text,N,,,,,,,,
26,3,laura,"LAURA: chemoradiation, then osimertinib",LAURA,lung,"Non-small cell, stage III",pathway,pathway,Sequence of steps,,,,laura:pathway:sequence,sequence,N,,,,,,,,
27,3,cm816,"CheckMate 816: chemo + nivolumab, then surgery",CheckMate 816,lung,"Non-small cell, operable",n0,phase,Phase 1 (Chemotherapy; Immunotherapy; cycles),Chemotherapy; Immunotherapy,cycles,,cm816:n0:agents,agents,Y,,,,,,,,
27,3,cm816,"CheckMate 816: chemo + nivolumab, then surgery",CheckMate 816,lung,"Non-small cell, operable",n0,phase,Phase 1 (Chemotherapy; Immunotherapy; cycles),Chemotherapy; Immunotherapy,cycles,,cm816:n0:cycle_length,cycle_length,Y,,,,,,,,
27,3,cm816,"CheckMate 816: chemo + nivolumab, then surgery",CheckMate 816,lung,"Non-small cell, operable",n0,phase,Phase 1 (Chemotherapy; Immunotherapy; cycles),Chemotherapy; Immunotherapy,cycles,,cm816:n0:n_cycles,n_cycles,Y,,,,,,,,
27,3,cm816,"CheckMate 816: chemo + nivolumab, then surgery",CheckMate 816,lung,"Non-small cell, operable",n1,interval,Interval: Recovery before surgery,,,,cm816:n1:interval_duration,interval_duration,Y,,,,,,,,
27,3,cm816,"CheckMate 816: chemo + nivolumab, then surgery",CheckMate 816,lung,"Non-small cell, operable",n2,procedure,Procedure (Surgery),Surgery,,,cm816:n2:procedure_identity,procedure_identity,N,,,,,,,,
27,3,cm816,"CheckMate 816: chemo + nivolumab, then surgery",CheckMate 816,lung,"Non-small cell, operable",n3,interval,Interval: Healing after surgery,,,,cm816:n3:interval_duration,interval_duration,Y,,,,,,,,
27,3,cm816,"CheckMate 816: chemo + nivolumab, then surgery",CheckMate 816,lung,"Non-small cell, operable",n4,decision,Decision 1,,,,cm816:n4:decision_condition,decision_condition,N,,,,,,,,
27,3,cm816,"CheckMate 816: chemo + nivolumab, then surgery",CheckMate 816,lung,"Non-small cell, operable",n4,decision,Decision 1,,,,cm816:n4:branch_set,branch_set,N,,,,,,,,
27,3,cm816,"CheckMate 816: chemo + nivolumab, then surgery",CheckMate 816,lung,"Non-small cell, operable",n4.b0.n0,phase,Phase 2 (Surveillance; ongoing) [branch: No remaining cancer (complete response)],Surveillance,ongoing,open-ended,cm816:n4.b0.n0:agents,agents,Y,,,,,,,,
27,3,cm816,"CheckMate 816: chemo + nivolumab, then surgery",CheckMate 816,lung,"Non-small cell, operable",n4.b0.n0,phase,Phase 2 (Surveillance; ongoing) [branch: No remaining cancer (complete response)],Surveillance,ongoing,open-ended,cm816:n4.b0.n0:frequency_text,frequency_text,N,,,,,,,,
27,3,cm816,"CheckMate 816: chemo + nivolumab, then surgery",CheckMate 816,lung,"Non-small cell, operable",n4.b1.n0,phase,Phase 3 (Immunotherapy; cycles) [branch: Some cancer remained],Immunotherapy,cycles,optional,cm816:n4.b1.n0:agents,agents,Y,,,,,,,,
27,3,cm816,"CheckMate 816: chemo + nivolumab, then surgery",CheckMate 816,lung,"Non-small cell, operable",n4.b1.n0,phase,Phase 3 (Immunotherapy; cycles) [branch: Some cancer remained],Immunotherapy,cycles,optional,cm816:n4.b1.n0:cycle_length,cycle_length,Y,,,,,,,,
27,3,cm816,"CheckMate 816: chemo + nivolumab, then surgery",CheckMate 816,lung,"Non-small cell, operable",n4.b1.n0,phase,Phase 3 (Immunotherapy; cycles) [branch: Some cancer remained],Immunotherapy,cycles,optional,cm816:n4.b1.n0:n_cycles,n_cycles,Y,,,,,,,,
27,3,cm816,"CheckMate 816: chemo + nivolumab, then surgery",CheckMate 816,lung,"Non-small cell, operable",pathway,pathway,Sequence of steps,,,,cm816:pathway:sequence,sequence,N,,,,,,,,
28,3,kn671,"KEYNOTE-671: chemo + pembrolizumab, surgery, pembrolizumab",KEYNOTE-671,lung,"Non-small cell, operable",n0,phase,Phase 1 (Chemotherapy; Immunotherapy; cycles),Chemotherapy; Immunotherapy,cycles,,kn671:n0:agents,agents,Y,,,,,,,,
28,3,kn671,"KEYNOTE-671: chemo + pembrolizumab, surgery, pembrolizumab",KEYNOTE-671,lung,"Non-small cell, operable",n0,phase,Phase 1 (Chemotherapy; Immunotherapy; cycles),Chemotherapy; Immunotherapy,cycles,,kn671:n0:cycle_length,cycle_length,Y,,,,,,,,
28,3,kn671,"KEYNOTE-671: chemo + pembrolizumab, surgery, pembrolizumab",KEYNOTE-671,lung,"Non-small cell, operable",n0,phase,Phase 1 (Chemotherapy; Immunotherapy; cycles),Chemotherapy; Immunotherapy,cycles,,kn671:n0:n_cycles,n_cycles,Y,,,,,,,,
28,3,kn671,"KEYNOTE-671: chemo + pembrolizumab, surgery, pembrolizumab",KEYNOTE-671,lung,"Non-small cell, operable",n0,phase,Phase 1 (Chemotherapy; Immunotherapy; cycles),Chemotherapy; Immunotherapy,cycles,,kn671:n0:visit_days,visit_days,Y,,,,,,,,
28,3,kn671,"KEYNOTE-671: chemo + pembrolizumab, surgery, pembrolizumab",KEYNOTE-671,lung,"Non-small cell, operable",n1,interval,Interval: Recovery before surgery,,,,kn671:n1:interval_duration,interval_duration,Y,,,,,,,,
28,3,kn671,"KEYNOTE-671: chemo + pembrolizumab, surgery, pembrolizumab",KEYNOTE-671,lung,"Non-small cell, operable",n2,procedure,Procedure (Surgery),Surgery,,,kn671:n2:procedure_identity,procedure_identity,N,,,,,,,,
28,3,kn671,"KEYNOTE-671: chemo + pembrolizumab, surgery, pembrolizumab",KEYNOTE-671,lung,"Non-small cell, operable",n3,interval,Interval: Healing after surgery,,,,kn671:n3:interval_duration,interval_duration,Y,,,,,,,,
28,3,kn671,"KEYNOTE-671: chemo + pembrolizumab, surgery, pembrolizumab",KEYNOTE-671,lung,"Non-small cell, operable",n4,phase,Phase 2 (Radiation; weekdays),Radiation,weekdays,optional; off by default,kn671:n4:agents,agents,Y,,,,,,,,
28,3,kn671,"KEYNOTE-671: chemo + pembrolizumab, surgery, pembrolizumab",KEYNOTE-671,lung,"Non-small cell, operable",n5,phase,Phase 3 (Immunotherapy; cycles),Immunotherapy,cycles,,kn671:n5:agents,agents,Y,,,,,,,,
28,3,kn671,"KEYNOTE-671: chemo + pembrolizumab, surgery, pembrolizumab",KEYNOTE-671,lung,"Non-small cell, operable",n5,phase,Phase 3 (Immunotherapy; cycles),Immunotherapy,cycles,,kn671:n5:cycle_length,cycle_length,Y,,,,,,,,
28,3,kn671,"KEYNOTE-671: chemo + pembrolizumab, surgery, pembrolizumab",KEYNOTE-671,lung,"Non-small cell, operable",n5,phase,Phase 3 (Immunotherapy; cycles),Immunotherapy,cycles,,kn671:n5:n_cycles,n_cycles,Y,,,,,,,,
28,3,kn671,"KEYNOTE-671: chemo + pembrolizumab, surgery, pembrolizumab",KEYNOTE-671,lung,"Non-small cell, operable",pathway,pathway,Sequence of steps,,,,kn671:pathway:sequence,sequence,N,,,,,,,,
29,3,cm77t,"CheckMate 77T: chemo + nivolumab, surgery, nivolumab",CheckMate 77T,lung,"Non-small cell, operable",n0,phase,Phase 1 (Chemotherapy; Immunotherapy; cycles),Chemotherapy; Immunotherapy,cycles,,cm77t:n0:agents,agents,Y,,,,,,,,
29,3,cm77t,"CheckMate 77T: chemo + nivolumab, surgery, nivolumab",CheckMate 77T,lung,"Non-small cell, operable",n0,phase,Phase 1 (Chemotherapy; Immunotherapy; cycles),Chemotherapy; Immunotherapy,cycles,,cm77t:n0:cycle_length,cycle_length,Y,,,,,,,,
29,3,cm77t,"CheckMate 77T: chemo + nivolumab, surgery, nivolumab",CheckMate 77T,lung,"Non-small cell, operable",n0,phase,Phase 1 (Chemotherapy; Immunotherapy; cycles),Chemotherapy; Immunotherapy,cycles,,cm77t:n0:n_cycles,n_cycles,Y,,,,,,,,
29,3,cm77t,"CheckMate 77T: chemo + nivolumab, surgery, nivolumab",CheckMate 77T,lung,"Non-small cell, operable",n1,interval,Interval: Recovery before surgery,,,,cm77t:n1:interval_duration,interval_duration,Y,,,,,,,,
29,3,cm77t,"CheckMate 77T: chemo + nivolumab, surgery, nivolumab",CheckMate 77T,lung,"Non-small cell, operable",n2,procedure,Procedure (Surgery),Surgery,,,cm77t:n2:procedure_identity,procedure_identity,N,,,,,,,,
29,3,cm77t,"CheckMate 77T: chemo + nivolumab, surgery, nivolumab",CheckMate 77T,lung,"Non-small cell, operable",n3,interval,Interval: Healing after surgery,,,,cm77t:n3:interval_duration,interval_duration,Y,,,,,,,,
29,3,cm77t,"CheckMate 77T: chemo + nivolumab, surgery, nivolumab",CheckMate 77T,lung,"Non-small cell, operable",n4,phase,Phase 2 (Immunotherapy; cycles),Immunotherapy,cycles,,cm77t:n4:agents,agents,Y,,,,,,,,
29,3,cm77t,"CheckMate 77T: chemo + nivolumab, surgery, nivolumab",CheckMate 77T,lung,"Non-small cell, operable",n4,phase,Phase 2 (Immunotherapy; cycles),Immunotherapy,cycles,,cm77t:n4:cycle_length,cycle_length,Y,,,,,,,,
29,3,cm77t,"CheckMate 77T: chemo + nivolumab, surgery, nivolumab",CheckMate 77T,lung,"Non-small cell, operable",n4,phase,Phase 2 (Immunotherapy; cycles),Immunotherapy,cycles,,cm77t:n4:n_cycles,n_cycles,Y,,,,,,,,
29,3,cm77t,"CheckMate 77T: chemo + nivolumab, surgery, nivolumab",CheckMate 77T,lung,"Non-small cell, operable",pathway,pathway,Sequence of steps,,,,cm77t:pathway:sequence,sequence,N,,,,,,,,
30,3,adriatic,"Limited-stage SCLC: chemoradiation, then durvalumab",ADRIATIC,lung,Small cell,n0,phase,Phase 1 (Chemotherapy; cycles),Chemotherapy,cycles,,adriatic:n0:agents,agents,Y,,,,,,,,
30,3,adriatic,"Limited-stage SCLC: chemoradiation, then durvalumab",ADRIATIC,lung,Small cell,n0,phase,Phase 1 (Chemotherapy; cycles),Chemotherapy,cycles,,adriatic:n0:cycle_length,cycle_length,Y,,,,,,,,
30,3,adriatic,"Limited-stage SCLC: chemoradiation, then durvalumab",ADRIATIC,lung,Small cell,n0,phase,Phase 1 (Chemotherapy; cycles),Chemotherapy,cycles,,adriatic:n0:n_cycles,n_cycles,Y,,,,,,,,
30,3,adriatic,"Limited-stage SCLC: chemoradiation, then durvalumab",ADRIATIC,lung,Small cell,n0,phase,Phase 1 (Chemotherapy; cycles),Chemotherapy,cycles,,adriatic:n0:visit_days,visit_days,Y,,,,,,,,
30,3,adriatic,"Limited-stage SCLC: chemoradiation, then durvalumab",ADRIATIC,lung,Small cell,n1,phase,Phase 2 (Radiation; weekdays),Radiation,weekdays,concurrent,adriatic:n1:agents,agents,Y,,,,,,,,
30,3,adriatic,"Limited-stage SCLC: chemoradiation, then durvalumab",ADRIATIC,lung,Small cell,n1,phase,Phase 2 (Radiation; weekdays),Radiation,weekdays,concurrent,adriatic:n1:duration,duration,Y,,,,,,,,
30,3,adriatic,"Limited-stage SCLC: chemoradiation, then durvalumab",ADRIATIC,lung,Small cell,n2,phase,Phase 3 (Radiation; weekdays),Radiation,weekdays,optional; off by default,adriatic:n2:agents,agents,Y,,,,,,,,
30,3,adriatic,"Limited-stage SCLC: chemoradiation, then durvalumab",ADRIATIC,lung,Small cell,n2,phase,Phase 3 (Radiation; weekdays),Radiation,weekdays,optional; off by default,adriatic:n2:duration,duration,Y,,,,,,,,
30,3,adriatic,"Limited-stage SCLC: chemoradiation, then durvalumab",ADRIATIC,lung,Small cell,n3,interval,Interval: Recovery,,,,adriatic:n3:interval_duration,interval_duration,Y,,,,,,,,
30,3,adriatic,"Limited-stage SCLC: chemoradiation, then durvalumab",ADRIATIC,lung,Small cell,n4,phase,Phase 4 (Immunotherapy; cycles),Immunotherapy,cycles,,adriatic:n4:agents,agents,Y,,,,,,,,
30,3,adriatic,"Limited-stage SCLC: chemoradiation, then durvalumab",ADRIATIC,lung,Small cell,n4,phase,Phase 4 (Immunotherapy; cycles),Immunotherapy,cycles,,adriatic:n4:cycle_length,cycle_length,Y,,,,,,,,
30,3,adriatic,"Limited-stage SCLC: chemoradiation, then durvalumab",ADRIATIC,lung,Small cell,n4,phase,Phase 4 (Immunotherapy; cycles),Immunotherapy,cycles,,adriatic:n4:n_cycles,n_cycles,Y,,,,,,,,
30,3,adriatic,"Limited-stage SCLC: chemoradiation, then durvalumab",ADRIATIC,lung,Small cell,pathway,pathway,Sequence of steps,,,,adriatic:pathway:sequence,sequence,N,,,,,,,,
31,4,kidney-surv,"Nephrectomy, then surveillance",NCCN standard,gu,Kidney,n0,procedure,Procedure (Surgery),Surgery,,,kidney-surv:n0:procedure_identity,procedure_identity,N,,,,,,,,
31,4,kidney-surv,"Nephrectomy, then surveillance",NCCN standard,gu,Kidney,n1,interval,Interval: Healing after surgery,,,,kidney-surv:n1:interval_duration,interval_duration,Y,,,,,,,,
31,4,kidney-surv,"Nephrectomy, then surveillance",NCCN standard,gu,Kidney,n2,phase,Phase 1 (Surveillance; ongoing),Surveillance,ongoing,open-ended,kidney-surv:n2:agents,agents,Y,,,,,,,,
31,4,kidney-surv,"Nephrectomy, then surveillance",NCCN standard,gu,Kidney,n2,phase,Phase 1 (Surveillance; ongoing),Surveillance,ongoing,open-ended,kidney-surv:n2:frequency_text,frequency_text,N,,,,,,,,
31,4,kidney-surv,"Nephrectomy, then surveillance",NCCN standard,gu,Kidney,pathway,pathway,Sequence of steps,,,,kidney-surv:pathway:sequence,sequence,N,,,,,,,,
32,4,cm274,"Chemo, cystectomy, adjuvant nivolumab (CheckMate 274)",SWOG 8710 / CheckMate 274,gu,Bladder,n0,phase,Phase 1 (Chemotherapy; cycles),Chemotherapy,cycles,,cm274:n0:agents,agents,Y,,,,,,,,
32,4,cm274,"Chemo, cystectomy, adjuvant nivolumab (CheckMate 274)",SWOG 8710 / CheckMate 274,gu,Bladder,n0,phase,Phase 1 (Chemotherapy; cycles),Chemotherapy,cycles,,cm274:n0:cycle_length,cycle_length,Y,,,,,,,,
32,4,cm274,"Chemo, cystectomy, adjuvant nivolumab (CheckMate 274)",SWOG 8710 / CheckMate 274,gu,Bladder,n0,phase,Phase 1 (Chemotherapy; cycles),Chemotherapy,cycles,,cm274:n0:n_cycles,n_cycles,Y,,,,,,,,
32,4,cm274,"Chemo, cystectomy, adjuvant nivolumab (CheckMate 274)",SWOG 8710 / CheckMate 274,gu,Bladder,n0,phase,Phase 1 (Chemotherapy; cycles),Chemotherapy,cycles,,cm274:n0:visit_days,visit_days,Y,,,,,,,,
32,4,cm274,"Chemo, cystectomy, adjuvant nivolumab (CheckMate 274)",SWOG 8710 / CheckMate 274,gu,Bladder,n1,interval,Interval: Recovery before surgery,,,,cm274:n1:interval_duration,interval_duration,Y,,,,,,,,
32,4,cm274,"Chemo, cystectomy, adjuvant nivolumab (CheckMate 274)",SWOG 8710 / CheckMate 274,gu,Bladder,n2,procedure,Procedure (Surgery),Surgery,,,cm274:n2:procedure_identity,procedure_identity,N,,,,,,,,
32,4,cm274,"Chemo, cystectomy, adjuvant nivolumab (CheckMate 274)",SWOG 8710 / CheckMate 274,gu,Bladder,n3,interval,Interval: Healing after surgery,,,,cm274:n3:interval_duration,interval_duration,Y,,,,,,,,
32,4,cm274,"Chemo, cystectomy, adjuvant nivolumab (CheckMate 274)",SWOG 8710 / CheckMate 274,gu,Bladder,n4,decision,Decision 1,,,,cm274:n4:decision_condition,decision_condition,N,,,,,,,,
32,4,cm274,"Chemo, cystectomy, adjuvant nivolumab (CheckMate 274)",SWOG 8710 / CheckMate 274,gu,Bladder,n4,decision,Decision 1,,,,cm274:n4:branch_set,branch_set,N,,,,,,,,
32,4,cm274,"Chemo, cystectomy, adjuvant nivolumab (CheckMate 274)",SWOG 8710 / CheckMate 274,gu,Bladder,n4.b0.n0,phase,Phase 2 (Surveillance; ongoing) [branch: Little or no cancer remained],Surveillance,ongoing,open-ended,cm274:n4.b0.n0:agents,agents,Y,,,,,,,,
32,4,cm274,"Chemo, cystectomy, adjuvant nivolumab (CheckMate 274)",SWOG 8710 / CheckMate 274,gu,Bladder,n4.b0.n0,phase,Phase 2 (Surveillance; ongoing) [branch: Little or no cancer remained],Surveillance,ongoing,open-ended,cm274:n4.b0.n0:frequency_text,frequency_text,N,,,,,,,,
32,4,cm274,"Chemo, cystectomy, adjuvant nivolumab (CheckMate 274)",SWOG 8710 / CheckMate 274,gu,Bladder,n4.b1.n0,phase,Phase 3 (Immunotherapy; cycles) [branch: High-risk cancer remained],Immunotherapy,cycles,,cm274:n4.b1.n0:agents,agents,Y,,,,,,,,
32,4,cm274,"Chemo, cystectomy, adjuvant nivolumab (CheckMate 274)",SWOG 8710 / CheckMate 274,gu,Bladder,n4.b1.n0,phase,Phase 3 (Immunotherapy; cycles) [branch: High-risk cancer remained],Immunotherapy,cycles,,cm274:n4.b1.n0:cycle_length,cycle_length,Y,,,,,,,,
32,4,cm274,"Chemo, cystectomy, adjuvant nivolumab (CheckMate 274)",SWOG 8710 / CheckMate 274,gu,Bladder,n4.b1.n0,phase,Phase 3 (Immunotherapy; cycles) [branch: High-risk cancer remained],Immunotherapy,cycles,,cm274:n4.b1.n0:n_cycles,n_cycles,Y,,,,,,,,
32,4,cm274,"Chemo, cystectomy, adjuvant nivolumab (CheckMate 274)",SWOG 8710 / CheckMate 274,gu,Bladder,pathway,pathway,Sequence of steps,,,,cm274:pathway:sequence,sequence,N,,,,,,,,
33,4,prostatectomy,"Radical prostatectomy, PSA surveillance, radiation only if PSA rises",ProtecT / ARTISTIC,gu,Prostate,n0,procedure,Procedure (Surgery),Surgery,,,prostatectomy:n0:procedure_identity,procedure_identity,N,,,,,,,,
33,4,prostatectomy,"Radical prostatectomy, PSA surveillance, radiation only if PSA rises",ProtecT / ARTISTIC,gu,Prostate,n1,interval,Interval: Healing after surgery,,,,prostatectomy:n1:interval_duration,interval_duration,Y,,,,,,,,
33,4,prostatectomy,"Radical prostatectomy, PSA surveillance, radiation only if PSA rises",ProtecT / ARTISTIC,gu,Prostate,n2,phase,Phase 1 (Surveillance; ongoing),Surveillance,ongoing,open-ended,prostatectomy:n2:agents,agents,Y,,,,,,,,
33,4,prostatectomy,"Radical prostatectomy, PSA surveillance, radiation only if PSA rises",ProtecT / ARTISTIC,gu,Prostate,n2,phase,Phase 1 (Surveillance; ongoing),Surveillance,ongoing,open-ended,prostatectomy:n2:frequency_text,frequency_text,N,,,,,,,,
33,4,prostatectomy,"Radical prostatectomy, PSA surveillance, radiation only if PSA rises",ProtecT / ARTISTIC,gu,Prostate,n3,phase,Phase 2 (Radiation; weekdays),Radiation,weekdays,optional; off by default,prostatectomy:n3:agents,agents,Y,,,,,,,,
33,4,prostatectomy,"Radical prostatectomy, PSA surveillance, radiation only if PSA rises",ProtecT / ARTISTIC,gu,Prostate,pathway,pathway,Sequence of steps,,,,prostatectomy:pathway:sequence,sequence,N,,,,,,,,
34,4,ls022,"LITESPARK-022: nephrectomy, then pembrolizumab + belzutifan for a year",LITESPARK-022,gu,Kidney,n0,procedure,Procedure (Surgery),Surgery,,,ls022:n0:procedure_identity,procedure_identity,N,,,,,,,,
34,4,ls022,"LITESPARK-022: nephrectomy, then pembrolizumab + belzutifan for a year",LITESPARK-022,gu,Kidney,n1,interval,Interval: Healing after surgery,,,,ls022:n1:interval_duration,interval_duration,Y,,,,,,,,
34,4,ls022,"LITESPARK-022: nephrectomy, then pembrolizumab + belzutifan for a year",LITESPARK-022,gu,Kidney,n2,phase,Phase 1 (Immunotherapy; cycles),Immunotherapy,cycles,,ls022:n2:agents,agents,Y,,,,,,,,
34,4,ls022,"LITESPARK-022: nephrectomy, then pembrolizumab + belzutifan for a year",LITESPARK-022,gu,Kidney,n2,phase,Phase 1 (Immunotherapy; cycles),Immunotherapy,cycles,,ls022:n2:cycle_length,cycle_length,Y,,,,,,,,
34,4,ls022,"LITESPARK-022: nephrectomy, then pembrolizumab + belzutifan for a year",LITESPARK-022,gu,Kidney,n2,phase,Phase 1 (Immunotherapy; cycles),Immunotherapy,cycles,,ls022:n2:n_cycles,n_cycles,Y,,,,,,,,
34,4,ls022,"LITESPARK-022: nephrectomy, then pembrolizumab + belzutifan for a year",LITESPARK-022,gu,Kidney,n3,phase,Phase 2 (Targeted therapy; daily),Targeted therapy,daily,concurrent,ls022:n3:agents,agents,Y,,,,,,,,
34,4,ls022,"LITESPARK-022: nephrectomy, then pembrolizumab + belzutifan for a year",LITESPARK-022,gu,Kidney,n3,phase,Phase 2 (Targeted therapy; daily),Targeted therapy,daily,concurrent,ls022:n3:duration,duration,Y,,,,,,,,
34,4,ls022,"LITESPARK-022: nephrectomy, then pembrolizumab + belzutifan for a year",LITESPARK-022,gu,Kidney,n4,phase,Phase 3 (Surveillance; ongoing),Surveillance,ongoing,open-ended,ls022:n4:agents,agents,Y,,,,,,,,
34,4,ls022,"LITESPARK-022: nephrectomy, then pembrolizumab + belzutifan for a year",LITESPARK-022,gu,Kidney,n4,phase,Phase 3 (Surveillance; ongoing),Surveillance,ongoing,open-ended,ls022:n4:frequency_text,frequency_text,N,,,,,,,,
34,4,ls022,"LITESPARK-022: nephrectomy, then pembrolizumab + belzutifan for a year",LITESPARK-022,gu,Kidney,pathway,pathway,Sequence of steps,,,,ls022:pathway:sequence,sequence,N,,,,,,,,
35,4,imvigor011,"IMvigor011: cystectomy, ctDNA testing, atezolizumab if ctDNA-positive",IMvigor011,gu,Bladder,n0,phase,Phase 1 (Chemotherapy; cycles),Chemotherapy,cycles,optional,imvigor011:n0:agents,agents,Y,,,,,,,,
35,4,imvigor011,"IMvigor011: cystectomy, ctDNA testing, atezolizumab if ctDNA-positive",IMvigor011,gu,Bladder,n0,phase,Phase 1 (Chemotherapy; cycles),Chemotherapy,cycles,optional,imvigor011:n0:cycle_length,cycle_length,Y,,,,,,,,
35,4,imvigor011,"IMvigor011: cystectomy, ctDNA testing, atezolizumab if ctDNA-positive",IMvigor011,gu,Bladder,n0,phase,Phase 1 (Chemotherapy; cycles),Chemotherapy,cycles,optional,imvigor011:n0:n_cycles,n_cycles,Y,,,,,,,,
35,4,imvigor011,"IMvigor011: cystectomy, ctDNA testing, atezolizumab if ctDNA-positive",IMvigor011,gu,Bladder,n0,phase,Phase 1 (Chemotherapy; cycles),Chemotherapy,cycles,optional,imvigor011:n0:visit_days,visit_days,Y,,,,,,,,
35,4,imvigor011,"IMvigor011: cystectomy, ctDNA testing, atezolizumab if ctDNA-positive",IMvigor011,gu,Bladder,n1,interval,Interval: Recovery before surgery,,,,imvigor011:n1:interval_duration,interval_duration,Y,,,,,,,,
35,4,imvigor011,"IMvigor011: cystectomy, ctDNA testing, atezolizumab if ctDNA-positive",IMvigor011,gu,Bladder,n2,procedure,Procedure (Surgery),Surgery,,,imvigor011:n2:procedure_identity,procedure_identity,N,,,,,,,,
35,4,imvigor011,"IMvigor011: cystectomy, ctDNA testing, atezolizumab if ctDNA-positive",IMvigor011,gu,Bladder,n3,interval,Interval: Healing and first blood test,,,,imvigor011:n3:interval_duration,interval_duration,Y,,,,,,,,
35,4,imvigor011,"IMvigor011: cystectomy, ctDNA testing, atezolizumab if ctDNA-positive",IMvigor011,gu,Bladder,n4,decision,Decision 1,,,,imvigor011:n4:decision_condition,decision_condition,N,,,,,,,,
35,4,imvigor011,"IMvigor011: cystectomy, ctDNA testing, atezolizumab if ctDNA-positive",IMvigor011,gu,Bladder,n4,decision,Decision 1,,,,imvigor011:n4:branch_set,branch_set,N,,,,,,,,
35,4,imvigor011,"IMvigor011: cystectomy, ctDNA testing, atezolizumab if ctDNA-positive",IMvigor011,gu,Bladder,n4.b0.n0,phase,Phase 2 (Surveillance; ongoing) [branch: No cancer DNA detected],Surveillance,ongoing,open-ended,imvigor011:n4.b0.n0:agents,agents,Y,,,,,,,,
35,4,imvigor011,"IMvigor011: cystectomy, ctDNA testing, atezolizumab if ctDNA-positive",IMvigor011,gu,Bladder,n4.b0.n0,phase,Phase 2 (Surveillance; ongoing) [branch: No cancer DNA detected],Surveillance,ongoing,open-ended,imvigor011:n4.b0.n0:frequency_text,frequency_text,N,,,,,,,,
35,4,imvigor011,"IMvigor011: cystectomy, ctDNA testing, atezolizumab if ctDNA-positive",IMvigor011,gu,Bladder,n4.b1.n0,phase,Phase 3 (Immunotherapy; cycles) [branch: Cancer DNA detected],Immunotherapy,cycles,,imvigor011:n4.b1.n0:agents,agents,Y,,,,,,,,
35,4,imvigor011,"IMvigor011: cystectomy, ctDNA testing, atezolizumab if ctDNA-positive",IMvigor011,gu,Bladder,n4.b1.n0,phase,Phase 3 (Immunotherapy; cycles) [branch: Cancer DNA detected],Immunotherapy,cycles,,imvigor011:n4.b1.n0:cycle_length,cycle_length,Y,,,,,,,,
35,4,imvigor011,"IMvigor011: cystectomy, ctDNA testing, atezolizumab if ctDNA-positive",IMvigor011,gu,Bladder,n4.b1.n0,phase,Phase 3 (Immunotherapy; cycles) [branch: Cancer DNA detected],Immunotherapy,cycles,,imvigor011:n4.b1.n0:n_cycles,n_cycles,Y,,,,,,,,
35,4,imvigor011,"IMvigor011: cystectomy, ctDNA testing, atezolizumab if ctDNA-positive",IMvigor011,gu,Bladder,pathway,pathway,Sequence of steps,,,,imvigor011:pathway:sequence,sequence,N,,,,,,,,
36,4,prostate-short,Radiation + 4 months of ADT,RTOG 94-08,gu,Prostate,n0,phase,Phase 1 (Hormone (endocrine) therapy; cycles),Hormone (endocrine) therapy,cycles,,prostate-short:n0:agents,agents,Y,,,,,,,,
36,4,prostate-short,Radiation + 4 months of ADT,RTOG 94-08,gu,Prostate,n0,phase,Phase 1 (Hormone (endocrine) therapy; cycles),Hormone (endocrine) therapy,cycles,,prostate-short:n0:cycle_length,cycle_length,Y,,,,,,,,
36,4,prostate-short,Radiation + 4 months of ADT,RTOG 94-08,gu,Prostate,n0,phase,Phase 1 (Hormone (endocrine) therapy; cycles),Hormone (endocrine) therapy,cycles,,prostate-short:n0:n_cycles,n_cycles,Y,,,,,,,,
36,4,prostate-short,Radiation + 4 months of ADT,RTOG 94-08,gu,Prostate,n0,phase,Phase 1 (Hormone (endocrine) therapy; cycles),Hormone (endocrine) therapy,cycles,,prostate-short:n0:visit_days,visit_days,Y,,,,,,,,
36,4,prostate-short,Radiation + 4 months of ADT,RTOG 94-08,gu,Prostate,n1,phase,Phase 2 (Radiation; weekdays),Radiation,weekdays,,prostate-short:n1:agents,agents,Y,,,,,,,,
36,4,prostate-short,Radiation + 4 months of ADT,RTOG 94-08,gu,Prostate,n2,phase,Phase 3 (Hormone (endocrine) therapy; cycles),Hormone (endocrine) therapy,cycles,concurrent,prostate-short:n2:agents,agents,Y,,,,,,,,
36,4,prostate-short,Radiation + 4 months of ADT,RTOG 94-08,gu,Prostate,n2,phase,Phase 3 (Hormone (endocrine) therapy; cycles),Hormone (endocrine) therapy,cycles,concurrent,prostate-short:n2:cycle_length,cycle_length,Y,,,,,,,,
36,4,prostate-short,Radiation + 4 months of ADT,RTOG 94-08,gu,Prostate,n2,phase,Phase 3 (Hormone (endocrine) therapy; cycles),Hormone (endocrine) therapy,cycles,concurrent,prostate-short:n2:n_cycles,n_cycles,Y,,,,,,,,
36,4,prostate-short,Radiation + 4 months of ADT,RTOG 94-08,gu,Prostate,n2,phase,Phase 3 (Hormone (endocrine) therapy; cycles),Hormone (endocrine) therapy,cycles,concurrent,prostate-short:n2:visit_days,visit_days,Y,,,,,,,,
36,4,prostate-short,Radiation + 4 months of ADT,RTOG 94-08,gu,Prostate,n3,phase,Phase 4 (Surveillance; ongoing),Surveillance,ongoing,open-ended,prostate-short:n3:agents,agents,Y,,,,,,,,
36,4,prostate-short,Radiation + 4 months of ADT,RTOG 94-08,gu,Prostate,n3,phase,Phase 4 (Surveillance; ongoing),Surveillance,ongoing,open-ended,prostate-short:n3:frequency_text,frequency_text,N,,,,,,,,
36,4,prostate-short,Radiation + 4 months of ADT,RTOG 94-08,gu,Prostate,pathway,pathway,Sequence of steps,,,,prostate-short:pathway:sequence,sequence,N,,,,,,,,
37,4,trimodality,"Trimodality bladder preservation: TURBT, chemoradiation, surveillance",BC2001 / NCCN,gu,Bladder,n0,procedure,Procedure (Surgery),Surgery,,,trimodality:n0:procedure_identity,procedure_identity,N,,,,,,,,
37,4,trimodality,"Trimodality bladder preservation: TURBT, chemoradiation, surveillance",BC2001 / NCCN,gu,Bladder,n1,interval,Interval: Recovery,,,,trimodality:n1:interval_duration,interval_duration,Y,,,,,,,,
37,4,trimodality,"Trimodality bladder preservation: TURBT, chemoradiation, surveillance",BC2001 / NCCN,gu,Bladder,n2,phase,Phase 1 (Radiation; Chemotherapy; weekdays),Radiation; Chemotherapy,weekdays,,trimodality:n2:agents,agents,Y,,,,,,,,
37,4,trimodality,"Trimodality bladder preservation: TURBT, chemoradiation, surveillance",BC2001 / NCCN,gu,Bladder,n3,phase,Phase 2 (Surveillance; ongoing),Surveillance,ongoing,open-ended,trimodality:n3:agents,agents,Y,,,,,,,,
37,4,trimodality,"Trimodality bladder preservation: TURBT, chemoradiation, surveillance",BC2001 / NCCN,gu,Bladder,n3,phase,Phase 2 (Surveillance; ongoing),Surveillance,ongoing,open-ended,trimodality:n3:frequency_text,frequency_text,N,,,,,,,,
37,4,trimodality,"Trimodality bladder preservation: TURBT, chemoradiation, surveillance",BC2001 / NCCN,gu,Bladder,pathway,pathway,Sequence of steps,,,,trimodality:pathway:sequence,sequence,N,,,,,,,,
38,4,ev303,"KEYNOTE-905 / EV-303: enfortumab vedotin + pembrolizumab, cystectomy, EV + pembrolizumab",KEYNOTE-905 / EV-303,gu,Bladder,n0,phase,Phase 1 (Targeted therapy; Immunotherapy; cycles),Targeted therapy; Immunotherapy,cycles,,ev303:n0:agents,agents,Y,,,,,,,,
38,4,ev303,"KEYNOTE-905 / EV-303: enfortumab vedotin + pembrolizumab, cystectomy, EV + pembrolizumab",KEYNOTE-905 / EV-303,gu,Bladder,n0,phase,Phase 1 (Targeted therapy; Immunotherapy; cycles),Targeted therapy; Immunotherapy,cycles,,ev303:n0:cycle_length,cycle_length,Y,,,,,,,,
38,4,ev303,"KEYNOTE-905 / EV-303: enfortumab vedotin + pembrolizumab, cystectomy, EV + pembrolizumab",KEYNOTE-905 / EV-303,gu,Bladder,n0,phase,Phase 1 (Targeted therapy; Immunotherapy; cycles),Targeted therapy; Immunotherapy,cycles,,ev303:n0:n_cycles,n_cycles,Y,,,,,,,,
38,4,ev303,"KEYNOTE-905 / EV-303: enfortumab vedotin + pembrolizumab, cystectomy, EV + pembrolizumab",KEYNOTE-905 / EV-303,gu,Bladder,n0,phase,Phase 1 (Targeted therapy; Immunotherapy; cycles),Targeted therapy; Immunotherapy,cycles,,ev303:n0:visit_days,visit_days,Y,,,,,,,,
38,4,ev303,"KEYNOTE-905 / EV-303: enfortumab vedotin + pembrolizumab, cystectomy, EV + pembrolizumab",KEYNOTE-905 / EV-303,gu,Bladder,n1,interval,Interval: Recovery before surgery,,,,ev303:n1:interval_duration,interval_duration,Y,,,,,,,,
38,4,ev303,"KEYNOTE-905 / EV-303: enfortumab vedotin + pembrolizumab, cystectomy, EV + pembrolizumab",KEYNOTE-905 / EV-303,gu,Bladder,n2,procedure,Procedure (Surgery),Surgery,,,ev303:n2:procedure_identity,procedure_identity,N,,,,,,,,
38,4,ev303,"KEYNOTE-905 / EV-303: enfortumab vedotin + pembrolizumab, cystectomy, EV + pembrolizumab",KEYNOTE-905 / EV-303,gu,Bladder,n3,interval,Interval: Healing after surgery,,,,ev303:n3:interval_duration,interval_duration,Y,,,,,,,,
38,4,ev303,"KEYNOTE-905 / EV-303: enfortumab vedotin + pembrolizumab, cystectomy, EV + pembrolizumab",KEYNOTE-905 / EV-303,gu,Bladder,n4,phase,Phase 2 (Targeted therapy; Immunotherapy; cycles),Targeted therapy; Immunotherapy,cycles,,ev303:n4:agents,agents,Y,,,,,,,,
38,4,ev303,"KEYNOTE-905 / EV-303: enfortumab vedotin + pembrolizumab, cystectomy, EV + pembrolizumab",KEYNOTE-905 / EV-303,gu,Bladder,n4,phase,Phase 2 (Targeted therapy; Immunotherapy; cycles),Targeted therapy; Immunotherapy,cycles,,ev303:n4:cycle_length,cycle_length,Y,,,,,,,,
38,4,ev303,"KEYNOTE-905 / EV-303: enfortumab vedotin + pembrolizumab, cystectomy, EV + pembrolizumab",KEYNOTE-905 / EV-303,gu,Bladder,n4,phase,Phase 2 (Targeted therapy; Immunotherapy; cycles),Targeted therapy; Immunotherapy,cycles,,ev303:n4:n_cycles,n_cycles,Y,,,,,,,,
38,4,ev303,"KEYNOTE-905 / EV-303: enfortumab vedotin + pembrolizumab, cystectomy, EV + pembrolizumab",KEYNOTE-905 / EV-303,gu,Bladder,n4,phase,Phase 2 (Targeted therapy; Immunotherapy; cycles),Targeted therapy; Immunotherapy,cycles,,ev303:n4:visit_days,visit_days,Y,,,,,,,,
38,4,ev303,"KEYNOTE-905 / EV-303: enfortumab vedotin + pembrolizumab, cystectomy, EV + pembrolizumab",KEYNOTE-905 / EV-303,gu,Bladder,n5,phase,Phase 3 (Immunotherapy; cycles),Immunotherapy,cycles,,ev303:n5:agents,agents,Y,,,,,,,,
38,4,ev303,"KEYNOTE-905 / EV-303: enfortumab vedotin + pembrolizumab, cystectomy, EV + pembrolizumab",KEYNOTE-905 / EV-303,gu,Bladder,n5,phase,Phase 3 (Immunotherapy; cycles),Immunotherapy,cycles,,ev303:n5:cycle_length,cycle_length,Y,,,,,,,,
38,4,ev303,"KEYNOTE-905 / EV-303: enfortumab vedotin + pembrolizumab, cystectomy, EV + pembrolizumab",KEYNOTE-905 / EV-303,gu,Bladder,n5,phase,Phase 3 (Immunotherapy; cycles),Immunotherapy,cycles,,ev303:n5:n_cycles,n_cycles,Y,,,,,,,,
38,4,ev303,"KEYNOTE-905 / EV-303: enfortumab vedotin + pembrolizumab, cystectomy, EV + pembrolizumab",KEYNOTE-905 / EV-303,gu,Bladder,pathway,pathway,Sequence of steps,,,,ev303:pathway:sequence,sequence,N,,,,,,,,
39,4,prostate-long,Radiation + 2–3 years of ADT (± abiraterone),EORTC 22961 / STAMPEDE,gu,Prostate,n0,phase,Phase 1 (Hormone (endocrine) therapy; cycles),Hormone (endocrine) therapy,cycles,,prostate-long:n0:agents,agents,Y,,,,,,,,
39,4,prostate-long,Radiation + 2–3 years of ADT (± abiraterone),EORTC 22961 / STAMPEDE,gu,Prostate,n0,phase,Phase 1 (Hormone (endocrine) therapy; cycles),Hormone (endocrine) therapy,cycles,,prostate-long:n0:cycle_length,cycle_length,Y,,,,,,,,
39,4,prostate-long,Radiation + 2–3 years of ADT (± abiraterone),EORTC 22961 / STAMPEDE,gu,Prostate,n0,phase,Phase 1 (Hormone (endocrine) therapy; cycles),Hormone (endocrine) therapy,cycles,,prostate-long:n0:n_cycles,n_cycles,Y,,,,,,,,
39,4,prostate-long,Radiation + 2–3 years of ADT (± abiraterone),EORTC 22961 / STAMPEDE,gu,Prostate,n0,phase,Phase 1 (Hormone (endocrine) therapy; cycles),Hormone (endocrine) therapy,cycles,,prostate-long:n0:visit_days,visit_days,Y,,,,,,,,
39,4,prostate-long,Radiation + 2–3 years of ADT (± abiraterone),EORTC 22961 / STAMPEDE,gu,Prostate,n1,phase,Phase 2 (Radiation; weekdays),Radiation,weekdays,,prostate-long:n1:agents,agents,Y,,,,,,,,
39,4,prostate-long,Radiation + 2–3 years of ADT (± abiraterone),EORTC 22961 / STAMPEDE,gu,Prostate,n2,phase,Phase 3 (Hormone (endocrine) therapy; cycles),Hormone (endocrine) therapy,cycles,,prostate-long:n2:agents,agents,Y,,,,,,,,
39,4,prostate-long,Radiation + 2–3 years of ADT (± abiraterone),EORTC 22961 / STAMPEDE,gu,Prostate,n2,phase,Phase 3 (Hormone (endocrine) therapy; cycles),Hormone (endocrine) therapy,cycles,,prostate-long:n2:cycle_length,cycle_length,Y,,,,,,,,
39,4,prostate-long,Radiation + 2–3 years of ADT (± abiraterone),EORTC 22961 / STAMPEDE,gu,Prostate,n2,phase,Phase 3 (Hormone (endocrine) therapy; cycles),Hormone (endocrine) therapy,cycles,,prostate-long:n2:n_cycles,n_cycles,Y,,,,,,,,
39,4,prostate-long,Radiation + 2–3 years of ADT (± abiraterone),EORTC 22961 / STAMPEDE,gu,Prostate,n2,phase,Phase 3 (Hormone (endocrine) therapy; cycles),Hormone (endocrine) therapy,cycles,,prostate-long:n2:visit_days,visit_days,Y,,,,,,,,
39,4,prostate-long,Radiation + 2–3 years of ADT (± abiraterone),EORTC 22961 / STAMPEDE,gu,Prostate,n3,phase,Phase 4 (Hormone (endocrine) therapy; daily),Hormone (endocrine) therapy,daily,optional; off by default; concurrent,prostate-long:n3:agents,agents,Y,,,,,,,,
39,4,prostate-long,Radiation + 2–3 years of ADT (± abiraterone),EORTC 22961 / STAMPEDE,gu,Prostate,n3,phase,Phase 4 (Hormone (endocrine) therapy; daily),Hormone (endocrine) therapy,daily,optional; off by default; concurrent,prostate-long:n3:duration,duration,Y,,,,,,,,
39,4,prostate-long,Radiation + 2–3 years of ADT (± abiraterone),EORTC 22961 / STAMPEDE,gu,Prostate,n4,phase,Phase 5 (Surveillance; ongoing),Surveillance,ongoing,open-ended,prostate-long:n4:agents,agents,Y,,,,,,,,
39,4,prostate-long,Radiation + 2–3 years of ADT (± abiraterone),EORTC 22961 / STAMPEDE,gu,Prostate,n4,phase,Phase 5 (Surveillance; ongoing),Surveillance,ongoing,open-ended,prostate-long:n4:frequency_text,frequency_text,N,,,,,,,,
39,4,prostate-long,Radiation + 2–3 years of ADT (± abiraterone),EORTC 22961 / STAMPEDE,gu,Prostate,pathway,pathway,Sequence of steps,,,,prostate-long:pathway:sequence,sequence,N,,,,,,,,
40,4,niagara,"NIAGARA: chemo + durvalumab, cystectomy, durvalumab",NIAGARA,gu,Bladder,n0,phase,Phase 1 (Chemotherapy; Immunotherapy; cycles),Chemotherapy; Immunotherapy,cycles,,niagara:n0:agents,agents,Y,,,,,,,,
40,4,niagara,"NIAGARA: chemo + durvalumab, cystectomy, durvalumab",NIAGARA,gu,Bladder,n0,phase,Phase 1 (Chemotherapy; Immunotherapy; cycles),Chemotherapy; Immunotherapy,cycles,,niagara:n0:cycle_length,cycle_length,Y,,,,,,,,
40,4,niagara,"NIAGARA: chemo + durvalumab, cystectomy, durvalumab",NIAGARA,gu,Bladder,n0,phase,Phase 1 (Chemotherapy; Immunotherapy; cycles),Chemotherapy; Immunotherapy,cycles,,niagara:n0:n_cycles,n_cycles,Y,,,,,,,,
40,4,niagara,"NIAGARA: chemo + durvalumab, cystectomy, durvalumab",NIAGARA,gu,Bladder,n0,phase,Phase 1 (Chemotherapy; Immunotherapy; cycles),Chemotherapy; Immunotherapy,cycles,,niagara:n0:visit_days,visit_days,Y,,,,,,,,
40,4,niagara,"NIAGARA: chemo + durvalumab, cystectomy, durvalumab",NIAGARA,gu,Bladder,n1,interval,Interval: Recovery before surgery,,,,niagara:n1:interval_duration,interval_duration,Y,,,,,,,,
40,4,niagara,"NIAGARA: chemo + durvalumab, cystectomy, durvalumab",NIAGARA,gu,Bladder,n2,procedure,Procedure (Surgery),Surgery,,,niagara:n2:procedure_identity,procedure_identity,N,,,,,,,,
40,4,niagara,"NIAGARA: chemo + durvalumab, cystectomy, durvalumab",NIAGARA,gu,Bladder,n3,interval,Interval: Healing after surgery,,,,niagara:n3:interval_duration,interval_duration,Y,,,,,,,,
40,4,niagara,"NIAGARA: chemo + durvalumab, cystectomy, durvalumab",NIAGARA,gu,Bladder,n4,phase,Phase 2 (Immunotherapy; cycles),Immunotherapy,cycles,,niagara:n4:agents,agents,Y,,,,,,,,
40,4,niagara,"NIAGARA: chemo + durvalumab, cystectomy, durvalumab",NIAGARA,gu,Bladder,n4,phase,Phase 2 (Immunotherapy; cycles),Immunotherapy,cycles,,niagara:n4:cycle_length,cycle_length,Y,,,,,,,,
40,4,niagara,"NIAGARA: chemo + durvalumab, cystectomy, durvalumab",NIAGARA,gu,Bladder,n4,phase,Phase 2 (Immunotherapy; cycles),Immunotherapy,cycles,,niagara:n4:n_cycles,n_cycles,Y,,,,,,,,
40,4,niagara,"NIAGARA: chemo + durvalumab, cystectomy, durvalumab",NIAGARA,gu,Bladder,pathway,pathway,Sequence of steps,,,,niagara:pathway:sequence,sequence,N,,,,,,,,
41,5,kn564,"KEYNOTE-564: nephrectomy, then pembrolizumab for a year",KEYNOTE-564,gu,Kidney,n0,procedure,Procedure (Surgery),Surgery,,,kn564:n0:procedure_identity,procedure_identity,N,,,,,,,,
41,5,kn564,"KEYNOTE-564: nephrectomy, then pembrolizumab for a year",KEYNOTE-564,gu,Kidney,n1,interval,Interval: Healing after surgery,,,,kn564:n1:interval_duration,interval_duration,Y,,,,,,,,
41,5,kn564,"KEYNOTE-564: nephrectomy, then pembrolizumab for a year",KEYNOTE-564,gu,Kidney,n2,phase,Phase 1 (Immunotherapy; cycles),Immunotherapy,cycles,,kn564:n2:agents,agents,Y,,,,,,,,
41,5,kn564,"KEYNOTE-564: nephrectomy, then pembrolizumab for a year",KEYNOTE-564,gu,Kidney,n2,phase,Phase 1 (Immunotherapy; cycles),Immunotherapy,cycles,,kn564:n2:cycle_length,cycle_length,Y,,,,,,,,
41,5,kn564,"KEYNOTE-564: nephrectomy, then pembrolizumab for a year",KEYNOTE-564,gu,Kidney,n2,phase,Phase 1 (Immunotherapy; cycles),Immunotherapy,cycles,,kn564:n2:n_cycles,n_cycles,Y,,,,,,,,
41,5,kn564,"KEYNOTE-564: nephrectomy, then pembrolizumab for a year",KEYNOTE-564,gu,Kidney,n3,phase,Phase 2 (Surveillance; ongoing),Surveillance,ongoing,open-ended,kn564:n3:agents,agents,Y,,,,,,,,
41,5,kn564,"KEYNOTE-564: nephrectomy, then pembrolizumab for a year",KEYNOTE-564,gu,Kidney,n3,phase,Phase 2 (Surveillance; ongoing),Surveillance,ongoing,open-ended,kn564:n3:frequency_text,frequency_text,N,,,,,,,,
41,5,kn564,"KEYNOTE-564: nephrectomy, then pembrolizumab for a year",KEYNOTE-564,gu,Kidney,pathway,pathway,Sequence of steps,,,,kn564:pathway:sequence,sequence,N,,,,,,,,
42,5,active-surv,Active surveillance (low-risk prostate cancer),ProtecT / NCCN,gu,Prostate,n0,phase,Phase 1 (Surveillance; ongoing),Surveillance,ongoing,open-ended,active-surv:n0:agents,agents,Y,,,,,,,,
42,5,active-surv,Active surveillance (low-risk prostate cancer),ProtecT / NCCN,gu,Prostate,n0,phase,Phase 1 (Surveillance; ongoing),Surveillance,ongoing,open-ended,active-surv:n0:frequency_text,frequency_text,N,,,,,,,,
42,5,active-surv,Active surveillance (low-risk prostate cancer),ProtecT / NCCN,gu,Prostate,pathway,pathway,Sequence of steps,,,,active-surv:pathway:sequence,sequence,N,,,,,,,,
43,5,npc-crt,Nasopharyngeal cancer: concurrent cisplatin + radiation (no induction),NCCN standard (Chen JNCI 2011),hn,Nasopharynx,n0,phase,Phase 1 (Radiation; Chemotherapy; weekdays),Radiation; Chemotherapy,weekdays,,npc-crt:n0:agents,agents,Y,,,,,,,,
43,5,npc-crt,Nasopharyngeal cancer: concurrent cisplatin + radiation (no induction),NCCN standard (Chen JNCI 2011),hn,Nasopharynx,n0,phase,Phase 1 (Radiation; Chemotherapy; weekdays),Radiation; Chemotherapy,weekdays,,npc-crt:n0:duration,duration,Y,,,,,,,,
43,5,npc-crt,Nasopharyngeal cancer: concurrent cisplatin + radiation (no induction),NCCN standard (Chen JNCI 2011),hn,Nasopharynx,n1,interval,Interval: Recovery and first scan,,,,npc-crt:n1:interval_duration,interval_duration,Y,,,,,,,,
43,5,npc-crt,Nasopharyngeal cancer: concurrent cisplatin + radiation (no induction),NCCN standard (Chen JNCI 2011),hn,Nasopharynx,n2,phase,Phase 2 (Surveillance; ongoing),Surveillance,ongoing,open-ended,npc-crt:n2:agents,agents,Y,,,,,,,,
43,5,npc-crt,Nasopharyngeal cancer: concurrent cisplatin + radiation (no induction),NCCN standard (Chen JNCI 2011),hn,Nasopharynx,n2,phase,Phase 2 (Surveillance; ongoing),Surveillance,ongoing,open-ended,npc-crt:n2:frequency_text,frequency_text,N,,,,,,,,
43,5,npc-crt,Nasopharyngeal cancer: concurrent cisplatin + radiation (no induction),NCCN standard (Chen JNCI 2011),hn,Nasopharynx,pathway,pathway,Sequence of steps,,,,npc-crt:pathway:sequence,sequence,N,,,,,,,,
44,5,kn689,"KEYNOTE-689: pembrolizumab, surgery, pembrolizumab + radiation (± cisplatin), pembrolizumab",KEYNOTE-689,hn,"Oral cavity, throat, and larynx",n0,phase,Phase 1 (Immunotherapy; cycles),Immunotherapy,cycles,,kn689:n0:agents,agents,Y,,,,,,,,
44,5,kn689,"KEYNOTE-689: pembrolizumab, surgery, pembrolizumab + radiation (± cisplatin), pembrolizumab",KEYNOTE-689,hn,"Oral cavity, throat, and larynx",n0,phase,Phase 1 (Immunotherapy; cycles),Immunotherapy,cycles,,kn689:n0:cycle_length,cycle_length,Y,,,,,,,,
44,5,kn689,"KEYNOTE-689: pembrolizumab, surgery, pembrolizumab + radiation (± cisplatin), pembrolizumab",KEYNOTE-689,hn,"Oral cavity, throat, and larynx",n0,phase,Phase 1 (Immunotherapy; cycles),Immunotherapy,cycles,,kn689:n0:n_cycles,n_cycles,Y,,,,,,,,
44,5,kn689,"KEYNOTE-689: pembrolizumab, surgery, pembrolizumab + radiation (± cisplatin), pembrolizumab",KEYNOTE-689,hn,"Oral cavity, throat, and larynx",n1,interval,Interval: Recovery before surgery,,,,kn689:n1:interval_duration,interval_duration,Y,,,,,,,,
44,5,kn689,"KEYNOTE-689: pembrolizumab, surgery, pembrolizumab + radiation (± cisplatin), pembrolizumab",KEYNOTE-689,hn,"Oral cavity, throat, and larynx",n2,procedure,Procedure (Surgery),Surgery,,,kn689:n2:procedure_identity,procedure_identity,N,,,,,,,,
44,5,kn689,"KEYNOTE-689: pembrolizumab, surgery, pembrolizumab + radiation (± cisplatin), pembrolizumab",KEYNOTE-689,hn,"Oral cavity, throat, and larynx",n3,interval,Interval: Healing after surgery,,,,kn689:n3:interval_duration,interval_duration,Y,,,,,,,,
44,5,kn689,"KEYNOTE-689: pembrolizumab, surgery, pembrolizumab + radiation (± cisplatin), pembrolizumab",KEYNOTE-689,hn,"Oral cavity, throat, and larynx",n4,phase,Phase 2 (Immunotherapy; Radiation; cycles),Immunotherapy; Radiation,cycles,,kn689:n4:agents,agents,Y,,,,,,,,
44,5,kn689,"KEYNOTE-689: pembrolizumab, surgery, pembrolizumab + radiation (± cisplatin), pembrolizumab",KEYNOTE-689,hn,"Oral cavity, throat, and larynx",n4,phase,Phase 2 (Immunotherapy; Radiation; cycles),Immunotherapy; Radiation,cycles,,kn689:n4:cycle_length,cycle_length,Y,,,,,,,,
44,5,kn689,"KEYNOTE-689: pembrolizumab, surgery, pembrolizumab + radiation (± cisplatin), pembrolizumab",KEYNOTE-689,hn,"Oral cavity, throat, and larynx",n4,phase,Phase 2 (Immunotherapy; Radiation; cycles),Immunotherapy; Radiation,cycles,,kn689:n4:n_cycles,n_cycles,Y,,,,,,,,
44,5,kn689,"KEYNOTE-689: pembrolizumab, surgery, pembrolizumab + radiation (± cisplatin), pembrolizumab",KEYNOTE-689,hn,"Oral cavity, throat, and larynx",n5,phase,Phase 3 (Immunotherapy; cycles),Immunotherapy,cycles,,kn689:n5:agents,agents,Y,,,,,,,,
44,5,kn689,"KEYNOTE-689: pembrolizumab, surgery, pembrolizumab + radiation (± cisplatin), pembrolizumab",KEYNOTE-689,hn,"Oral cavity, throat, and larynx",n5,phase,Phase 3 (Immunotherapy; cycles),Immunotherapy,cycles,,kn689:n5:cycle_length,cycle_length,Y,,,,,,,,
44,5,kn689,"KEYNOTE-689: pembrolizumab, surgery, pembrolizumab + radiation (± cisplatin), pembrolizumab",KEYNOTE-689,hn,"Oral cavity, throat, and larynx",n5,phase,Phase 3 (Immunotherapy; cycles),Immunotherapy,cycles,,kn689:n5:n_cycles,n_cycles,Y,,,,,,,,
44,5,kn689,"KEYNOTE-689: pembrolizumab, surgery, pembrolizumab + radiation (± cisplatin), pembrolizumab",KEYNOTE-689,hn,"Oral cavity, throat, and larynx",n6,phase,Phase 4 (Surveillance; ongoing),Surveillance,ongoing,open-ended,kn689:n6:agents,agents,Y,,,,,,,,
44,5,kn689,"KEYNOTE-689: pembrolizumab, surgery, pembrolizumab + radiation (± cisplatin), pembrolizumab",KEYNOTE-689,hn,"Oral cavity, throat, and larynx",n6,phase,Phase 4 (Surveillance; ongoing),Surveillance,ongoing,open-ended,kn689:n6:frequency_text,frequency_text,N,,,,,,,,
44,5,kn689,"KEYNOTE-689: pembrolizumab, surgery, pembrolizumab + radiation (± cisplatin), pembrolizumab",KEYNOTE-689,hn,"Oral cavity, throat, and larynx",pathway,pathway,Sequence of steps,,,,kn689:pathway:sequence,sequence,N,,,,,,,,
45,5,npc,"Nasopharyngeal cancer: gemcitabine/cisplatin ×3, then cisplatin + radiation",Zhang et al. (NEJM 2019) / NCCN,hn,Nasopharynx,n0,phase,Phase 1 (Chemotherapy; cycles),Chemotherapy,cycles,,npc:n0:agents,agents,Y,,,,,,,,
45,5,npc,"Nasopharyngeal cancer: gemcitabine/cisplatin ×3, then cisplatin + radiation",Zhang et al. (NEJM 2019) / NCCN,hn,Nasopharynx,n0,phase,Phase 1 (Chemotherapy; cycles),Chemotherapy,cycles,,npc:n0:cycle_length,cycle_length,Y,,,,,,,,
45,5,npc,"Nasopharyngeal cancer: gemcitabine/cisplatin ×3, then cisplatin + radiation",Zhang et al. (NEJM 2019) / NCCN,hn,Nasopharynx,n0,phase,Phase 1 (Chemotherapy; cycles),Chemotherapy,cycles,,npc:n0:n_cycles,n_cycles,Y,,,,,,,,
45,5,npc,"Nasopharyngeal cancer: gemcitabine/cisplatin ×3, then cisplatin + radiation",Zhang et al. (NEJM 2019) / NCCN,hn,Nasopharynx,n0,phase,Phase 1 (Chemotherapy; cycles),Chemotherapy,cycles,,npc:n0:visit_days,visit_days,Y,,,,,,,,
45,5,npc,"Nasopharyngeal cancer: gemcitabine/cisplatin ×3, then cisplatin + radiation",Zhang et al. (NEJM 2019) / NCCN,hn,Nasopharynx,n1,phase,Phase 2 (Radiation; Chemotherapy; weekdays),Radiation; Chemotherapy,weekdays,,npc:n1:agents,agents,Y,,,,,,,,
45,5,npc,"Nasopharyngeal cancer: gemcitabine/cisplatin ×3, then cisplatin + radiation",Zhang et al. (NEJM 2019) / NCCN,hn,Nasopharynx,n1,phase,Phase 2 (Radiation; Chemotherapy; weekdays),Radiation; Chemotherapy,weekdays,,npc:n1:duration,duration,Y,,,,,,,,
45,5,npc,"Nasopharyngeal cancer: gemcitabine/cisplatin ×3, then cisplatin + radiation",Zhang et al. (NEJM 2019) / NCCN,hn,Nasopharynx,n2,interval,Interval: Recovery and first scan,,,,npc:n2:interval_duration,interval_duration,Y,,,,,,,,
45,5,npc,"Nasopharyngeal cancer: gemcitabine/cisplatin ×3, then cisplatin + radiation",Zhang et al. (NEJM 2019) / NCCN,hn,Nasopharynx,n3,phase,Phase 3 (Surveillance; ongoing),Surveillance,ongoing,open-ended,npc:n3:agents,agents,Y,,,,,,,,
45,5,npc,"Nasopharyngeal cancer: gemcitabine/cisplatin ×3, then cisplatin + radiation",Zhang et al. (NEJM 2019) / NCCN,hn,Nasopharynx,n3,phase,Phase 3 (Surveillance; ongoing),Surveillance,ongoing,open-ended,npc:n3:frequency_text,frequency_text,N,,,,,,,,
45,5,npc,"Nasopharyngeal cancer: gemcitabine/cisplatin ×3, then cisplatin + radiation",Zhang et al. (NEJM 2019) / NCCN,hn,Nasopharynx,pathway,pathway,Sequence of steps,,,,npc:pathway:sequence,sequence,N,,,,,,,,
46,5,npc-adj,"Nasopharyngeal cancer: cisplatin + radiation, then adjuvant cisplatin + 5-FU ×3",Intergroup 0099,hn,Nasopharynx,n0,phase,Phase 1 (Radiation; Chemotherapy; weekdays),Radiation; Chemotherapy,weekdays,,npc-adj:n0:agents,agents,Y,,,,,,,,
46,5,npc-adj,"Nasopharyngeal cancer: cisplatin + radiation, then adjuvant cisplatin + 5-FU ×3",Intergroup 0099,hn,Nasopharynx,n0,phase,Phase 1 (Radiation; Chemotherapy; weekdays),Radiation; Chemotherapy,weekdays,,npc-adj:n0:duration,duration,Y,,,,,,,,
46,5,npc-adj,"Nasopharyngeal cancer: cisplatin + radiation, then adjuvant cisplatin + 5-FU ×3",Intergroup 0099,hn,Nasopharynx,n1,interval,Interval: Recovery,,,,npc-adj:n1:interval_duration,interval_duration,Y,,,,,,,,
46,5,npc-adj,"Nasopharyngeal cancer: cisplatin + radiation, then adjuvant cisplatin + 5-FU ×3",Intergroup 0099,hn,Nasopharynx,n2,phase,Phase 2 (Chemotherapy; cycles),Chemotherapy,cycles,,npc-adj:n2:agents,agents,Y,,,,,,,,
46,5,npc-adj,"Nasopharyngeal cancer: cisplatin + radiation, then adjuvant cisplatin + 5-FU ×3",Intergroup 0099,hn,Nasopharynx,n2,phase,Phase 2 (Chemotherapy; cycles),Chemotherapy,cycles,,npc-adj:n2:cycle_length,cycle_length,Y,,,,,,,,
46,5,npc-adj,"Nasopharyngeal cancer: cisplatin + radiation, then adjuvant cisplatin + 5-FU ×3",Intergroup 0099,hn,Nasopharynx,n2,phase,Phase 2 (Chemotherapy; cycles),Chemotherapy,cycles,,npc-adj:n2:n_cycles,n_cycles,Y,,,,,,,,
46,5,npc-adj,"Nasopharyngeal cancer: cisplatin + radiation, then adjuvant cisplatin + 5-FU ×3",Intergroup 0099,hn,Nasopharynx,n2,phase,Phase 2 (Chemotherapy; cycles),Chemotherapy,cycles,,npc-adj:n2:visit_days,visit_days,Y,,,,,,,,
46,5,npc-adj,"Nasopharyngeal cancer: cisplatin + radiation, then adjuvant cisplatin + 5-FU ×3",Intergroup 0099,hn,Nasopharynx,n3,interval,Interval: Recovery and first scan,,,,npc-adj:n3:interval_duration,interval_duration,Y,,,,,,,,
46,5,npc-adj,"Nasopharyngeal cancer: cisplatin + radiation, then adjuvant cisplatin + 5-FU ×3",Intergroup 0099,hn,Nasopharynx,n4,phase,Phase 3 (Surveillance; ongoing),Surveillance,ongoing,open-ended,npc-adj:n4:agents,agents,Y,,,,,,,,
46,5,npc-adj,"Nasopharyngeal cancer: cisplatin + radiation, then adjuvant cisplatin + 5-FU ×3",Intergroup 0099,hn,Nasopharynx,n4,phase,Phase 3 (Surveillance; ongoing),Surveillance,ongoing,open-ended,npc-adj:n4:frequency_text,frequency_text,N,,,,,,,,
46,5,npc-adj,"Nasopharyngeal cancer: cisplatin + radiation, then adjuvant cisplatin + 5-FU ×3",Intergroup 0099,hn,Nasopharynx,pathway,pathway,Sequence of steps,,,,npc-adj:pathway:sequence,sequence,N,,,,,,,,
47,5,hn-postop,"Surgery, then radiation with or without cisplatin (pathology-guided)",RTOG 9501 / EORTC 22931,hn,"Oral cavity, throat, and larynx",n0,procedure,Procedure (Surgery),Surgery,,,hn-postop:n0:procedure_identity,procedure_identity,N,,,,,,,,
47,5,hn-postop,"Surgery, then radiation with or without cisplatin (pathology-guided)",RTOG 9501 / EORTC 22931,hn,"Oral cavity, throat, and larynx",n1,interval,Interval: Healing after surgery,,,,hn-postop:n1:interval_duration,interval_duration,Y,,,,,,,,
47,5,hn-postop,"Surgery, then radiation with or without cisplatin (pathology-guided)",RTOG 9501 / EORTC 22931,hn,"Oral cavity, throat, and larynx",n2,decision,Decision 1,,,,hn-postop:n2:decision_condition,decision_condition,N,,,,,,,,
47,5,hn-postop,"Surgery, then radiation with or without cisplatin (pathology-guided)",RTOG 9501 / EORTC 22931,hn,"Oral cavity, throat, and larynx",n2,decision,Decision 1,,,,hn-postop:n2:branch_set,branch_set,N,,,,,,,,
47,5,hn-postop,"Surgery, then radiation with or without cisplatin (pathology-guided)",RTOG 9501 / EORTC 22931,hn,"Oral cavity, throat, and larynx",n2.b0.n0,phase,Phase 1 (Radiation; Chemotherapy; weekdays) [branch: Positive margins or extranodal extension],Radiation; Chemotherapy,weekdays,,hn-postop:n2.b0.n0:agents,agents,Y,,,,,,,,
47,5,hn-postop,"Surgery, then radiation with or without cisplatin (pathology-guided)",RTOG 9501 / EORTC 22931,hn,"Oral cavity, throat, and larynx",n2.b0.n0,phase,Phase 1 (Radiation; Chemotherapy; weekdays) [branch: Positive margins or extranodal extension],Radiation; Chemotherapy,weekdays,,hn-postop:n2.b0.n0:duration,duration,Y,,,,,,,,
47,5,hn-postop,"Surgery, then radiation with or without cisplatin (pathology-guided)",RTOG 9501 / EORTC 22931,hn,"Oral cavity, throat, and larynx",n2.b1.n0,phase,Phase 2 (Radiation; weekdays) [branch: Other risk features],Radiation,weekdays,,hn-postop:n2.b1.n0:agents,agents,Y,,,,,,,,
47,5,hn-postop,"Surgery, then radiation with or without cisplatin (pathology-guided)",RTOG 9501 / EORTC 22931,hn,"Oral cavity, throat, and larynx",n2.b1.n0,phase,Phase 2 (Radiation; weekdays) [branch: Other risk features],Radiation,weekdays,,hn-postop:n2.b1.n0:duration,duration,Y,,,,,,,,
47,5,hn-postop,"Surgery, then radiation with or without cisplatin (pathology-guided)",RTOG 9501 / EORTC 22931,hn,"Oral cavity, throat, and larynx",pathway,pathway,Sequence of steps,,,,hn-postop:pathway:sequence,sequence,N,,,,,,,,
48,5,hn-crt,Definitive chemoradiation: cisplatin + radiation (7 weeks),MACH-NC / NCCN standard,hn,"Oral cavity, throat, and larynx",n0,phase,Phase 1 (Radiation; Chemotherapy; weekdays),Radiation; Chemotherapy,weekdays,,hn-crt:n0:agents,agents,Y,,,,,,,,
48,5,hn-crt,Definitive chemoradiation: cisplatin + radiation (7 weeks),MACH-NC / NCCN standard,hn,"Oral cavity, throat, and larynx",n0,phase,Phase 1 (Radiation; Chemotherapy; weekdays),Radiation; Chemotherapy,weekdays,,hn-crt:n0:duration,duration,Y,,,,,,,,
48,5,hn-crt,Definitive chemoradiation: cisplatin + radiation (7 weeks),MACH-NC / NCCN standard,hn,"Oral cavity, throat, and larynx",n1,interval,Interval: Recovery and first scan,,,,hn-crt:n1:interval_duration,interval_duration,Y,,,,,,,,
48,5,hn-crt,Definitive chemoradiation: cisplatin + radiation (7 weeks),MACH-NC / NCCN standard,hn,"Oral cavity, throat, and larynx",n2,decision,Decision 1,,,,hn-crt:n2:decision_condition,decision_condition,N,,,,,,,,
48,5,hn-crt,Definitive chemoradiation: cisplatin + radiation (7 weeks),MACH-NC / NCCN standard,hn,"Oral cavity, throat, and larynx",n2,decision,Decision 1,,,,hn-crt:n2:branch_set,branch_set,N,,,,,,,,
48,5,hn-crt,Definitive chemoradiation: cisplatin + radiation (7 weeks),MACH-NC / NCCN standard,hn,"Oral cavity, throat, and larynx",n2.b0.n0,phase,Phase 2 (Surveillance; ongoing) [branch: Complete response],Surveillance,ongoing,open-ended,hn-crt:n2.b0.n0:agents,agents,Y,,,,,,,,
48,5,hn-crt,Definitive chemoradiation: cisplatin + radiation (7 weeks),MACH-NC / NCCN standard,hn,"Oral cavity, throat, and larynx",n2.b0.n0,phase,Phase 2 (Surveillance; ongoing) [branch: Complete response],Surveillance,ongoing,open-ended,hn-crt:n2.b0.n0:frequency_text,frequency_text,N,,,,,,,,
48,5,hn-crt,Definitive chemoradiation: cisplatin + radiation (7 weeks),MACH-NC / NCCN standard,hn,"Oral cavity, throat, and larynx",n2.b1.n0,procedure,Procedure (Surgery) [branch: Lymph nodes remain],Surgery,,,hn-crt:n2.b1.n0:procedure_identity,procedure_identity,N,,,,,,,,
48,5,hn-crt,Definitive chemoradiation: cisplatin + radiation (7 weeks),MACH-NC / NCCN standard,hn,"Oral cavity, throat, and larynx",n2.b1.n1,interval,Interval: Healing after surgery [branch: Lymph nodes remain],,,,hn-crt:n2.b1.n1:interval_duration,interval_duration,Y,,,,,,,,
48,5,hn-crt,Definitive chemoradiation: cisplatin + radiation (7 weeks),MACH-NC / NCCN standard,hn,"Oral cavity, throat, and larynx",pathway,pathway,Sequence of steps,,,,hn-crt:pathway:sequence,sequence,N,,,,,,,,
49,5,nadina,"NADINA: ipilimumab + nivolumab ×2, surgery, adjuvant therapy only without a major response",NADINA (NCCN-listed),skin,Stage III (lymph node involvement),n0,phase,Phase 1 (Immunotherapy; cycles),Immunotherapy,cycles,,nadina:n0:agents,agents,Y,,,,,,,,
49,5,nadina,"NADINA: ipilimumab + nivolumab ×2, surgery, adjuvant therapy only without a major response",NADINA (NCCN-listed),skin,Stage III (lymph node involvement),n0,phase,Phase 1 (Immunotherapy; cycles),Immunotherapy,cycles,,nadina:n0:cycle_length,cycle_length,Y,,,,,,,,
49,5,nadina,"NADINA: ipilimumab + nivolumab ×2, surgery, adjuvant therapy only without a major response",NADINA (NCCN-listed),skin,Stage III (lymph node involvement),n0,phase,Phase 1 (Immunotherapy; cycles),Immunotherapy,cycles,,nadina:n0:n_cycles,n_cycles,Y,,,,,,,,
49,5,nadina,"NADINA: ipilimumab + nivolumab ×2, surgery, adjuvant therapy only without a major response",NADINA (NCCN-listed),skin,Stage III (lymph node involvement),n1,interval,Interval: Recovery before surgery,,,,nadina:n1:interval_duration,interval_duration,Y,,,,,,,,
49,5,nadina,"NADINA: ipilimumab + nivolumab ×2, surgery, adjuvant therapy only without a major response",NADINA (NCCN-listed),skin,Stage III (lymph node involvement),n2,procedure,Procedure (Surgery),Surgery,,,nadina:n2:procedure_identity,procedure_identity,N,,,,,,,,
49,5,nadina,"NADINA: ipilimumab + nivolumab ×2, surgery, adjuvant therapy only without a major response",NADINA (NCCN-listed),skin,Stage III (lymph node involvement),n3,interval,Interval: Healing after surgery,,,,nadina:n3:interval_duration,interval_duration,Y,,,,,,,,
49,5,nadina,"NADINA: ipilimumab + nivolumab ×2, surgery, adjuvant therapy only without a major response",NADINA (NCCN-listed),skin,Stage III (lymph node involvement),n4,decision,Decision 1,,,,nadina:n4:decision_condition,decision_condition,N,,,,,,,,
49,5,nadina,"NADINA: ipilimumab + nivolumab ×2, surgery, adjuvant therapy only without a major response",NADINA (NCCN-listed),skin,Stage III (lymph node involvement),n4,decision,Decision 1,,,,nadina:n4:branch_set,branch_set,N,,,,,,,,
49,5,nadina,"NADINA: ipilimumab + nivolumab ×2, surgery, adjuvant therapy only without a major response",NADINA (NCCN-listed),skin,Stage III (lymph node involvement),n4.b0.n0,phase,Phase 2 (Surveillance; ongoing) [branch: Major response (10 percent or less living cancer)],Surveillance,ongoing,open-ended,nadina:n4.b0.n0:agents,agents,Y,,,,,,,,
49,5,nadina,"NADINA: ipilimumab + nivolumab ×2, surgery, adjuvant therapy only without a major response",NADINA (NCCN-listed),skin,Stage III (lymph node involvement),n4.b0.n0,phase,Phase 2 (Surveillance; ongoing) [branch: Major response (10 percent or less living cancer)],Surveillance,ongoing,open-ended,nadina:n4.b0.n0:frequency_text,frequency_text,N,,,,,,,,
49,5,nadina,"NADINA: ipilimumab + nivolumab ×2, surgery, adjuvant therapy only without a major response",NADINA (NCCN-listed),skin,Stage III (lymph node involvement),n4.b1.n0,phase,Phase 3 (Immunotherapy; cycles) [branch: Less than a major response],Immunotherapy,cycles,,nadina:n4.b1.n0:agents,agents,Y,,,,,,,,
49,5,nadina,"NADINA: ipilimumab + nivolumab ×2, surgery, adjuvant therapy only without a major response",NADINA (NCCN-listed),skin,Stage III (lymph node involvement),n4.b1.n0,phase,Phase 3 (Immunotherapy; cycles) [branch: Less than a major response],Immunotherapy,cycles,,nadina:n4.b1.n0:cycle_length,cycle_length,Y,,,,,,,,
49,5,nadina,"NADINA: ipilimumab + nivolumab ×2, surgery, adjuvant therapy only without a major response",NADINA (NCCN-listed),skin,Stage III (lymph node involvement),n4.b1.n0,phase,Phase 3 (Immunotherapy; cycles) [branch: Less than a major response],Immunotherapy,cycles,,nadina:n4.b1.n0:n_cycles,n_cycles,Y,,,,,,,,
49,5,nadina,"NADINA: ipilimumab + nivolumab ×2, surgery, adjuvant therapy only without a major response",NADINA (NCCN-listed),skin,Stage III (lymph node involvement),pathway,pathway,Sequence of steps,,,,nadina:pathway:sequence,sequence,N,,,,,,,,
50,5,s1801,"SWOG S1801: pembrolizumab ×3, surgery, pembrolizumab ×15",SWOG S1801,skin,Stage III (lymph node involvement),n0,phase,Phase 1 (Immunotherapy; cycles),Immunotherapy,cycles,,s1801:n0:agents,agents,Y,,,,,,,,
50,5,s1801,"SWOG S1801: pembrolizumab ×3, surgery, pembrolizumab ×15",SWOG S1801,skin,Stage III (lymph node involvement),n0,phase,Phase 1 (Immunotherapy; cycles),Immunotherapy,cycles,,s1801:n0:cycle_length,cycle_length,Y,,,,,,,,
50,5,s1801,"SWOG S1801: pembrolizumab ×3, surgery, pembrolizumab ×15",SWOG S1801,skin,Stage III (lymph node involvement),n0,phase,Phase 1 (Immunotherapy; cycles),Immunotherapy,cycles,,s1801:n0:n_cycles,n_cycles,Y,,,,,,,,
50,5,s1801,"SWOG S1801: pembrolizumab ×3, surgery, pembrolizumab ×15",SWOG S1801,skin,Stage III (lymph node involvement),n1,interval,Interval: Recovery before surgery,,,,s1801:n1:interval_duration,interval_duration,Y,,,,,,,,
50,5,s1801,"SWOG S1801: pembrolizumab ×3, surgery, pembrolizumab ×15",SWOG S1801,skin,Stage III (lymph node involvement),n2,procedure,Procedure (Surgery),Surgery,,,s1801:n2:procedure_identity,procedure_identity,N,,,,,,,,
50,5,s1801,"SWOG S1801: pembrolizumab ×3, surgery, pembrolizumab ×15",SWOG S1801,skin,Stage III (lymph node involvement),n3,interval,Interval: Healing after surgery,,,,s1801:n3:interval_duration,interval_duration,Y,,,,,,,,
50,5,s1801,"SWOG S1801: pembrolizumab ×3, surgery, pembrolizumab ×15",SWOG S1801,skin,Stage III (lymph node involvement),n4,phase,Phase 2 (Immunotherapy; cycles),Immunotherapy,cycles,,s1801:n4:agents,agents,Y,,,,,,,,
50,5,s1801,"SWOG S1801: pembrolizumab ×3, surgery, pembrolizumab ×15",SWOG S1801,skin,Stage III (lymph node involvement),n4,phase,Phase 2 (Immunotherapy; cycles),Immunotherapy,cycles,,s1801:n4:cycle_length,cycle_length,Y,,,,,,,,
50,5,s1801,"SWOG S1801: pembrolizumab ×3, surgery, pembrolizumab ×15",SWOG S1801,skin,Stage III (lymph node involvement),n4,phase,Phase 2 (Immunotherapy; cycles),Immunotherapy,cycles,,s1801:n4:n_cycles,n_cycles,Y,,,,,,,,
50,5,s1801,"SWOG S1801: pembrolizumab ×3, surgery, pembrolizumab ×15",SWOG S1801,skin,Stage III (lymph node involvement),n5,phase,Phase 3 (Surveillance; ongoing),Surveillance,ongoing,open-ended,s1801:n5:agents,agents,Y,,,,,,,,
50,5,s1801,"SWOG S1801: pembrolizumab ×3, surgery, pembrolizumab ×15",SWOG S1801,skin,Stage III (lymph node involvement),n5,phase,Phase 3 (Surveillance; ongoing),Surveillance,ongoing,open-ended,s1801:n5:frequency_text,frequency_text,N,,,,,,,,
50,5,s1801,"SWOG S1801: pembrolizumab ×3, surgery, pembrolizumab ×15",SWOG S1801,skin,Stage III (lymph node involvement),pathway,pathway,Sequence of steps,,,,s1801:pathway:sequence,sequence,N,,,,,,,,
51,6,combiad,"Surgery, then dabrafenib + trametinib for one year (BRAF V600)",COMBI-AD,skin,"Stage II to III, after surgery",n0,procedure,Procedure (Surgery),Surgery,,,combiad:n0:procedure_identity,procedure_identity,N,,,,,,,,
51,6,combiad,"Surgery, then dabrafenib + trametinib for one year (BRAF V600)",COMBI-AD,skin,"Stage II to III, after surgery",n1,interval,Interval: Healing after surgery,,,,combiad:n1:interval_duration,interval_duration,Y,,,,,,,,
51,6,combiad,"Surgery, then dabrafenib + trametinib for one year (BRAF V600)",COMBI-AD,skin,"Stage II to III, after surgery",n2,phase,Phase 1 (Targeted therapy; daily),Targeted therapy,daily,,combiad:n2:agents,agents,Y,,,,,,,,
51,6,combiad,"Surgery, then dabrafenib + trametinib for one year (BRAF V600)",COMBI-AD,skin,"Stage II to III, after surgery",n2,phase,Phase 1 (Targeted therapy; daily),Targeted therapy,daily,,combiad:n2:duration,duration,Y,,,,,,,,
51,6,combiad,"Surgery, then dabrafenib + trametinib for one year (BRAF V600)",COMBI-AD,skin,"Stage II to III, after surgery",n2,phase,Phase 1 (Targeted therapy; daily),Targeted therapy,daily,,combiad:n2:frequency_text,frequency_text,N,,,,,,,,
51,6,combiad,"Surgery, then dabrafenib + trametinib for one year (BRAF V600)",COMBI-AD,skin,"Stage II to III, after surgery",n3,phase,Phase 2 (Surveillance; ongoing),Surveillance,ongoing,open-ended,combiad:n3:agents,agents,Y,,,,,,,,
51,6,combiad,"Surgery, then dabrafenib + trametinib for one year (BRAF V600)",COMBI-AD,skin,"Stage II to III, after surgery",n3,phase,Phase 2 (Surveillance; ongoing),Surveillance,ongoing,open-ended,combiad:n3:frequency_text,frequency_text,N,,,,,,,,
51,6,combiad,"Surgery, then dabrafenib + trametinib for one year (BRAF V600)",COMBI-AD,skin,"Stage II to III, after surgery",pathway,pathway,Sequence of steps,,,,combiad:pathway:sequence,sequence,N,,,,,,,,
52,6,mel-adj-io,"Surgery, then adjuvant pembrolizumab (or nivolumab) for one year",KEYNOTE-054 / KEYNOTE-716 / CheckMate 238,skin,"Stage II to III, after surgery",n0,procedure,Procedure (Surgery),Surgery,,,mel-adj-io:n0:procedure_identity,procedure_identity,N,,,,,,,,
52,6,mel-adj-io,"Surgery, then adjuvant pembrolizumab (or nivolumab) for one year",KEYNOTE-054 / KEYNOTE-716 / CheckMate 238,skin,"Stage II to III, after surgery",n1,interval,Interval: Healing after surgery,,,,mel-adj-io:n1:interval_duration,interval_duration,Y,,,,,,,,
52,6,mel-adj-io,"Surgery, then adjuvant pembrolizumab (or nivolumab) for one year",KEYNOTE-054 / KEYNOTE-716 / CheckMate 238,skin,"Stage II to III, after surgery",n2,phase,Phase 1 (Immunotherapy; cycles),Immunotherapy,cycles,,mel-adj-io:n2:agents,agents,Y,,,,,,,,
52,6,mel-adj-io,"Surgery, then adjuvant pembrolizumab (or nivolumab) for one year",KEYNOTE-054 / KEYNOTE-716 / CheckMate 238,skin,"Stage II to III, after surgery",n2,phase,Phase 1 (Immunotherapy; cycles),Immunotherapy,cycles,,mel-adj-io:n2:cycle_length,cycle_length,Y,,,,,,,,
52,6,mel-adj-io,"Surgery, then adjuvant pembrolizumab (or nivolumab) for one year",KEYNOTE-054 / KEYNOTE-716 / CheckMate 238,skin,"Stage II to III, after surgery",n2,phase,Phase 1 (Immunotherapy; cycles),Immunotherapy,cycles,,mel-adj-io:n2:n_cycles,n_cycles,Y,,,,,,,,
52,6,mel-adj-io,"Surgery, then adjuvant pembrolizumab (or nivolumab) for one year",KEYNOTE-054 / KEYNOTE-716 / CheckMate 238,skin,"Stage II to III, after surgery",n3,phase,Phase 2 (Surveillance; ongoing),Surveillance,ongoing,open-ended,mel-adj-io:n3:agents,agents,Y,,,,,,,,
52,6,mel-adj-io,"Surgery, then adjuvant pembrolizumab (or nivolumab) for one year",KEYNOTE-054 / KEYNOTE-716 / CheckMate 238,skin,"Stage II to III, after surgery",n3,phase,Phase 2 (Surveillance; ongoing),Surveillance,ongoing,open-ended,mel-adj-io:n3:frequency_text,frequency_text,N,,,,,,,,
52,6,mel-adj-io,"Surgery, then adjuvant pembrolizumab (or nivolumab) for one year",KEYNOTE-054 / KEYNOTE-716 / CheckMate 238,skin,"Stage II to III, after surgery",pathway,pathway,Sequence of steps,,,,mel-adj-io:pathway:sequence,sequence,N,,,,,,,,
53,6,ruby,"Surgery, carboplatin + paclitaxel + dostarlimab ×6, then dostarlimab for up to 3 years (RUBY)",RUBY,gyn,Uterine and endometrial,n0,procedure,Procedure (Surgery),Surgery,,,ruby:n0:procedure_identity,procedure_identity,N,,,,,,,,
53,6,ruby,"Surgery, carboplatin + paclitaxel + dostarlimab ×6, then dostarlimab for up to 3 years (RUBY)",RUBY,gyn,Uterine and endometrial,n1,interval,Interval: Healing after surgery,,,,ruby:n1:interval_duration,interval_duration,Y,,,,,,,,
53,6,ruby,"Surgery, carboplatin + paclitaxel + dostarlimab ×6, then dostarlimab for up to 3 years (RUBY)",RUBY,gyn,Uterine and endometrial,n2,phase,Phase 1 (Chemotherapy; Immunotherapy; cycles),Chemotherapy; Immunotherapy,cycles,,ruby:n2:agents,agents,Y,,,,,,,,
53,6,ruby,"Surgery, carboplatin + paclitaxel + dostarlimab ×6, then dostarlimab for up to 3 years (RUBY)",RUBY,gyn,Uterine and endometrial,n2,phase,Phase 1 (Chemotherapy; Immunotherapy; cycles),Chemotherapy; Immunotherapy,cycles,,ruby:n2:cycle_length,cycle_length,Y,,,,,,,,
53,6,ruby,"Surgery, carboplatin + paclitaxel + dostarlimab ×6, then dostarlimab for up to 3 years (RUBY)",RUBY,gyn,Uterine and endometrial,n2,phase,Phase 1 (Chemotherapy; Immunotherapy; cycles),Chemotherapy; Immunotherapy,cycles,,ruby:n2:n_cycles,n_cycles,Y,,,,,,,,
53,6,ruby,"Surgery, carboplatin + paclitaxel + dostarlimab ×6, then dostarlimab for up to 3 years (RUBY)",RUBY,gyn,Uterine and endometrial,n3,phase,Phase 2 (Immunotherapy; cycles),Immunotherapy,cycles,,ruby:n3:agents,agents,Y,,,,,,,,
53,6,ruby,"Surgery, carboplatin + paclitaxel + dostarlimab ×6, then dostarlimab for up to 3 years (RUBY)",RUBY,gyn,Uterine and endometrial,n3,phase,Phase 2 (Immunotherapy; cycles),Immunotherapy,cycles,,ruby:n3:cycle_length,cycle_length,Y,,,,,,,,
53,6,ruby,"Surgery, carboplatin + paclitaxel + dostarlimab ×6, then dostarlimab for up to 3 years (RUBY)",RUBY,gyn,Uterine and endometrial,n3,phase,Phase 2 (Immunotherapy; cycles),Immunotherapy,cycles,,ruby:n3:n_cycles,n_cycles,Y,,,,,,,,
53,6,ruby,"Surgery, carboplatin + paclitaxel + dostarlimab ×6, then dostarlimab for up to 3 years (RUBY)",RUBY,gyn,Uterine and endometrial,n4,phase,Phase 3 (Surveillance; ongoing),Surveillance,ongoing,open-ended,ruby:n4:agents,agents,Y,,,,,,,,
53,6,ruby,"Surgery, carboplatin + paclitaxel + dostarlimab ×6, then dostarlimab for up to 3 years (RUBY)",RUBY,gyn,Uterine and endometrial,n4,phase,Phase 3 (Surveillance; ongoing),Surveillance,ongoing,open-ended,ruby:n4:frequency_text,frequency_text,N,,,,,,,,
53,6,ruby,"Surgery, carboplatin + paclitaxel + dostarlimab ×6, then dostarlimab for up to 3 years (RUBY)",RUBY,gyn,Uterine and endometrial,pathway,pathway,Sequence of steps,,,,ruby:pathway:sequence,sequence,N,,,,,,,,
54,6,portec2,"Surgery, then vaginal brachytherapy (PORTEC-2)",PORTEC-2,gyn,Uterine and endometrial,n0,procedure,Procedure (Surgery),Surgery,,,portec2:n0:procedure_identity,procedure_identity,N,,,,,,,,
54,6,portec2,"Surgery, then vaginal brachytherapy (PORTEC-2)",PORTEC-2,gyn,Uterine and endometrial,n1,interval,Interval: Healing after surgery,,,,portec2:n1:interval_duration,interval_duration,Y,,,,,,,,
54,6,portec2,"Surgery, then vaginal brachytherapy (PORTEC-2)",PORTEC-2,gyn,Uterine and endometrial,n2,phase,Phase 1 (Radiation; cycles),Radiation,cycles,,portec2:n2:agents,agents,Y,,,,,,,,
54,6,portec2,"Surgery, then vaginal brachytherapy (PORTEC-2)",PORTEC-2,gyn,Uterine and endometrial,n2,phase,Phase 1 (Radiation; cycles),Radiation,cycles,,portec2:n2:cycle_length,cycle_length,Y,,,,,,,,
54,6,portec2,"Surgery, then vaginal brachytherapy (PORTEC-2)",PORTEC-2,gyn,Uterine and endometrial,n2,phase,Phase 1 (Radiation; cycles),Radiation,cycles,,portec2:n2:n_cycles,n_cycles,Y,,,,,,,,
54,6,portec2,"Surgery, then vaginal brachytherapy (PORTEC-2)",PORTEC-2,gyn,Uterine and endometrial,n3,phase,Phase 2 (Surveillance; ongoing),Surveillance,ongoing,open-ended,portec2:n3:agents,agents,Y,,,,,,,,
54,6,portec2,"Surgery, then vaginal brachytherapy (PORTEC-2)",PORTEC-2,gyn,Uterine and endometrial,n3,phase,Phase 2 (Surveillance; ongoing),Surveillance,ongoing,open-ended,portec2:n3:frequency_text,frequency_text,N,,,,,,,,
54,6,portec2,"Surgery, then vaginal brachytherapy (PORTEC-2)",PORTEC-2,gyn,Uterine and endometrial,pathway,pathway,Sequence of steps,,,,portec2:pathway:sequence,sequence,N,,,,,,,,
55,6,ov-pds,"Surgery first, carboplatin + paclitaxel ×6, then maintenance by BRCA / HRD result",GOG-218 / SOLO-1 / PRIMA / PAOLA-1,gyn,Ovarian,n0,procedure,Procedure (Surgery),Surgery,,,ov-pds:n0:procedure_identity,procedure_identity,N,,,,,,,,
55,6,ov-pds,"Surgery first, carboplatin + paclitaxel ×6, then maintenance by BRCA / HRD result",GOG-218 / SOLO-1 / PRIMA / PAOLA-1,gyn,Ovarian,n1,interval,Interval: Healing after surgery,,,,ov-pds:n1:interval_duration,interval_duration,Y,,,,,,,,
55,6,ov-pds,"Surgery first, carboplatin + paclitaxel ×6, then maintenance by BRCA / HRD result",GOG-218 / SOLO-1 / PRIMA / PAOLA-1,gyn,Ovarian,n2,phase,Phase 1 (Chemotherapy; cycles),Chemotherapy,cycles,,ov-pds:n2:agents,agents,Y,,,,,,,,
55,6,ov-pds,"Surgery first, carboplatin + paclitaxel ×6, then maintenance by BRCA / HRD result",GOG-218 / SOLO-1 / PRIMA / PAOLA-1,gyn,Ovarian,n2,phase,Phase 1 (Chemotherapy; cycles),Chemotherapy,cycles,,ov-pds:n2:cycle_length,cycle_length,Y,,,,,,,,
55,6,ov-pds,"Surgery first, carboplatin + paclitaxel ×6, then maintenance by BRCA / HRD result",GOG-218 / SOLO-1 / PRIMA / PAOLA-1,gyn,Ovarian,n2,phase,Phase 1 (Chemotherapy; cycles),Chemotherapy,cycles,,ov-pds:n2:n_cycles,n_cycles,Y,,,,,,,,
55,6,ov-pds,"Surgery first, carboplatin + paclitaxel ×6, then maintenance by BRCA / HRD result",GOG-218 / SOLO-1 / PRIMA / PAOLA-1,gyn,Ovarian,n3,phase,Phase 2 (Targeted therapy; cycles),Targeted therapy,cycles,optional; off by default; concurrent,ov-pds:n3:agents,agents,Y,,,,,,,,
55,6,ov-pds,"Surgery first, carboplatin + paclitaxel ×6, then maintenance by BRCA / HRD result",GOG-218 / SOLO-1 / PRIMA / PAOLA-1,gyn,Ovarian,n3,phase,Phase 2 (Targeted therapy; cycles),Targeted therapy,cycles,optional; off by default; concurrent,ov-pds:n3:cycle_length,cycle_length,Y,,,,,,,,
55,6,ov-pds,"Surgery first, carboplatin + paclitaxel ×6, then maintenance by BRCA / HRD result",GOG-218 / SOLO-1 / PRIMA / PAOLA-1,gyn,Ovarian,n3,phase,Phase 2 (Targeted therapy; cycles),Targeted therapy,cycles,optional; off by default; concurrent,ov-pds:n3:n_cycles,n_cycles,Y,,,,,,,,
55,6,ov-pds,"Surgery first, carboplatin + paclitaxel ×6, then maintenance by BRCA / HRD result",GOG-218 / SOLO-1 / PRIMA / PAOLA-1,gyn,Ovarian,n4,decision,Decision 1,,,,ov-pds:n4:decision_condition,decision_condition,N,,,,,,,,
55,6,ov-pds,"Surgery first, carboplatin + paclitaxel ×6, then maintenance by BRCA / HRD result",GOG-218 / SOLO-1 / PRIMA / PAOLA-1,gyn,Ovarian,n4,decision,Decision 1,,,,ov-pds:n4:branch_set,branch_set,N,,,,,,,,
55,6,ov-pds,"Surgery first, carboplatin + paclitaxel ×6, then maintenance by BRCA / HRD result",GOG-218 / SOLO-1 / PRIMA / PAOLA-1,gyn,Ovarian,n4.b0.n0,phase,Phase 3 (Targeted therapy; daily) [branch: BRCA mutation or HRD-positive],Targeted therapy,daily,optional,ov-pds:n4.b0.n0:agents,agents,Y,,,,,,,,
55,6,ov-pds,"Surgery first, carboplatin + paclitaxel ×6, then maintenance by BRCA / HRD result",GOG-218 / SOLO-1 / PRIMA / PAOLA-1,gyn,Ovarian,n4.b0.n0,phase,Phase 3 (Targeted therapy; daily) [branch: BRCA mutation or HRD-positive],Targeted therapy,daily,optional,ov-pds:n4.b0.n0:duration,duration,Y,,,,,,,,
55,6,ov-pds,"Surgery first, carboplatin + paclitaxel ×6, then maintenance by BRCA / HRD result",GOG-218 / SOLO-1 / PRIMA / PAOLA-1,gyn,Ovarian,n4.b0.n1,phase,Phase 4 (Targeted therapy; daily) [branch: BRCA mutation or HRD-positive],Targeted therapy,daily,optional; off by default,ov-pds:n4.b0.n1:agents,agents,Y,,,,,,,,
55,6,ov-pds,"Surgery first, carboplatin + paclitaxel ×6, then maintenance by BRCA / HRD result",GOG-218 / SOLO-1 / PRIMA / PAOLA-1,gyn,Ovarian,n4.b0.n1,phase,Phase 4 (Targeted therapy; daily) [branch: BRCA mutation or HRD-positive],Targeted therapy,daily,optional; off by default,ov-pds:n4.b0.n1:duration,duration,Y,,,,,,,,
55,6,ov-pds,"Surgery first, carboplatin + paclitaxel ×6, then maintenance by BRCA / HRD result",GOG-218 / SOLO-1 / PRIMA / PAOLA-1,gyn,Ovarian,n4.b1.n0,phase,Phase 5 (Targeted therapy; cycles) [branch: No BRCA mutation and HRD-negative],Targeted therapy,cycles,optional; off by default,ov-pds:n4.b1.n0:agents,agents,Y,,,,,,,,
55,6,ov-pds,"Surgery first, carboplatin + paclitaxel ×6, then maintenance by BRCA / HRD result",GOG-218 / SOLO-1 / PRIMA / PAOLA-1,gyn,Ovarian,n4.b1.n0,phase,Phase 5 (Targeted therapy; cycles) [branch: No BRCA mutation and HRD-negative],Targeted therapy,cycles,optional; off by default,ov-pds:n4.b1.n0:cycle_length,cycle_length,Y,,,,,,,,
55,6,ov-pds,"Surgery first, carboplatin + paclitaxel ×6, then maintenance by BRCA / HRD result",GOG-218 / SOLO-1 / PRIMA / PAOLA-1,gyn,Ovarian,n4.b1.n0,phase,Phase 5 (Targeted therapy; cycles) [branch: No BRCA mutation and HRD-negative],Targeted therapy,cycles,optional; off by default,ov-pds:n4.b1.n0:n_cycles,n_cycles,Y,,,,,,,,
55,6,ov-pds,"Surgery first, carboplatin + paclitaxel ×6, then maintenance by BRCA / HRD result",GOG-218 / SOLO-1 / PRIMA / PAOLA-1,gyn,Ovarian,n4.b1.n1,phase,Phase 6 (Targeted therapy; daily) [branch: No BRCA mutation and HRD-negative],Targeted therapy,daily,optional; off by default,ov-pds:n4.b1.n1:agents,agents,Y,,,,,,,,
55,6,ov-pds,"Surgery first, carboplatin + paclitaxel ×6, then maintenance by BRCA / HRD result",GOG-218 / SOLO-1 / PRIMA / PAOLA-1,gyn,Ovarian,n4.b1.n1,phase,Phase 6 (Targeted therapy; daily) [branch: No BRCA mutation and HRD-negative],Targeted therapy,daily,optional; off by default,ov-pds:n4.b1.n1:duration,duration,Y,,,,,,,,
55,6,ov-pds,"Surgery first, carboplatin + paclitaxel ×6, then maintenance by BRCA / HRD result",GOG-218 / SOLO-1 / PRIMA / PAOLA-1,gyn,Ovarian,n4.b1.n2,phase,Phase 7 (Surveillance; ongoing) [branch: No BRCA mutation and HRD-negative],Surveillance,ongoing,open-ended,ov-pds:n4.b1.n2:agents,agents,Y,,,,,,,,
55,6,ov-pds,"Surgery first, carboplatin + paclitaxel ×6, then maintenance by BRCA / HRD result",GOG-218 / SOLO-1 / PRIMA / PAOLA-1,gyn,Ovarian,n4.b1.n2,phase,Phase 7 (Surveillance; ongoing) [branch: No BRCA mutation and HRD-negative],Surveillance,ongoing,open-ended,ov-pds:n4.b1.n2:frequency_text,frequency_text,N,,,,,,,,
55,6,ov-pds,"Surgery first, carboplatin + paclitaxel ×6, then maintenance by BRCA / HRD result",GOG-218 / SOLO-1 / PRIMA / PAOLA-1,gyn,Ovarian,pathway,pathway,Sequence of steps,,,,ov-pds:pathway:sequence,sequence,N,,,,,,,,
56,6,usc-her2,"Surgery, carboplatin + paclitaxel + trastuzumab ×6, then trastuzumab maintenance (HER2-positive uterine serous)",Fader randomized phase II (NCT01367002),gyn,Uterine and endometrial,n0,procedure,Procedure (Surgery),Surgery,,,usc-her2:n0:procedure_identity,procedure_identity,N,,,,,,,,
56,6,usc-her2,"Surgery, carboplatin + paclitaxel + trastuzumab ×6, then trastuzumab maintenance (HER2-positive uterine serous)",Fader randomized phase II (NCT01367002),gyn,Uterine and endometrial,n1,interval,Interval: Healing after surgery,,,,usc-her2:n1:interval_duration,interval_duration,Y,,,,,,,,
56,6,usc-her2,"Surgery, carboplatin + paclitaxel + trastuzumab ×6, then trastuzumab maintenance (HER2-positive uterine serous)",Fader randomized phase II (NCT01367002),gyn,Uterine and endometrial,n2,phase,Phase 1 (Chemotherapy; Targeted therapy; cycles),Chemotherapy; Targeted therapy,cycles,,usc-her2:n2:agents,agents,Y,,,,,,,,
56,6,usc-her2,"Surgery, carboplatin + paclitaxel + trastuzumab ×6, then trastuzumab maintenance (HER2-positive uterine serous)",Fader randomized phase II (NCT01367002),gyn,Uterine and endometrial,n2,phase,Phase 1 (Chemotherapy; Targeted therapy; cycles),Chemotherapy; Targeted therapy,cycles,,usc-her2:n2:cycle_length,cycle_length,Y,,,,,,,,
56,6,usc-her2,"Surgery, carboplatin + paclitaxel + trastuzumab ×6, then trastuzumab maintenance (HER2-positive uterine serous)",Fader randomized phase II (NCT01367002),gyn,Uterine and endometrial,n2,phase,Phase 1 (Chemotherapy; Targeted therapy; cycles),Chemotherapy; Targeted therapy,cycles,,usc-her2:n2:n_cycles,n_cycles,Y,,,,,,,,
56,6,usc-her2,"Surgery, carboplatin + paclitaxel + trastuzumab ×6, then trastuzumab maintenance (HER2-positive uterine serous)",Fader randomized phase II (NCT01367002),gyn,Uterine and endometrial,n3,phase,Phase 2 (Targeted therapy; ongoing),Targeted therapy,ongoing,open-ended,usc-her2:n3:agents,agents,Y,,,,,,,,
56,6,usc-her2,"Surgery, carboplatin + paclitaxel + trastuzumab ×6, then trastuzumab maintenance (HER2-positive uterine serous)",Fader randomized phase II (NCT01367002),gyn,Uterine and endometrial,n3,phase,Phase 2 (Targeted therapy; ongoing),Targeted therapy,ongoing,open-ended,usc-her2:n3:frequency_text,frequency_text,N,,,,,,,,
56,6,usc-her2,"Surgery, carboplatin + paclitaxel + trastuzumab ×6, then trastuzumab maintenance (HER2-positive uterine serous)",Fader randomized phase II (NCT01367002),gyn,Uterine and endometrial,pathway,pathway,Sequence of steps,,,,usc-her2:pathway:sequence,sequence,N,,,,,,,,
57,6,gog258,"Surgery, then carboplatin + paclitaxel ×6 (GOG-258)",GOG-258,gyn,Uterine and endometrial,n0,procedure,Procedure (Surgery),Surgery,,,gog258:n0:procedure_identity,procedure_identity,N,,,,,,,,
57,6,gog258,"Surgery, then carboplatin + paclitaxel ×6 (GOG-258)",GOG-258,gyn,Uterine and endometrial,n1,interval,Interval: Healing after surgery,,,,gog258:n1:interval_duration,interval_duration,Y,,,,,,,,
57,6,gog258,"Surgery, then carboplatin + paclitaxel ×6 (GOG-258)",GOG-258,gyn,Uterine and endometrial,n2,phase,Phase 1 (Chemotherapy; cycles),Chemotherapy,cycles,,gog258:n2:agents,agents,Y,,,,,,,,
57,6,gog258,"Surgery, then carboplatin + paclitaxel ×6 (GOG-258)",GOG-258,gyn,Uterine and endometrial,n2,phase,Phase 1 (Chemotherapy; cycles),Chemotherapy,cycles,,gog258:n2:cycle_length,cycle_length,Y,,,,,,,,
57,6,gog258,"Surgery, then carboplatin + paclitaxel ×6 (GOG-258)",GOG-258,gyn,Uterine and endometrial,n2,phase,Phase 1 (Chemotherapy; cycles),Chemotherapy,cycles,,gog258:n2:n_cycles,n_cycles,Y,,,,,,,,
57,6,gog258,"Surgery, then carboplatin + paclitaxel ×6 (GOG-258)",GOG-258,gyn,Uterine and endometrial,n3,phase,Phase 2 (Radiation; cycles),Radiation,cycles,optional; off by default,gog258:n3:agents,agents,Y,,,,,,,,
57,6,gog258,"Surgery, then carboplatin + paclitaxel ×6 (GOG-258)",GOG-258,gyn,Uterine and endometrial,n3,phase,Phase 2 (Radiation; cycles),Radiation,cycles,optional; off by default,gog258:n3:cycle_length,cycle_length,Y,,,,,,,,
57,6,gog258,"Surgery, then carboplatin + paclitaxel ×6 (GOG-258)",GOG-258,gyn,Uterine and endometrial,n3,phase,Phase 2 (Radiation; cycles),Radiation,cycles,optional; off by default,gog258:n3:n_cycles,n_cycles,Y,,,,,,,,
57,6,gog258,"Surgery, then carboplatin + paclitaxel ×6 (GOG-258)",GOG-258,gyn,Uterine and endometrial,n4,phase,Phase 3 (Surveillance; ongoing),Surveillance,ongoing,open-ended,gog258:n4:agents,agents,Y,,,,,,,,
57,6,gog258,"Surgery, then carboplatin + paclitaxel ×6 (GOG-258)",GOG-258,gyn,Uterine and endometrial,n4,phase,Phase 3 (Surveillance; ongoing),Surveillance,ongoing,open-ended,gog258:n4:frequency_text,frequency_text,N,,,,,,,,
57,6,gog258,"Surgery, then carboplatin + paclitaxel ×6 (GOG-258)",GOG-258,gyn,Uterine and endometrial,pathway,pathway,Sequence of steps,,,,gog258:pathway:sequence,sequence,N,,,,,,,,
58,6,ov-nact,"Carboplatin + paclitaxel ×3, interval debulking surgery, ×3 more, then maintenance by BRCA / HRD result",EORTC 55971 / CHORUS,gyn,Ovarian,n0,phase,Phase 1 (Chemotherapy; cycles),Chemotherapy,cycles,,ov-nact:n0:agents,agents,Y,,,,,,,,
58,6,ov-nact,"Carboplatin + paclitaxel ×3, interval debulking surgery, ×3 more, then maintenance by BRCA / HRD result",EORTC 55971 / CHORUS,gyn,Ovarian,n0,phase,Phase 1 (Chemotherapy; cycles),Chemotherapy,cycles,,ov-nact:n0:cycle_length,cycle_length,Y,,,,,,,,
58,6,ov-nact,"Carboplatin + paclitaxel ×3, interval debulking surgery, ×3 more, then maintenance by BRCA / HRD result",EORTC 55971 / CHORUS,gyn,Ovarian,n0,phase,Phase 1 (Chemotherapy; cycles),Chemotherapy,cycles,,ov-nact:n0:n_cycles,n_cycles,Y,,,,,,,,
58,6,ov-nact,"Carboplatin + paclitaxel ×3, interval debulking surgery, ×3 more, then maintenance by BRCA / HRD result",EORTC 55971 / CHORUS,gyn,Ovarian,n1,procedure,Procedure (Surgery),Surgery,,,ov-nact:n1:procedure_identity,procedure_identity,N,,,,,,,,
58,6,ov-nact,"Carboplatin + paclitaxel ×3, interval debulking surgery, ×3 more, then maintenance by BRCA / HRD result",EORTC 55971 / CHORUS,gyn,Ovarian,n2,interval,Interval: Healing after surgery,,,,ov-nact:n2:interval_duration,interval_duration,Y,,,,,,,,
58,6,ov-nact,"Carboplatin + paclitaxel ×3, interval debulking surgery, ×3 more, then maintenance by BRCA / HRD result",EORTC 55971 / CHORUS,gyn,Ovarian,n3,phase,Phase 2 (Chemotherapy; cycles),Chemotherapy,cycles,,ov-nact:n3:agents,agents,Y,,,,,,,,
58,6,ov-nact,"Carboplatin + paclitaxel ×3, interval debulking surgery, ×3 more, then maintenance by BRCA / HRD result",EORTC 55971 / CHORUS,gyn,Ovarian,n3,phase,Phase 2 (Chemotherapy; cycles),Chemotherapy,cycles,,ov-nact:n3:cycle_length,cycle_length,Y,,,,,,,,
58,6,ov-nact,"Carboplatin + paclitaxel ×3, interval debulking surgery, ×3 more, then maintenance by BRCA / HRD result",EORTC 55971 / CHORUS,gyn,Ovarian,n3,phase,Phase 2 (Chemotherapy; cycles),Chemotherapy,cycles,,ov-nact:n3:n_cycles,n_cycles,Y,,,,,,,,
58,6,ov-nact,"Carboplatin + paclitaxel ×3, interval debulking surgery, ×3 more, then maintenance by BRCA / HRD result",EORTC 55971 / CHORUS,gyn,Ovarian,n4,phase,Phase 3 (Targeted therapy; cycles),Targeted therapy,cycles,optional; off by default; concurrent,ov-nact:n4:agents,agents,Y,,,,,,,,
58,6,ov-nact,"Carboplatin + paclitaxel ×3, interval debulking surgery, ×3 more, then maintenance by BRCA / HRD result",EORTC 55971 / CHORUS,gyn,Ovarian,n4,phase,Phase 3 (Targeted therapy; cycles),Targeted therapy,cycles,optional; off by default; concurrent,ov-nact:n4:cycle_length,cycle_length,Y,,,,,,,,
58,6,ov-nact,"Carboplatin + paclitaxel ×3, interval debulking surgery, ×3 more, then maintenance by BRCA / HRD result",EORTC 55971 / CHORUS,gyn,Ovarian,n4,phase,Phase 3 (Targeted therapy; cycles),Targeted therapy,cycles,optional; off by default; concurrent,ov-nact:n4:n_cycles,n_cycles,Y,,,,,,,,
58,6,ov-nact,"Carboplatin + paclitaxel ×3, interval debulking surgery, ×3 more, then maintenance by BRCA / HRD result",EORTC 55971 / CHORUS,gyn,Ovarian,n5,decision,Decision 1,,,,ov-nact:n5:decision_condition,decision_condition,N,,,,,,,,
58,6,ov-nact,"Carboplatin + paclitaxel ×3, interval debulking surgery, ×3 more, then maintenance by BRCA / HRD result",EORTC 55971 / CHORUS,gyn,Ovarian,n5,decision,Decision 1,,,,ov-nact:n5:branch_set,branch_set,N,,,,,,,,
58,6,ov-nact,"Carboplatin + paclitaxel ×3, interval debulking surgery, ×3 more, then maintenance by BRCA / HRD result",EORTC 55971 / CHORUS,gyn,Ovarian,n5.b0.n0,phase,Phase 4 (Targeted therapy; daily) [branch: BRCA mutation or HRD-positive],Targeted therapy,daily,optional,ov-nact:n5.b0.n0:agents,agents,Y,,,,,,,,
58,6,ov-nact,"Carboplatin + paclitaxel ×3, interval debulking surgery, ×3 more, then maintenance by BRCA / HRD result",EORTC 55971 / CHORUS,gyn,Ovarian,n5.b0.n0,phase,Phase 4 (Targeted therapy; daily) [branch: BRCA mutation or HRD-positive],Targeted therapy,daily,optional,ov-nact:n5.b0.n0:duration,duration,Y,,,,,,,,
58,6,ov-nact,"Carboplatin + paclitaxel ×3, interval debulking surgery, ×3 more, then maintenance by BRCA / HRD result",EORTC 55971 / CHORUS,gyn,Ovarian,n5.b0.n1,phase,Phase 5 (Targeted therapy; daily) [branch: BRCA mutation or HRD-positive],Targeted therapy,daily,optional; off by default,ov-nact:n5.b0.n1:agents,agents,Y,,,,,,,,
58,6,ov-nact,"Carboplatin + paclitaxel ×3, interval debulking surgery, ×3 more, then maintenance by BRCA / HRD result",EORTC 55971 / CHORUS,gyn,Ovarian,n5.b0.n1,phase,Phase 5 (Targeted therapy; daily) [branch: BRCA mutation or HRD-positive],Targeted therapy,daily,optional; off by default,ov-nact:n5.b0.n1:duration,duration,Y,,,,,,,,
58,6,ov-nact,"Carboplatin + paclitaxel ×3, interval debulking surgery, ×3 more, then maintenance by BRCA / HRD result",EORTC 55971 / CHORUS,gyn,Ovarian,n5.b1.n0,phase,Phase 6 (Targeted therapy; cycles) [branch: No BRCA mutation and HRD-negative],Targeted therapy,cycles,optional; off by default,ov-nact:n5.b1.n0:agents,agents,Y,,,,,,,,
58,6,ov-nact,"Carboplatin + paclitaxel ×3, interval debulking surgery, ×3 more, then maintenance by BRCA / HRD result",EORTC 55971 / CHORUS,gyn,Ovarian,n5.b1.n0,phase,Phase 6 (Targeted therapy; cycles) [branch: No BRCA mutation and HRD-negative],Targeted therapy,cycles,optional; off by default,ov-nact:n5.b1.n0:cycle_length,cycle_length,Y,,,,,,,,
58,6,ov-nact,"Carboplatin + paclitaxel ×3, interval debulking surgery, ×3 more, then maintenance by BRCA / HRD result",EORTC 55971 / CHORUS,gyn,Ovarian,n5.b1.n0,phase,Phase 6 (Targeted therapy; cycles) [branch: No BRCA mutation and HRD-negative],Targeted therapy,cycles,optional; off by default,ov-nact:n5.b1.n0:n_cycles,n_cycles,Y,,,,,,,,
58,6,ov-nact,"Carboplatin + paclitaxel ×3, interval debulking surgery, ×3 more, then maintenance by BRCA / HRD result",EORTC 55971 / CHORUS,gyn,Ovarian,n5.b1.n1,phase,Phase 7 (Targeted therapy; daily) [branch: No BRCA mutation and HRD-negative],Targeted therapy,daily,optional; off by default,ov-nact:n5.b1.n1:agents,agents,Y,,,,,,,,
58,6,ov-nact,"Carboplatin + paclitaxel ×3, interval debulking surgery, ×3 more, then maintenance by BRCA / HRD result",EORTC 55971 / CHORUS,gyn,Ovarian,n5.b1.n1,phase,Phase 7 (Targeted therapy; daily) [branch: No BRCA mutation and HRD-negative],Targeted therapy,daily,optional; off by default,ov-nact:n5.b1.n1:duration,duration,Y,,,,,,,,
58,6,ov-nact,"Carboplatin + paclitaxel ×3, interval debulking surgery, ×3 more, then maintenance by BRCA / HRD result",EORTC 55971 / CHORUS,gyn,Ovarian,n5.b1.n2,phase,Phase 8 (Surveillance; ongoing) [branch: No BRCA mutation and HRD-negative],Surveillance,ongoing,open-ended,ov-nact:n5.b1.n2:agents,agents,Y,,,,,,,,
58,6,ov-nact,"Carboplatin + paclitaxel ×3, interval debulking surgery, ×3 more, then maintenance by BRCA / HRD result",EORTC 55971 / CHORUS,gyn,Ovarian,n5.b1.n2,phase,Phase 8 (Surveillance; ongoing) [branch: No BRCA mutation and HRD-negative],Surveillance,ongoing,open-ended,ov-nact:n5.b1.n2:frequency_text,frequency_text,N,,,,,,,,
58,6,ov-nact,"Carboplatin + paclitaxel ×3, interval debulking surgery, ×3 more, then maintenance by BRCA / HRD result",EORTC 55971 / CHORUS,gyn,Ovarian,pathway,pathway,Sequence of steps,,,,ov-nact:pathway:sequence,sequence,N,,,,,,,,
59,6,gy018,"Surgery, carboplatin + paclitaxel + pembrolizumab ×6, then pembrolizumab maintenance (NRG-GY018)",NRG-GY018,gyn,Uterine and endometrial,n0,procedure,Procedure (Surgery),Surgery,,,gy018:n0:procedure_identity,procedure_identity,N,,,,,,,,
59,6,gy018,"Surgery, carboplatin + paclitaxel + pembrolizumab ×6, then pembrolizumab maintenance (NRG-GY018)",NRG-GY018,gyn,Uterine and endometrial,n1,interval,Interval: Healing after surgery,,,,gy018:n1:interval_duration,interval_duration,Y,,,,,,,,
59,6,gy018,"Surgery, carboplatin + paclitaxel + pembrolizumab ×6, then pembrolizumab maintenance (NRG-GY018)",NRG-GY018,gyn,Uterine and endometrial,n2,phase,Phase 1 (Chemotherapy; Immunotherapy; cycles),Chemotherapy; Immunotherapy,cycles,,gy018:n2:agents,agents,Y,,,,,,,,
59,6,gy018,"Surgery, carboplatin + paclitaxel + pembrolizumab ×6, then pembrolizumab maintenance (NRG-GY018)",NRG-GY018,gyn,Uterine and endometrial,n2,phase,Phase 1 (Chemotherapy; Immunotherapy; cycles),Chemotherapy; Immunotherapy,cycles,,gy018:n2:cycle_length,cycle_length,Y,,,,,,,,
59,6,gy018,"Surgery, carboplatin + paclitaxel + pembrolizumab ×6, then pembrolizumab maintenance (NRG-GY018)",NRG-GY018,gyn,Uterine and endometrial,n2,phase,Phase 1 (Chemotherapy; Immunotherapy; cycles),Chemotherapy; Immunotherapy,cycles,,gy018:n2:n_cycles,n_cycles,Y,,,,,,,,
59,6,gy018,"Surgery, carboplatin + paclitaxel + pembrolizumab ×6, then pembrolizumab maintenance (NRG-GY018)",NRG-GY018,gyn,Uterine and endometrial,n3,phase,Phase 2 (Immunotherapy; cycles),Immunotherapy,cycles,,gy018:n3:agents,agents,Y,,,,,,,,
59,6,gy018,"Surgery, carboplatin + paclitaxel + pembrolizumab ×6, then pembrolizumab maintenance (NRG-GY018)",NRG-GY018,gyn,Uterine and endometrial,n3,phase,Phase 2 (Immunotherapy; cycles),Immunotherapy,cycles,,gy018:n3:cycle_length,cycle_length,Y,,,,,,,,
59,6,gy018,"Surgery, carboplatin + paclitaxel + pembrolizumab ×6, then pembrolizumab maintenance (NRG-GY018)",NRG-GY018,gyn,Uterine and endometrial,n3,phase,Phase 2 (Immunotherapy; cycles),Immunotherapy,cycles,,gy018:n3:n_cycles,n_cycles,Y,,,,,,,,
59,6,gy018,"Surgery, carboplatin + paclitaxel + pembrolizumab ×6, then pembrolizumab maintenance (NRG-GY018)",NRG-GY018,gyn,Uterine and endometrial,n4,phase,Phase 3 (Surveillance; ongoing),Surveillance,ongoing,open-ended,gy018:n4:agents,agents,Y,,,,,,,,
59,6,gy018,"Surgery, carboplatin + paclitaxel + pembrolizumab ×6, then pembrolizumab maintenance (NRG-GY018)",NRG-GY018,gyn,Uterine and endometrial,n4,phase,Phase 3 (Surveillance; ongoing),Surveillance,ongoing,open-ended,gy018:n4:frequency_text,frequency_text,N,,,,,,,,
59,6,gy018,"Surgery, carboplatin + paclitaxel + pembrolizumab ×6, then pembrolizumab maintenance (NRG-GY018)",NRG-GY018,gyn,Uterine and endometrial,pathway,pathway,Sequence of steps,,,,gy018:pathway:sequence,sequence,N,,,,,,,,
60,6,portec3,"Surgery, radiation with cisplatin, then carboplatin + paclitaxel ×4 (PORTEC-3)",PORTEC-3,gyn,Uterine and endometrial,n0,procedure,Procedure (Surgery),Surgery,,,portec3:n0:procedure_identity,procedure_identity,N,,,,,,,,
60,6,portec3,"Surgery, radiation with cisplatin, then carboplatin + paclitaxel ×4 (PORTEC-3)",PORTEC-3,gyn,Uterine and endometrial,n1,interval,Interval: Healing after surgery,,,,portec3:n1:interval_duration,interval_duration,Y,,,,,,,,
60,6,portec3,"Surgery, radiation with cisplatin, then carboplatin + paclitaxel ×4 (PORTEC-3)",PORTEC-3,gyn,Uterine and endometrial,n2,phase,Phase 1 (Radiation; Chemotherapy; weekdays),Radiation; Chemotherapy,weekdays,,portec3:n2:agents,agents,Y,,,,,,,,
60,6,portec3,"Surgery, radiation with cisplatin, then carboplatin + paclitaxel ×4 (PORTEC-3)",PORTEC-3,gyn,Uterine and endometrial,n2,phase,Phase 1 (Radiation; Chemotherapy; weekdays),Radiation; Chemotherapy,weekdays,,portec3:n2:duration,duration,Y,,,,,,,,
60,6,portec3,"Surgery, radiation with cisplatin, then carboplatin + paclitaxel ×4 (PORTEC-3)",PORTEC-3,gyn,Uterine and endometrial,n3,interval,Interval: Recovery,,,,portec3:n3:interval_duration,interval_duration,Y,,,,,,,,
60,6,portec3,"Surgery, radiation with cisplatin, then carboplatin + paclitaxel ×4 (PORTEC-3)",PORTEC-3,gyn,Uterine and endometrial,n4,phase,Phase 2 (Chemotherapy; cycles),Chemotherapy,cycles,,portec3:n4:agents,agents,Y,,,,,,,,
60,6,portec3,"Surgery, radiation with cisplatin, then carboplatin + paclitaxel ×4 (PORTEC-3)",PORTEC-3,gyn,Uterine and endometrial,n4,phase,Phase 2 (Chemotherapy; cycles),Chemotherapy,cycles,,portec3:n4:cycle_length,cycle_length,Y,,,,,,,,
60,6,portec3,"Surgery, radiation with cisplatin, then carboplatin + paclitaxel ×4 (PORTEC-3)",PORTEC-3,gyn,Uterine and endometrial,n4,phase,Phase 2 (Chemotherapy; cycles),Chemotherapy,cycles,,portec3:n4:n_cycles,n_cycles,Y,,,,,,,,
60,6,portec3,"Surgery, radiation with cisplatin, then carboplatin + paclitaxel ×4 (PORTEC-3)",PORTEC-3,gyn,Uterine and endometrial,n5,phase,Phase 3 (Surveillance; ongoing),Surveillance,ongoing,open-ended,portec3:n5:agents,agents,Y,,,,,,,,
60,6,portec3,"Surgery, radiation with cisplatin, then carboplatin + paclitaxel ×4 (PORTEC-3)",PORTEC-3,gyn,Uterine and endometrial,n5,phase,Phase 3 (Surveillance; ongoing),Surveillance,ongoing,open-ended,portec3:n5:frequency_text,frequency_text,N,,,,,,,,
60,6,portec3,"Surgery, radiation with cisplatin, then carboplatin + paclitaxel ×4 (PORTEC-3)",PORTEC-3,gyn,Uterine and endometrial,pathway,pathway,Sequence of steps,,,,portec3:pathway:sequence,sequence,N,,,,,,,,
